1579104000000,7.2927,7.1682,7.1682,7.2927,281.45495445
1579104060000,7.25,7.1766,7.25,7.1766,111.18227196
1579104180000,7.14,7.1341,7.14,7.1341,206.00600601
1579104240000,7.1641,7.1244,7.1307,7.1244,356.36047785
1579104300000,7.1766,7.0973,7.1766,7.0975,174.0074894
1579104360000,7.1631,7.1198,7.1198,7.163,149.81530976
1579104420000,7.1462,7.144,7.1462,7.144,99.809295
1579104480000,7.2645,7.1911,7.1911,7.2639,1140.58421476
1579104540000,7.4454,7.2751,7.2751,7.4288,2966.29133003
1579104600000,7.4396,7.3652,7.3959,7.4396,1515.34282864
1579104660000,7.5311,7.4259,7.4259,7.5311,2468.248
1579104720000,7.4444,7.4444,7.4444,7.4444,150
1579104780000,7.4395,7.4262,7.4357,7.4395,405.68471568
1579104840000,7.434,7.434,7.434,7.434,2
1579104900000,7.407,7.407,7.407,7.407,2
1579104960000,7.4728,7.4146,7.4146,7.4728,4
1579105080000,7.5,7.488,7.488,7.5,12
1579105140000,7.4982,7.4982,7.4982,7.4982,2
1579105200000,7.5098,7.5014,7.5014,7.5098,27.917
1579105320000,7.4689,7.4203,7.4615,7.4689,560.38882707
1579105380000,7.5024,7.4435,7.4435,7.4834,410.52077567
1579105440000,7.4747,7.4747,7.4747,7.4747,21
1579105500000,7.5046,7.482,7.482,7.5046,28.71570859
1579105560000,7.4936,7.4936,7.4936,7.4936,25
1579105620000,7.501,7.5009,7.5009,7.501,4
1579105680000,7.5132,7.51,7.51,7.5132,1021.59043121
1579105740000,7.5425,7.5194,7.5194,7.5425,161.55611616
1579105800000,7.5425,7.49,7.5392,7.5425,335.3654865
1579105860000,7.5751,7.5432,7.5432,7.5751,6.56281876
1579105920000,7.6003,7.5303,7.5878,7.5303,1451.88938205
1579105980000,7.5786,7.528,7.5345,7.575,56.97365656
1579106040000,7.5932,7.5864,7.5932,7.5864,52.74622672
1579106160000,7.6,7.6,7.6,7.6,2
1579106220000,7.6259,7.6013,7.6013,7.6237,496.24548
1579106280000,7.666,7.63,7.63,7.6605,177.687765
1579106340000,7.717,7.6442,7.6442,7.717,2102
1579106400000,7.725,7.6465,7.6465,7.725,2119.87955781
1579106520000,7.684,7.6824,7.684,7.6824,50
1579106580000,7.6174,7.6137,7.6174,7.6137,13.84
1579106640000,7.6616,7.6271,7.6271,7.6616,54.48209864
1579106700000,7.6434,7.6261,7.6432,7.6261,33.17513168
1579106760000,7.6335,7.6333,7.6333,7.6335,29.14022103
1579106820000,7.5883,7.53,7.5883,7.5711,193.35599195
1579106880000,7.5727,7.5727,7.5727,7.5727,90
1579106940000,7.6783,7.6172,7.6172,7.6783,105.84176859
1579107000000,7.6247,7.6247,7.6247,7.6247,50
1579107180000,7.6039,7.6039,7.6039,7.6039,26.21946
1579107240000,7.5889,7.5312,7.5889,7.5312,52.83769654
1579107360000,7.5615,7.5615,7.5615,7.5615,5
1579107420000,7.522,7.522,7.522,7.522,800
1579107540000,7.57,7.5433,7.57,7.5433,45.371498
1579107600000,7.5719,7.5719,7.5719,7.5719,26.5037083
1579107660000,7.572,7.572,7.572,7.572,7.9749
1579107780000,7.522,7.4905,7.522,7.4905,2062.48127081
1579107840000,7.5153,7.4939,7.5153,7.4939,37.52001
1579107900000,7.4939,7.4939,7.4939,7.4939,2.42292302
1579107960000,7.4941,7.4885,7.4941,7.4885,1000
1579108020000,7.488,7.488,7.488,7.488,26.64278
1579108260000,7.52,7.5171,7.5171,7.52,31.67369854
1579108320000,7.596,7.5499,7.5499,7.596,1264.1777933
1579108380000,7.596,7.5673,7.5694,7.596,406.89649812
1579108500000,7.629,7.629,7.629,7.629,35.96156055
1579108560000,7.6191,7.5684,7.6191,7.5684,1418.833212
1579108620000,7.6119,7.5689,7.5689,7.6119,590.611871
1579108680000,7.6193,7.6077,7.6132,7.61,1510.15989412
1579108740000,7.5888,7.5886,7.5888,7.5886,200
1579108800000,7.6193,7.5888,7.61,7.6193,446.4801733
1579108860000,7.6193,7.6193,7.6193,7.6193,116.33904487
1579108980000,7.6023,7.6023,7.6023,7.6023,26.20836508
1579109040000,7.5638,7.5637,7.5638,7.5637,335.43653218
1579109280000,7.5639,7.5637,7.5639,7.5637,43.77203263
1579109340000,7.5637,7.5489,7.5637,7.5489,15
1579109460000,7.5492,7.548,7.5492,7.548,143.8026
1579109640000,7.5499,7.5493,7.5499,7.5493,37.62271
1579109700000,7.55,7.55,7.55,7.55,100
1579110000000,7.5305,7.509,7.5305,7.509,146.12438903
1579110240000,7.5079,7.5079,7.5079,7.5079,2
1579110300000,7.5079,7.5079,7.5079,7.5079,2.4975
1579110420000,7.5081,7.5081,7.5081,7.5081,839
1579110600000,7.5164,7.516,7.5164,7.516,333.3975116
1579110660000,7.5151,7.5151,7.5151,7.5151,26.60603
1579110720000,7.5081,7.4757,7.5081,7.4757,339.26389877
1579110840000,7.482,7.482,7.482,7.482,2
1579111200000,7.4802,7.4394,7.4801,7.4776,235.02330077
1579111260000,7.4701,7.4701,7.4701,7.4701,2
1579111320000,7.4782,7.463,7.4782,7.463,13.44272903
1579111440000,7.4847,7.4757,7.4847,7.4757,18.77682
1579111560000,7.477,7.477,7.477,7.477,2
1579111620000,7.4401,7.439,7.4401,7.439,106.32479293
1579111680000,7.4525,7.4525,7.4525,7.4525,2
1579111740000,7.4424,7.41,7.4424,7.4101,146.03196933
1579111860000,7.4184,7.4183,7.4183,7.4184,165.26937733
1579111920000,7.413,7.4077,7.413,7.4077,128.00512
1579111980000,7.3955,7.38,7.3955,7.38,74
1579112040000,7.4004,7.4004,7.4004,7.4004,2
1579112100000,7.4095,7.3803,7.3803,7.4095,29.30539501
1579112340000,7.4035,7.4035,7.4035,7.4035,2
1579112460000,7.4183,7.4183,7.4183,7.4183,15
1579112580000,7.3902,7.3902,7.3902,7.3902,4.94
1579112640000,7.3955,7.3951,7.3955,7.3951,134.43837
1579112700000,7.3951,7.3791,7.3951,7.3791,141.52476403
1579112760000,7.3674,7.35,7.3674,7.35,57.11188891
1579112820000,7.3688,7.3316,7.3575,7.3316,240.95449421
1579112880000,7.3564,7.3222,7.3222,7.3564,102
1579112940000,7.3261,7.325,7.3261,7.325,135
1579113120000,7.3798,7.3798,7.3798,7.3798,27.1714291
1579113300000,7.4148,7.3648,7.3656,7.4148,692
1579113360000,7.4257,7.4183,7.4183,7.4257,246.72256081
1579113420000,7.446,7.446,7.446,7.446,9.81563079
1579113480000,7.446,7.4276,7.4276,7.446,28.8736981
1579113540000,7.4629,7.4423,7.4423,7.4629,28.85918819
1579113600000,7.5027,7.4655,7.4655,7.5027,355.65031234
1579113660000,7.4997,7.4698,7.4698,7.4997,55.46604559
1579113840000,7.4683,7.4683,7.4683,7.4683,2
1579113960000,7.4626,7.4471,7.4626,7.4471,38.98334
1579114020000,7.4473,7.4349,7.4473,7.4349,75.02490976
1579114080000,7.4437,7.4437,7.4437,7.4437,26.89618394
1579114200000,7.4465,7.4465,7.4465,7.4465,26.82997
1579114320000,7.4039,7.4039,7.4039,7.4039,50
1579114440000,7.4053,7.4053,7.4053,7.4053,26.9105
1579114560000,7.3958,7.3958,7.3958,7.3958,26.95219175
1579114620000,7.4067,7.4067,7.4067,7.4067,3.92
1579114680000,7.4153,7.4153,7.4153,7.4153,26.9294
1579114740000,7.4133,7.3973,7.4033,7.3973,565.27408275
1579114800000,7.4242,7.4068,7.4068,7.4242,1591.85802776
1579114860000,7.4215,7.4072,7.4215,7.4166,113.75961239
1579114920000,7.4556,7.4247,7.4247,7.4556,82.11580145
1579115040000,7.4705,7.4695,7.4695,7.4705,28.8027301
1579115220000,7.47,7.47,7.47,7.47,10
1579115280000,7.4726,7.4726,7.4726,7.4726,3.96422008
1579115520000,7.4991,7.492,7.492,7.4991,80
1579115640000,7.5,7.499,7.499,7.5,141.25593553
1579115760000,7.5335,7.5009,7.5009,7.5335,55.23675152
1579115820000,7.5394,7.5394,7.5394,7.5394,250
1579115880000,7.5612,7.5612,7.5612,7.5612,26.48563418
1579115940000,7.5399,7.5344,7.5344,7.5399,28.54283396
1579116000000,7.5407,7.5398,7.5398,7.5407,14.124
1579116060000,7.5878,7.5853,7.5853,7.5878,28.88533621
1579116180000,7.5786,7.5429,7.5561,7.5786,302.29527441
1579116300000,7.5741,7.5276,7.5741,7.5276,30.15760678
1579116720000,7.5715,7.5715,7.5715,7.5715,763.54705543
1579116840000,7.5641,7.5641,7.5641,7.5641,205.960757
1579116900000,7.5641,7.564,7.564,7.5641,54.9283395
1579116960000,7.5641,7.5641,7.5641,7.5641,38.26323304
1579117200000,7.5751,7.564,7.564,7.5751,32.767637
1579117320000,7.5782,7.577,7.5782,7.5771,59.5907211
1579117380000,7.5801,7.5796,7.5796,7.58,272.26257953
1579117440000,7.5595,7.5576,7.5595,7.5576,152.86888404
1579117500000,7.5783,7.5763,7.5763,7.5783,290.34264379
1579117560000,7.5904,7.5832,7.5832,7.5904,300
1579117680000,7.611,7.579,7.579,7.611,24.84066678
1579117740000,7.611,7.611,7.611,7.611,63.99608526
1579117800000,7.611,7.611,7.611,7.611,23.16324796
1579117980000,7.5977,7.5964,7.5977,7.5964,103
1579118040000,7.6242,7.5988,7.5988,7.6242,30
1579118160000,7.6242,7.6242,7.6242,7.6242,152.59702974
1579118220000,7.6242,7.6242,7.6242,7.6242,319.40297026
1579118280000,7.6515,7.6513,7.6513,7.6515,20
1579118340000,7.6297,7.6277,7.6297,7.6277,50
1579118400000,7.6296,7.6296,7.6296,7.6296,23.178
1579118460000,7.6301,7.6301,7.6301,7.6301,2.43332217
1579118520000,7.6227,7.6227,7.6227,7.6227,50
1579118640000,7.6099,7.6099,7.6099,7.6099,11.00585375
1579118760000,7.5925,7.5891,7.5925,7.5891,52.63388472
1579118820000,7.5723,7.5723,7.5723,7.5723,20
1579118880000,7.5724,7.5723,7.5724,7.5723,26.38248
1579118940000,7.5751,7.5747,7.5751,7.5747,100
1579119120000,7.6131,7.5977,7.5977,7.6131,30
1579119240000,7.5801,7.5801,7.5801,7.5801,26.30724254
1579119300000,7.5622,7.5622,7.5622,7.5622,20
1579119360000,7.5903,7.5622,7.5622,7.5903,30.57945646
1579119420000,7.5621,7.5621,7.5621,7.5621,26.36375479
1579119540000,7.533,7.5157,7.533,7.5157,52.96300897
1579119720000,7.5004,7.5004,7.5004,7.5004,26.61477
1579119780000,7.4815,7.4814,7.4814,7.4815,46.8828
1579120260000,7.5,7.489,7.489,7.5,45.6913295
1579120320000,7.5236,7.5236,7.5236,7.5236,20
1579120680000,7.5833,7.5541,7.5541,7.5833,28.50462513
1579120740000,7.5833,7.5833,7.5833,7.5833,24.47920599
1579120800000,7.5398,7.5398,7.5398,7.5398,26.33484994
1579120860000,7.5397,7.5397,7.5397,7.5397,29.021
1579121340000,7.539,7.539,7.539,7.539,316.05674288
1579121460000,7.5548,7.5548,7.5548,7.5548,26.51787397
1579121520000,7.577,7.577,7.577,7.577,26.49876958
1579121580000,7.58,7.58,7.58,7.58,112.0815277
1579122000000,7.5376,7.5375,7.5376,7.5375,51.99289253
1579122060000,7.5377,7.5374,7.5374,7.5377,256.03829311
1579122120000,7.5597,7.5596,7.5596,7.5597,86.50037854
1579122240000,7.5285,7.5285,7.5285,7.5285,49.935734
1579122540000,7.5932,7.5714,7.5714,7.5932,299.32882034
1579122660000,7.5603,7.5601,7.5603,7.5603,60
1579122720000,7.5933,7.5602,7.5603,7.5608,311.47977141
1579122780000,7.5609,7.5608,7.5608,7.5609,30
1579122840000,7.5925,7.5843,7.5843,7.5925,130
1579122900000,7.6234,7.5913,7.5913,7.6234,254.58914748
1579123020000,7.5834,7.5773,7.5773,7.5834,29
1579123080000,7.59,7.59,7.59,7.59,246.3811803
1579123140000,7.6,7.59,7.59,7.59,1373.69760181
1579123200000,7.6085,7.5644,7.59,7.5644,223.58710871
1579123260000,7.5851,7.5606,7.5644,7.5606,328.36918838
1579123320000,7.5605,7.5458,7.5605,7.5458,126.47945665
1579123560000,7.5392,7.5392,7.5392,7.5392,0.00159389
1579123620000,7.5445,7.5385,7.5385,7.5437,520
1579123680000,7.5213,7.5213,7.5213,7.5213,20
1579123740000,7.5329,7.5329,7.5329,7.5329,4
1579123920000,7.5,7.4587,7.5,7.4587,83.38500551
1579123980000,7.4657,7.4657,7.4657,7.4657,9.35391193
1579124040000,7.4613,7.4613,7.4613,7.4613,2
1579124160000,7.4684,7.4539,7.4684,7.4539,72.31423846
1579124220000,7.448,7.448,7.448,7.448,5
1579124280000,7.4392,7.4392,7.4392,7.4392,19.1161
1579124340000,7.4525,7.439,7.4525,7.439,55.74998909
1579124400000,7.4512,7.4512,7.4512,7.4512,21.388
1579124460000,7.4661,7.4661,7.4661,7.4661,26.83515112
1579124520000,7.4738,7.4738,7.4738,7.4738,26.8027317
1579124760000,7.49,7.4832,7.4832,7.49,29.2520331
1579124880000,7.538,7.5132,7.5132,7.538,53.30008754
1579125060000,7.5308,7.5308,7.5308,7.5308,86.61673223
1579125240000,7.5449,7.541,7.541,7.5449,84
1579125600000,7.5448,7.5448,7.5448,7.5448,3
1579125720000,7.5453,7.5382,7.5382,7.5453,30.522
1579125780000,7.5452,7.5452,7.5452,7.5452,41.3645
1579125840000,7.5495,7.5495,7.5495,7.5495,2
1579126080000,7.5446,7.5442,7.5446,7.5443,25.55424837
1579126260000,7.5453,7.5453,7.5453,7.5453,5
1579126320000,7.55,7.55,7.55,7.55,9.128877
1579126560000,7.554,7.5462,7.5462,7.554,87.1082062
1579126800000,7.5631,7.563,7.5631,7.563,31.537
1579126860000,7.6242,7.5849,7.5849,7.6242,869.56710888
1579126920000,7.6242,7.6242,7.6242,7.6242,257.59283727
1579126980000,7.6737,7.6269,7.6378,7.6575,856.35258536
1579127040000,7.6646,7.6575,7.6606,7.6646,8
1579127100000,7.7309,7.6715,7.6873,7.6775,2047.90338146
1579127160000,7.6872,7.6764,7.6775,7.6872,80.942
1579127220000,7.6872,7.6676,7.6872,7.6676,28
1579127280000,7.6676,7.6676,7.6676,7.6676,55.44722795
1579127520000,7.6456,7.6262,7.6456,7.6262,4.009942
1579127580000,7.6465,7.6465,7.6465,7.6465,25.75988654
1579127640000,7.6784,7.6358,7.6358,7.6358,66
1579127700000,7.6786,7.6407,7.6409,7.6786,108
1579127760000,7.6468,7.6468,7.6468,7.6468,6
1579127820000,7.6468,7.6468,7.6468,7.6468,2
1579127880000,7.6977,7.6976,7.6976,7.6977,88
1579127940000,7.7081,7.6716,7.6716,7.7081,20.675182
1579128000000,7.7127,7.6998,7.7081,7.7078,54.3328
1579128060000,7.742,7.7397,7.7397,7.742,500
1579128240000,7.7463,7.74,7.74,7.7463,2350
1579128300000,7.7998,7.7498,7.7498,7.7977,2702.47324178
1579128360000,7.8233,7.8,7.8,7.8233,2374.80951238
1579128420000,7.7773,7.7772,7.7773,7.7772,34.61448975
1579128480000,7.7888,7.7627,7.7884,7.7627,345.14677266
1579128540000,7.8048,7.7801,7.8046,7.7801,25
1579128660000,7.9488,7.8392,7.8392,7.9032,32762.36833651
1579128720000,7.9902,7.93,7.9476,7.93,4136.11780424
1579128840000,7.967,7.9637,7.9637,7.967,76.4235458
1579128900000,8,7.9726,7.9941,8,361.59886218
1579128960000,8.1,8,8,8.0999,8014.40099757
1579129020000,8.1,7.986,8.1,8.0032,3365.74471519
1579129080000,8.1,8.0251,8.0251,8.1,1037.1437
1579129140000,8.1,8.0694,8.1,8.07,546.0472135
1579129200000,8.0998,8.0469,8.0998,8.0566,940.92769465
1579129260000,8.0819,8.0586,8.0586,8.0629,143.00328748
1579129320000,8.063,7.9839,8.063,8.0034,615.89485157
1579129380000,8.0086,8.0086,8.0086,8.0086,34.672528
1579129440000,8.0189,8.004,8.0189,8.004,411.86066722
1579129500000,8.032,8.0052,8.0053,8.0095,628
1579129560000,8,7.9866,7.9868,8,549.590757
1579129620000,8.0259,7.9909,7.9909,8.0259,222.00282154
1579129680000,8.05,8.0259,8.0259,8.05,276.9953059
1579129740000,8.0437,8.0047,8.0048,8.0113,2251.72058688
1579129800000,8.0554,8.0554,8.0554,8.0554,24.88712143
1579129860000,8.0425,8.0425,8.0425,8.0425,2.19286033
1579129920000,8.0685,8.0314,8.0327,8.0685,506.29620411
1579129980000,8.0628,8.0627,8.0627,8.0628,90
1579130160000,7.9902,7.9572,7.9902,7.9583,47.28466445
1579130220000,7.99,7.974,7.99,7.974,100
1579130340000,7.9615,7.933,7.9615,7.933,154.42734753
1579130400000,7.9371,7.8515,7.8945,7.9062,313.41528984
1579130460000,7.9618,7.8983,7.9618,7.8983,512.7308
1579130520000,7.9001,7.8978,7.9001,7.8978,200
1579130580000,7.9298,7.877,7.8938,7.9298,380.61714639
1579130640000,7.9034,7.8895,7.8897,7.9034,242.458468
1579130700000,7.9586,7.9093,7.9585,7.9145,402
1579130760000,7.9112,7.911,7.9112,7.9111,202.01126887
1579130820000,7.9132,7.911,7.9111,7.911,368.553496
1579130940000,7.9183,7.9183,7.9183,7.9183,6.84422696
1579131000000,7.9784,7.9522,7.9522,7.9784,110
1579131120000,7.9129,7.9127,7.9128,7.9128,100
1579131180000,7.916,7.9038,7.916,7.9038,179.29367468
1579131240000,7.8906,7.8905,7.8906,7.8905,100
1579131300000,7.8801,7.88,7.8801,7.88,20
1579131360000,7.88,7.88,7.88,7.88,8.86412561
1579131480000,7.8296,7.8296,7.8296,7.8296,38
1579131540000,7.8298,7.8071,7.8298,7.8071,1046
1579131600000,7.8146,7.8081,7.8081,7.8146,40.594
1579131660000,7.885,7.885,7.885,7.885,60
1579131720000,7.8857,7.8276,7.8854,7.8857,420
1579131960000,7.8681,7.8425,7.8425,7.8681,55.50422507
1579132140000,7.8429,7.8429,7.8429,7.8429,40
1579132260000,7.8616,7.8616,7.8616,7.8616,25.51813275
1579132320000,7.9202,7.8702,7.8702,7.9202,138.91920002
1579132380000,7.923,7.9138,7.9138,7.923,50.66724891
1579132500000,7.9713,7.9037,7.9316,7.9713,207.44104139
1579132560000,7.9696,7.9696,7.9696,7.9696,25.17197234
1579132620000,8.0154,7.9798,7.9798,8,340.07293174
1579132740000,8.0008,7.9969,7.9975,7.9969,503.22
1579132860000,8.0041,7.9958,7.9958,8.0041,67.10538507
1579132920000,8.0142,8.0142,8.0142,8.0142,2.49557036
1579132980000,8.0524,8.0142,8.0142,8.0524,1336.46310615
1579133040000,8.0998,8.08,8.08,8.0998,1000
1579133160000,8.0567,8.05,8.0567,8.0532,117.71420991
1579133220000,8.0734,8.0459,8.0483,8.0734,454.17262439
1579133280000,8.0997,8.08,8.08,8.0997,19.14632666
1579133340000,8.1,8.0972,8.1,8.1,372.73974049
1579133400000,8.1441,8.1,8.1,8.1441,1565.26240847
1579133460000,8.0596,8.0596,8.0596,8.0596,8.64918296
1579133580000,8.0466,8.0185,8.0263,8.0185,113
1579133640000,8.0438,8.0293,8.0438,8.0293,49.66029789
1579133700000,8.004,8.003,8.004,8.003,26.89726306
1579133760000,7.9849,7.9462,7.9849,7.9462,234.11818513
1579133820000,7.9662,7.9662,7.9662,7.9662,3
1579134000000,7.9516,7.9516,7.9516,7.9516,23.70337903
1579134060000,7.9494,7.8623,7.9494,7.8623,124.55172719
1579134120000,7.8634,7.825,7.8628,7.825,307.01674722
1579134180000,7.8476,7.8335,7.8476,7.8335,100
1579134240000,7.7798,7.7599,7.7798,7.7599,316
1579134300000,7.8068,7.7768,7.7768,7.8,608.0052
1579134420000,7.7918,7.7917,7.7918,7.7917,112
1579134480000,7.7482,7.6617,7.7482,7.6617,405.30962301
1579134540000,7.7902,7.6449,7.6517,7.7182,672.16284016
1579134600000,7.7479,7.6731,7.6731,7.7479,300
1579134660000,7.7837,7.7837,7.7837,7.7837,25.76593556
1579134720000,7.8206,7.7841,7.7845,7.8206,130.68123624
1579134780000,7.8621,7.8157,7.8558,7.8157,82.43529614
1579134900000,7.8269,7.711,7.8268,7.711,136.90373
1579135080000,7.7845,7.7844,7.7844,7.7845,60
1579135140000,7.7343,7.7343,7.7343,7.7343,13.77050619
1579135200000,7.771,7.7326,7.7326,7.771,100
1579135260000,7.7711,7.7186,7.7711,7.7186,25.28698683
1579135800000,7.7735,7.7702,7.7702,7.7711,800
1579135920000,7.7663,7.7663,7.7663,7.7663,25.81848
1579136100000,7.7822,7.7822,7.7822,7.7822,14.59849302
1579136340000,7.7686,7.7686,7.7686,7.7686,2
1579136520000,7.769,7.769,7.769,7.769,0.8246502
1579136640000,7.7804,7.7804,7.7804,7.7804,25.75170879
1579136760000,7.7809,7.7442,7.7809,7.7442,67.66988284
1579136820000,7.7167,7.7163,7.7167,7.7163,22.5974026
1579137000000,7.7007,7.699,7.7007,7.699,109.07199927
1579137060000,7.6606,7.6523,7.6606,7.6523,115
1579137360000,7.6958,7.6958,7.6958,7.6958,1
1579137420000,7.6276,7.5795,7.6276,7.5795,310.84926855
1579137540000,7.6151,7.6132,7.6132,7.6151,350
1579137600000,7.5623,7.531,7.5623,7.531,379.90882331
1579137660000,7.531,7.439,7.531,7.439,339.50440903
1579137720000,7.4515,7.4515,7.4515,7.4515,1.8456201
1579137780000,7.47,7.47,7.47,7.47,504
1579137840000,7.4726,7.4103,7.4726,7.4103,31.02063037
1579137900000,7.4297,7.3833,7.4103,7.4297,1233.6748014
1579137960000,7.5049,7.4571,7.5049,7.4992,714.688
1579138020000,7.4831,7.4831,7.4831,7.4831,2
1579138080000,7.5214,7.46,7.46,7.5214,137.21605447
1579138140000,7.4891,7.4891,7.4891,7.4891,0.997337
1579138260000,7.4691,7.4662,7.4691,7.4662,99.808
1579138500000,7.4682,7.4615,7.4682,7.4615,928.21407081
1579138620000,7.4295,7.4295,7.4295,7.4295,2
1579138680000,7.4166,7.4085,7.4085,7.4166,112.9433201
1579138740000,7.3572,7.3375,7.3572,7.3375,72.54718739
1579138800000,7.3969,7.3447,7.3958,7.3447,276.9376
1579138860000,7.3965,7.3842,7.3965,7.3842,67.56782713
1579138920000,7.3945,7.31,7.3945,7.31,1000.33805146
1579138980000,7.365,7.3626,7.3626,7.365,200
1579139040000,7.3553,7.3553,7.3553,7.3553,2
1579139220000,7.4839,7.3934,7.4004,7.4679,826.4792123
1579139280000,7.4829,7.4637,7.4638,7.4829,108.10589
1579139340000,7.4805,7.4804,7.4804,7.4805,32.45431588
1579139400000,7.4646,7.4413,7.4646,7.4413,2.8
1579139520000,7.4686,7.4555,7.4619,7.4555,349.44388739
1579139700000,7.4593,7.4593,7.4593,7.4593,96.31537798
1579139760000,7.4639,7.4639,7.4639,7.4639,2
1579139820000,7.4883,7.4701,7.4701,7.4882,151.81881233
1579139880000,7.4948,7.4948,7.4948,7.4948,1.5
1579140000000,7.4948,7.4897,7.4948,7.4897,15.636
1579140060000,7.4339,7.4338,7.4339,7.4338,36.38408306
1579140180000,7.4323,7.4313,7.4323,7.4313,26.9137144
1579140240000,7.4082,7.4077,7.4082,7.4077,26.97425338
1579140480000,7.4695,7.4691,7.4695,7.4691,14.1532015
1579140540000,7.4783,7.4783,7.4783,7.4783,4.95627872
1579140600000,7.532,7.5,7.5,7.532,414.4883776
1579140660000,7.5484,7.5361,7.5458,7.5361,1053.54143663
1579140720000,7.5517,7.5342,7.5342,7.5517,146.5572875
1579140780000,7.57,7.5571,7.5571,7.57,168.89806456
1579140840000,7.5857,7.5601,7.5601,7.5857,3
1579140900000,7.5878,7.5857,7.5857,7.5878,72.1447131
1579141020000,7.5648,7.5648,7.5648,7.5648,1.23258933
1579141080000,7.5741,7.5576,7.5601,7.5741,113.48640061
1579141200000,7.6085,7.6085,7.6085,7.6085,109.37232469
1579141260000,7.6085,7.6085,7.6085,7.6085,5.2634
1579141320000,7.6085,7.6085,7.6085,7.6085,2
1579141380000,7.592,7.592,7.592,7.592,2
1579141440000,7.5921,7.5694,7.5921,7.5846,566.32580324
1579141500000,7.5456,7.512,7.5456,7.512,100
1579141620000,7.5138,7.4803,7.5138,7.4803,53.09553529
1579141740000,7.5089,7.5089,7.5089,7.5089,3
1579141920000,7.541,7.5263,7.5263,7.541,100
1579142040000,7.5285,7.5285,7.5285,7.5285,2
1579142280000,7.4871,7.4861,7.4871,7.4861,37.05856514
1579142340000,7.4978,7.4674,7.4676,7.4978,40.71561898
1579142400000,7.5269,7.5269,7.5269,7.5269,0.9
1579142460000,7.4954,7.49,7.4954,7.49,100
1579142520000,7.486,7.486,7.486,7.486,1.01518544
1579142580000,7.5008,7.5008,7.5008,7.5008,26.69826884
1579142640000,7.4861,7.4852,7.4861,7.4852,62.77343695
1579142880000,7.4812,7.4701,7.4707,7.4704,64.22986667
1579142940000,7.4611,7.4609,7.4611,7.4609,28.79680103
1579143000000,7.4505,7.4505,7.4505,7.4505,2
1579143060000,7.4401,7.439,7.4392,7.4401,80.66620641
1579143180000,7.4561,7.4561,7.4561,7.4561,2
1579143240000,7.4562,7.4561,7.4562,7.4561,4.06
1579143420000,7.4412,7.42,7.4303,7.4412,77.5428033
1579143480000,7.4344,7.4201,7.4344,7.4201,28.87229131
1579143540000,7.4282,7.4282,7.4282,7.4282,0.00002516
1579143660000,7.42,7.3956,7.42,7.3956,140.95509792
1579143720000,7.3956,7.3372,7.3956,7.3372,124.12737428
1579143840000,7.3874,7.3415,7.3415,7.3874,47.268958
1579143900000,7.3918,7.36,7.3642,7.3918,585.41062527
1579143960000,7.3918,7.3918,7.3918,7.3918,86.2134717
1579144020000,7.387,7.387,7.387,7.387,17.76809418
1579144080000,7.3926,7.3926,7.3926,7.3926,2
1579144140000,7.4,7.3875,7.4,7.3875,115.21528683
1579144260000,7.3715,7.3715,7.3715,7.3715,6.45411086
1579144320000,7.3624,7.3586,7.3624,7.3586,6
1579144440000,7.3338,7.31,7.3338,7.31,10.84422696
1579144500000,7.3245,7.3245,7.3245,7.3245,2
1579144560000,7.38,7.3799,7.3799,7.38,234.27154087
1579144680000,7.3867,7.3867,7.3867,7.3867,2.923
1579144740000,7.3951,7.3951,7.3951,7.3951,23.575
1579144800000,7.3865,7.3706,7.3706,7.3865,49.73880364
1579144860000,7.4046,7.4046,7.4046,7.4046,27.0412154
1579144980000,7.4298,7.4247,7.4248,7.4298,200
1579145220000,7.3945,7.3515,7.3945,7.3515,1540.86798312
1579145280000,7.3788,7.3788,7.3788,7.3788,1.3603
1579145340000,7.3274,7.3265,7.3274,7.3265,126
1579145520000,7.3465,7.3465,7.3465,7.3465,1.32470197
1579145580000,7.3982,7.3851,7.3851,7.3982,29.12700037
1579145700000,7.4308,7.4308,7.4308,7.4308,6.20455387
1579145820000,7.4294,7.4159,7.4159,7.4294,164.83962577
1579145880000,7.4295,7.4295,7.4295,7.4295,26.97756591
1579145940000,7.4497,7.4349,7.4349,7.4497,28.86635643
1579146000000,7.4429,7.4387,7.4388,7.4429,47.57548534
1579146060000,7.4596,7.4358,7.4358,7.4596,28.86559209
1579146120000,7.4758,7.4444,7.4444,7.4758,28.83458631
1579146480000,7.416,7.416,7.416,7.416,5
1579146720000,7.4144,7.4137,7.4137,7.4144,1.97693898
1579147140000,7.4677,7.4677,7.4677,7.4677,2
1579147200000,7.4838,7.4838,7.4838,7.4838,1.568
1579147260000,7.468,7.4259,7.4655,7.4259,1693
1579147320000,7.4636,7.426,7.4629,7.4312,1187.57712306
1579147380000,7.4315,7.4296,7.4314,7.4315,785.02853941
1579147440000,7.414,7.414,7.414,7.414,26.89326704
1579147620000,7.4013,7.4013,7.4013,7.4013,0.87575903
1579147800000,7.4573,7.4531,7.4531,7.4573,53.72061902
1579147860000,7.465,7.465,7.465,7.465,2
1579147920000,7.511,7.4965,7.4965,7.511,126.74820255
1579147980000,7.5349,7.53,7.53,7.5349,1899.85616995
1579148040000,7.5518,7.4998,7.4998,7.5499,159
1579148100000,7.5874,7.55,7.55,7.5874,205
1579148160000,7.5407,7.5407,7.5407,7.5407,2
1579148220000,7.5878,7.5504,7.5504,7.5878,560.07531674
1579148280000,7.5898,7.5,7.5898,7.5451,9154.29124548
1579148340000,7.5753,7.5632,7.5748,7.5632,393.07661514
1579148400000,7.5539,7.5535,7.5535,7.5539,19.9335
1579148460000,7.5633,7.5633,7.5633,7.5633,2
1579148580000,7.5412,7.5412,7.5412,7.5412,26.4799007
1579148640000,7.5115,7.5,7.5115,7.5,256.5985519
1579148700000,7.5,7.5,7.5,7.5,0.66589322
1579148760000,7.4787,7.4787,7.4787,7.4787,26.69719668
1579148820000,7.5248,7.5036,7.5036,7.5248,393.52039088
1579148880000,7.5187,7.5187,7.5187,7.5187,1.41332973
1579148940000,7.5367,7.5367,7.5367,7.5367,26.5789891
1579149000000,7.5591,7.5444,7.5511,7.5444,217.78273032
1579149120000,7.5468,7.5468,7.5468,7.5468,26.50689511
1579149180000,7.5482,7.5452,7.5466,7.5482,453.81094079
1579149240000,7.6,7.582,7.582,7.6,1843.36241319
1579149300000,7.6,7.6,7.6,7.6,299.63458074
1579149360000,7.5754,7.5754,7.5754,7.5754,2
1579149660000,7.576,7.5753,7.5753,7.576,38.03875923
1579149720000,7.5804,7.5804,7.5804,7.5804,2
1579149780000,7.5746,7.5746,7.5746,7.5746,0.83427654
1579149960000,7.539,7.539,7.539,7.539,26.4750307
1579150080000,7.502,7.502,7.502,7.502,1.25142994
1579150320000,7.5527,7.5519,7.5519,7.5527,50
1579150860000,7.5572,7.5525,7.5525,7.555,30
1579150920000,7.5674,7.5674,7.5674,7.5674,8.1
1579150980000,7.5444,7.5444,7.5444,7.5444,0.85532054
1579151100000,7.5698,7.5698,7.5698,7.5698,5
1579151760000,7.5048,7.5048,7.5048,7.5048,26.60844851
1579151880000,7.5151,7.5151,7.5151,7.5151,50
1579151940000,7.5155,7.5154,7.5155,7.5154,417.04414473
1579152180000,7.5803,7.549,7.549,7.5803,139.8018
1579152300000,7.5569,7.5569,7.5569,7.5569,20
1579152360000,7.5588,7.5557,7.5588,7.5557,250
1579152660000,7.5786,7.5775,7.5776,7.5786,618.96263257
1579152720000,7.6,7.6,7.6,7.6,130.27024173
1579152780000,7.6,7.5824,7.5824,7.6,31.64412739
1579152840000,7.5976,7.5976,7.5976,7.5976,8
1579153380000,7.5706,7.5706,7.5706,7.5706,26.35009215
1579153440000,7.5705,7.5705,7.5705,7.5705,12.337
1579153620000,7.6143,7.6,7.6,7.6143,1134.81320265
1579153680000,7.6143,7.6143,7.6143,7.6143,1.61742671
1579153860000,7.672,7.6429,7.6429,7.672,224.72393015
1579153920000,7.7,7.7,7.7,7.7,1455.70995477
1579153980000,7.7,7.7,7.7,7.7,306
1579154040000,7.7,7.7,7.7,7.7,137.37221295
1579154100000,7.6956,7.6661,7.6661,7.6956,111.74242424
1579154160000,7.6759,7.6759,7.6759,7.6759,13.23145246
1579154280000,7.6585,7.6585,7.6585,7.6585,180.94879235
1579154400000,7.6446,7.6437,7.6437,7.6446,18.5702
1579154880000,7.6366,7.6366,7.6366,7.6366,1.22128852
1579154940000,7.6366,7.61,7.6366,7.61,28.94396794
1579155000000,7.61,7.6,7.6099,7.6,549.71280827
1579155060000,7.5725,7.5496,7.5725,7.5497,152.78465312
1579155120000,7.5469,7.5469,7.5469,7.5469,5
1579155180000,7.5584,7.5584,7.5584,7.5584,1.24008763
1579155420000,7.6,7.5987,7.5987,7.6,279.53352009
1579155480000,7.62,7.6095,7.6099,7.6095,35.56926433
1579155600000,7.6094,7.6094,7.6094,7.6094,10.229
1579155660000,7.6421,7.617,7.617,7.6345,192.52649428
1579155720000,7.6493,7.6493,7.6493,7.6493,16.78333072
1579155780000,7.6571,7.6571,7.6571,7.6571,5.19919968
1579156080000,7.6777,7.6776,7.6777,7.6776,48.32537716
1579156260000,7.6777,7.6777,7.6777,7.6777,26.00481165
1579156500000,7.693,7.693,7.693,7.693,10
1579156620000,7.6677,7.6676,7.6677,7.6676,82.93780318
1579156680000,7.667,7.667,7.667,7.667,32.26055539
1579156860000,7.6721,7.6669,7.6669,7.6721,183.1490045
1579156920000,7.6847,7.6847,7.6847,7.6847,2
1579157040000,7.7,7.6997,7.6997,7.7,578.18747147
1579157880000,7.6847,7.6847,7.6847,7.6847,25.97214128
1579158060000,7.6487,7.6487,7.6487,7.6487,26.1123967
1579158120000,7.6393,7.6276,7.6393,7.6276,68.30639287
1579158180000,7.627,7.6112,7.6113,7.627,62.09209724
1579158300000,7.6297,7.6297,7.6297,7.6297,26.12589999
1579158360000,7.6104,7.6104,7.6104,7.6104,26.20244232
1579158420000,7.6109,7.5875,7.6109,7.59,102
1579158480000,7.5909,7.5909,7.5909,7.5909,26.32161748
1579158540000,7.571,7.571,7.571,7.571,26.34513712
1579158720000,7.582,7.582,7.582,7.582,20
1579158780000,7.5599,7.5599,7.5599,7.5599,1.5
1579158840000,7.6066,7.6066,7.6066,7.6066,5
1579159020000,7.5701,7.5701,7.5701,7.5701,8
1579159080000,7.5701,7.5582,7.5701,7.5582,34.42311962
1579159140000,7.5332,7.5093,7.5324,7.5263,215.32947515
1579159200000,7.5492,7.5457,7.5492,7.5457,15.6
1579159500000,7.5306,7.5306,7.5306,7.5306,94.91509159
1579159560000,7.5085,7.5005,7.5085,7.5006,102.68042737
1579159680000,7.4969,7.4714,7.4879,7.4714,70.99250189
1579160160000,7.5234,7.5234,7.5234,7.5234,50
1579160460000,7.515,7.4859,7.515,7.4859,48.3833062
1579160640000,7.4858,7.4858,7.4858,7.4858,3.56266187
1579160700000,7.523,7.523,7.523,7.523,26.6372324
1579160820000,7.5474,7.5454,7.5474,7.5454,36.60888984
1579160880000,7.5294,7.5294,7.5294,7.5294,0.94609735
1579160940000,7.5646,7.5646,7.5646,7.5646,26.50247387
1579161300000,7.5598,7.5598,7.5598,7.5598,6.05934
1579161540000,7.5769,7.5769,7.5769,7.5769,26.45488632
1579161600000,7.5856,7.5768,7.5768,7.5856,311.051
1579161660000,7.6058,7.5999,7.5999,7.6058,31.31881207
1579161720000,7.6084,7.5972,7.5972,7.6083,176.95342808
1579161840000,7.6035,7.6035,7.6035,7.6035,2
1579162440000,7.5829,7.5829,7.5829,7.5829,53.43630122
1579162680000,7.5885,7.5885,7.5885,7.5885,12.5
1579162740000,7.6215,7.6215,7.6215,7.6215,7.24845357
1579162800000,7.6181,7.618,7.6181,7.618,30.27191054
1579162980000,7.6161,7.6161,7.6161,7.6161,25.14741162
1579163160000,7.6163,7.6163,7.6163,7.6163,26.25729372
1579163280000,7.6029,7.6028,7.6029,7.6028,60
1579163340000,7.6046,7.6046,7.6046,7.6046,0.82196476
1579163400000,7.6283,7.6261,7.6261,7.6283,48.32537716
1579163520000,7.6365,7.6365,7.6365,7.6365,5
1579163580000,7.6364,7.6079,7.6364,7.6079,55
1579163640000,7.651,7.6363,7.6363,7.6509,150
1579163700000,7.6578,7.6578,7.6578,7.6578,0.87
1579163880000,7.668,7.668,7.668,7.668,25
1579164060000,7.625,7.6242,7.6242,7.625,15.4337
1579164120000,7.635,7.6272,7.6272,7.635,70
1579164540000,7.6194,7.6194,7.6194,7.6194,10
1579164600000,7.6082,7.5965,7.6082,7.5965,51.23895032
1579164660000,7.5989,7.5989,7.5989,7.5989,4
1579164720000,7.5923,7.5923,7.5923,7.5923,2
1579164960000,7.589,7.589,7.589,7.589,29.43411922
1579165020000,7.5974,7.5974,7.5974,7.5974,4
1579165080000,7.5958,7.5958,7.5958,7.5958,42
1579165200000,7.6035,7.5923,7.6,7.5923,37
1579165260000,7.5774,7.5774,7.5774,7.5774,26.3481229
1579165320000,7.5873,7.5773,7.5773,7.5872,69
1579165380000,7.601,7.5994,7.601,7.5994,6.1
1579165440000,7.6075,7.6075,7.6075,7.6075,48.83107785
1579165560000,7.5953,7.5953,7.5953,7.5953,2
1579165620000,7.5907,7.5737,7.5834,7.5907,55.106874
1579165680000,7.5905,7.5818,7.5818,7.5905,71.88777853
1579165740000,7.5905,7.5652,7.5905,7.5652,142.01222147
1579165800000,7.5653,7.5615,7.5653,7.5616,579.24845032
1579165860000,7.5344,7.5343,7.5344,7.5343,69.97952677
1579165920000,7.5607,7.5344,7.5344,7.5354,81.45187513
1579165980000,7.555,7.555,7.555,7.555,9
1579166040000,7.5511,7.5509,7.5511,7.5509,28.48096279
1579166160000,7.5425,7.5425,7.5425,7.5425,26.44595269
1579166220000,7.5466,7.5344,7.5344,7.5466,28.50919754
1579166280000,7.5256,7.4965,7.517,7.4965,82.72218015
1579166400000,7.5152,7.515,7.5152,7.515,28.60491608
1579166460000,7.4944,7.4881,7.4944,7.4881,333.02441242
1579166520000,7.4881,7.4881,7.4881,7.4881,220.42137482
1579166580000,7.4881,7.488,7.488,7.4881,2709.95966977
1579166640000,7.4881,7.4881,7.4881,7.4881,976.52922279
1579166700000,7.4881,7.4881,7.4881,7.4881,96.32216308
1579166760000,7.4881,7.4649,7.4864,7.4881,902.55396842
1579166820000,7.4931,7.4658,7.4931,7.4658,203
1579166880000,7.4744,7.4744,7.4744,7.4744,10
1579166940000,7.4737,7.4737,7.4737,7.4737,0.93772958
1579167060000,7.527,7.5225,7.5225,7.527,53.25577358
1579167120000,7.5271,7.5271,7.5271,7.5271,10.76227
1579167180000,7.5271,7.527,7.5271,7.527,25.42349791
1579167360000,7.5034,7.503,7.5034,7.503,30
1579167600000,7.4885,7.4885,7.4885,7.4885,6
1579167660000,7.4903,7.4884,7.4903,7.4884,7.0741
1579167720000,7.5103,7.5103,7.5103,7.5103,26.65880903
1579167900000,7.5123,7.5123,7.5123,7.5123,86.49973477
1579168140000,7.525,7.5131,7.5249,7.5131,123.17151684
1579168200000,7.5302,7.525,7.525,7.5302,159.70959266
1579168440000,7.5207,7.5203,7.5207,7.5203,1.27721701
1579168860000,7.5202,7.5136,7.5202,7.5137,70.3009145
1579168980000,7.4925,7.4925,7.4925,7.4925,26.22718276
1579169100000,7.4737,7.439,7.4736,7.44,121.19870324
1579169160000,7.4732,7.4732,7.4732,7.4732,1.3441
1579169340000,7.4394,7.4394,7.4394,7.4394,4
1579169400000,7.4476,7.4476,7.4476,7.4476,2
1579169460000,7.4425,7.439,7.4425,7.439,27.03526318
1579169640000,7.4405,7.4405,7.4405,7.4405,2
1579169760000,7.4592,7.4592,7.4592,7.4592,3
1579169880000,7.4494,7.4492,7.4494,7.4492,106
1579170000000,7.4491,7.4491,7.4491,7.4491,6.2652
1579170240000,7.4537,7.4489,7.4537,7.4489,55
1579170360000,7.4559,7.4557,7.4559,7.4557,100
1579170600000,7.4971,7.4971,7.4971,7.4971,26.6900571
1579170900000,7.542,7.542,7.542,7.542,26.56431549
1579171020000,7.5457,7.5457,7.5457,7.5457,2
1579171260000,7.5135,7.5135,7.5135,7.5135,26.51567616
1579171320000,7.5234,7.519,7.519,7.5234,53.27108988
1579171380000,7.5457,7.5338,7.5338,7.5457,37.58972419
1579171440000,7.5458,7.5458,7.5458,7.5458,26.57107901
1579171500000,7.5414,7.5414,7.5414,7.5414,26.47993762
1579172160000,7.53,7.5299,7.5299,7.53,487.4895482
1579172340000,7.5489,7.5487,7.5487,7.5489,4
1579172400000,7.5473,7.5345,7.5457,7.5473,52.19664899
1579172460000,7.5764,7.5448,7.5532,7.5648,15
1579172700000,7.5481,7.5481,7.5481,7.5481,3
1579172760000,7.5621,7.5621,7.5621,7.5621,26.47671047
1579172820000,7.5661,7.566,7.566,7.5661,72.18671598
1579172940000,7.5485,7.5485,7.5485,7.5485,0.84636238
1579173120000,7.5315,7.5272,7.5315,7.5272,137.55347634
1579173360000,7.5264,7.5264,7.5264,7.5264,26.60016283
1579173420000,7.5192,7.5192,7.5192,7.5192,2
1579173540000,7.5181,7.5176,7.5181,7.5176,100.97
1579173960000,7.5201,7.5201,7.5201,7.5201,26.65451545
1579174260000,7.55,7.55,7.55,7.55,10
1579174380000,7.5827,7.5827,7.5827,7.5827,26.46658119
1579174440000,7.6104,7.5874,7.5874,7.598,497.90172319
1579174500000,7.6178,7.6107,7.6107,7.6178,54.92904687
1579174560000,7.6611,7.6318,7.6318,7.6611,27.54750755
1579174620000,7.6233,7.6233,7.6233,7.6233,2
1579174740000,7.6566,7.6427,7.6427,7.6522,50.24728688
1579174800000,7.666,7.6584,7.6651,7.666,37.1618705
1579174860000,7.6801,7.6721,7.6721,7.68,847.0542
1579174920000,7.651,7.651,7.651,7.651,152.29151575
1579175700000,7.63,7.6005,7.6225,7.63,201.39344458
1579175820000,7.6719,7.6586,7.6586,7.6719,69.97140514
1579175880000,7.7,7.7,7.7,7.7,2901
1579175940000,7.8092,7.7143,7.7143,7.8082,6137.94602164
1579176000000,7.7851,7.7685,7.7851,7.7685,51.3051
1579176060000,7.7771,7.7771,7.7771,7.7771,2
1579176120000,7.77,7.7571,7.7571,7.77,960.23373833
1579176240000,7.79,7.7815,7.7815,7.79,401.930841
1579176300000,7.8913,7.8111,7.8111,7.8913,282.13293317
1579176360000,7.9,7.8639,7.8662,7.9,3897.83436892
1579176420000,7.8762,7.8414,7.8762,7.8414,163.17473562
1579176480000,7.867,7.867,7.867,7.867,25.46778217
1579176540000,7.8615,7.85,7.85,7.8612,556.41332093
1579176600000,7.8867,7.8867,7.8867,7.8867,50
1579176660000,7.9209,7.8956,7.8957,7.9209,65.73245958
1579176780000,7.8641,7.859,7.8641,7.8591,191.07501
1579176840000,7.8591,7.8261,7.859,7.8261,536.90841379
1579176900000,7.839,7.839,7.839,7.839,25.46005
1579176960000,7.8411,7.7716,7.839,7.7716,275.0190078
1579177020000,7.8315,7.8315,7.8315,7.8315,5
1579177080000,7.8316,7.82,7.82,7.8316,175.19116017
1579177140000,7.8397,7.7822,7.8315,7.7822,124.37316773
1579177200000,7.7616,7.7352,7.7616,7.7352,199.69384685
1579177260000,7.7569,7.7332,7.7332,7.7569,75.85997946
1579177320000,7.7996,7.7495,7.7683,7.7996,409.94708875
1579177380000,7.8029,7.8029,7.8029,7.8029,21.91553751
1579177440000,7.7751,7.7751,7.7751,7.7751,1.20994233
1579177500000,7.7887,7.7751,7.7887,7.7853,233.69939311
1579177620000,7.8214,7.8214,7.8214,7.8214,3
1579177740000,7.7789,7.7789,7.7789,7.7789,25.60331
1579177800000,7.7499,7.7373,7.7499,7.7373,27.70208
1579177860000,7.7373,7.7373,7.7373,7.7373,23.78816
1579178040000,7.708,7.708,7.708,7.708,0.8847256
1579178100000,7.708,7.708,7.708,7.708,24.94076
1579178160000,7.7232,7.6909,7.7232,7.6909,35.7393291
1579178220000,7.7543,7.7543,7.7543,7.7543,25.83976764
1579178280000,7.7901,7.7901,7.7901,7.7901,5
1579178520000,7.7313,7.7312,7.7313,7.7312,10.19846624
1579178580000,7.7311,7.7308,7.7311,7.7308,29.95896485
1579178640000,7.7156,7.7062,7.7156,7.7062,51.75994384
1579178760000,7.7431,7.7431,7.7431,7.7431,1.2977
1579178880000,7.7345,7.7345,7.7345,7.7345,1.2915
1579178940000,7.7346,7.7345,7.7346,7.7345,70.24466812
1579179180000,7.7874,7.7874,7.7874,7.7874,2
1579179240000,7.8143,7.8143,7.8143,7.8143,3
1579179300000,7.7851,7.7851,7.7851,7.7851,0.86068344
1579179420000,7.7595,7.7595,7.7595,7.7595,519.3
1579179540000,7.732,7.6822,7.732,7.6827,466.76095045
1579179600000,7.7204,7.7204,7.7204,7.7204,23.94338062
1579179720000,7.6941,7.6941,7.6941,7.6941,25.92350621
1579179780000,7.7242,7.6932,7.6932,7.7242,31.04359068
1579179840000,7.7,7.7,7.7,7.7,50
1579179900000,7.6921,7.6921,7.6921,7.6921,25.99037
1579179960000,7.6685,7.6685,7.6685,7.6685,26.00751369
1579180140000,7.6794,7.6794,7.6794,7.6794,7
1579180380000,7.6445,7.6411,7.6445,7.6413,126.08618488
1579180440000,7.6286,7.5968,7.6286,7.5968,526.12612393
1579180500000,7.6449,7.6449,7.6449,7.6449,1
1579180560000,7.6019,7.58,7.6019,7.58,84.86072966
1579180620000,7.5823,7.5349,7.5823,7.5349,372.83508752
1579180680000,7.5544,7.5271,7.5433,7.5271,456.66
1579180740000,7.5765,7.5688,7.5688,7.5765,217.45232139
1579180860000,7.5978,7.5978,7.5978,7.5978,2
1579180920000,7.5998,7.5998,7.5998,7.5998,2
1579181040000,7.6173,7.6165,7.6165,7.6172,145.87824419
1579181160000,7.6126,7.5975,7.5975,7.6126,152.26278397
1579181280000,7.603,7.603,7.603,7.603,26.33538049
1579181340000,7.6104,7.6103,7.6104,7.6103,109.64123072
1579181400000,7.6251,7.6214,7.624,7.6214,587.36187779
1579181460000,7.6257,7.6108,7.6257,7.6108,28.24348
1579181580000,7.5874,7.5672,7.5874,7.5672,120
1579181880000,7.5923,7.5923,7.5923,7.5923,26.37276867
1579182000000,7.6341,7.6341,7.6341,7.6341,1.3171
1579182120000,7.6174,7.6174,7.6174,7.6174,26.22361
1579182180000,7.6407,7.6407,7.6407,7.6407,62.62719968
1579182240000,7.67,7.67,7.67,7.67,6
1579182300000,7.6724,7.6455,7.6724,7.6724,212.53375471
1579182360000,7.6646,7.6646,7.6646,7.6646,2
1579182840000,7.6347,7.6305,7.6305,7.6347,23.48484848
1579182960000,7.6073,7.6073,7.6073,7.6073,1.000127
1579183080000,7.622,7.622,7.622,7.622,118.40780598
1579183140000,7.629,7.622,7.622,7.629,801.59219402
1579183200000,7.6646,7.6461,7.6461,7.6645,59.46306437
1579183320000,7.661,7.661,7.661,7.661,2
1579183380000,7.6549,7.6549,7.6549,7.6549,50.43131379
1579183440000,7.6286,7.6286,7.6286,7.6286,27.91
1579183500000,7.6109,7.6109,7.6109,7.6109,1.10883557
1579183560000,7.6073,7.6071,7.6073,7.6071,55.91632675
1579183680000,7.6071,7.5935,7.6071,7.5935,30.63778894
1579183740000,7.59,7.5643,7.59,7.5643,96.49192756
1579183860000,7.5696,7.5696,7.5696,7.5696,7.2136
1579183920000,7.59,7.5718,7.5718,7.59,67.1412615
1579184040000,7.57,7.57,7.57,7.57,40
1579184160000,7.5673,7.5646,7.5673,7.5646,505
1579184220000,7.5782,7.5782,7.5782,7.5782,26.41654981
1579184280000,7.5846,7.5846,7.5846,7.5846,26.40785365
1579184340000,7.6036,7.5942,7.5942,7.6036,52.74773904
1579184400000,7.6454,7.6167,7.6167,7.6454,191.11141165
1579184520000,7.6246,7.6246,7.6246,7.6246,30
1579184700000,7.6138,7.6138,7.6138,7.6138,0.85349595
1579184760000,7.6144,7.6143,7.6144,7.6143,78.9951
1579185180000,7.67,7.6595,7.6595,7.67,8
1579185240000,7.7075,7.6703,7.6703,7.7075,769.66238495
1579185300000,7.6997,7.6997,7.6997,7.6997,50
1579185420000,7.6862,7.6862,7.6862,7.6862,19.5
1579185480000,7.6683,7.6516,7.6595,7.6516,108
1579185780000,7.6693,7.6693,7.6693,7.6693,26.10710842
1579186080000,7.6516,7.6399,7.6516,7.6399,52.22296567
1579186140000,7.6213,7.6213,7.6213,7.6213,0.84634258
1579186200000,7.6213,7.6213,7.6213,7.6213,25.31892
1579186320000,7.6313,7.6313,7.6313,7.6313,26.24034583
1579186740000,7.654,7.6504,7.6504,7.654,262.34214327
1579186860000,7.6867,7.6867,7.6867,7.6867,9.55869848
1579186920000,7.7165,7.7123,7.7143,7.7165,146.85924542
1579187220000,7.7094,7.7094,7.7094,7.7094,50
1579187700000,7.6439,7.6089,7.6439,7.6089,78.48683827
1579187760000,7.6525,7.6525,7.6525,7.6525,26.1875548
1579187940000,7.6963,7.6963,7.6963,7.6963,2
1579188000000,7.6869,7.6869,7.6869,7.6869,26.00170359
1579188180000,7.707,7.7051,7.7051,7.707,4.94770291
1579188360000,7.725,7.725,7.725,7.725,15
1579188660000,7.8,7.7397,7.7397,7.8,1468.88753978
1579188780000,7.8107,7.8107,7.8107,7.8107,15.08603
1579188840000,7.77,7.77,7.77,7.77,53.95292727
1579189020000,7.7752,7.7496,7.7496,7.7752,51.63356555
1579189080000,7.7718,7.742,7.7711,7.742,115.47619048
1579189260000,7.7649,7.7536,7.7649,7.7536,3
1579189500000,7.7611,7.7611,7.7611,7.7611,2.9576421
1579189620000,7.838,7.8107,7.8107,7.838,302.00000441
1579189740000,7.814,7.8115,7.8115,7.8128,322.78135382
1579189800000,7.8407,7.8407,7.8407,7.8407,2
1579189920000,7.8648,7.8471,7.8498,7.8648,344.87453655
1579189980000,7.921,7.8574,7.8574,7.9208,710.996
1579190040000,7.9429,7.9214,7.9214,7.9429,58.27729463
1579190100000,7.9714,7.932,7.9643,7.932,270.830377
1579190160000,7.932,7.8625,7.932,7.8625,717.348353
1579190220000,7.8835,7.8831,7.8831,7.8835,102.48743
