1564848000,5.8505,5.8417,5.8494,5.8499,253.23
1564848060,5.8459,5.843,5.843,5.8459,106.34
1564848120,5.8467,5.8467,5.8467,5.8467,136.87
1564848180,5.8536,5.8532,5.8532,5.8536,36.27
1564848240,5.8536,5.8536,5.8536,5.8536,23.4
1564848300,5.8699,5.8574,5.8574,5.8699,519.91
1564848360,5.8797,5.8677,5.8679,5.8797,361.2
1564848420,5.8697,5.8697,5.8697,5.8697,5
1564848480,5.8787,5.8787,5.8787,5.8787,243.87
1564848540,5.8787,5.8747,5.8787,5.8747,81.92
1564848600,5.868,5.868,5.868,5.868,49.68
1564848660,5.8661,5.8661,5.8661,5.8661,27.41
1564848720,5.8661,5.8661,5.8661,5.8661,0
1564848780,5.8661,5.863,5.8661,5.863,98.82
1564848840,5.8746,5.8707,5.8707,5.8738,461.92
1564848900,5.8772,5.8772,5.8772,5.8772,9.26
1564848960,5.8772,5.8772,5.8772,5.8772,0
1564849020,5.8788,5.8787,5.8787,5.8788,126.02
1564849080,5.8788,5.8788,5.8788,5.8788,0
1564849140,5.8788,5.8788,5.8788,5.8788,0
1564849200,5.8788,5.8788,5.8788,5.8788,0
1564849260,5.8849,5.8794,5.8821,5.8838,712.73
1564849320,5.8856,5.8806,5.8834,5.8847,312.82
1564849380,5.8847,5.8847,5.8847,5.8847,0
1564849440,5.8847,5.8847,5.8847,5.8847,0
1564849500,5.8827,5.8806,5.8827,5.8827,145.45
1564849560,5.8817,5.8817,5.8817,5.8817,22.48
1564849620,5.8854,5.8854,5.8854,5.8854,30.42
1564849680,5.8857,5.8812,5.8846,5.8812,177.18
1564849740,5.8804,5.8804,5.8804,5.8804,3.89
1564849800,5.8861,5.8811,5.8811,5.8861,292.82
1564849860,5.8903,5.886,5.886,5.8895,292.63
1564849920,5.8928,5.8886,5.8895,5.8899,416.61
1564849980,5.8794,5.8794,5.8794,5.8794,58.4
1564850040,5.8794,5.8794,5.8794,5.8794,0
1564850100,5.8794,5.8794,5.8794,5.8794,0
1564850160,5.8865,5.8819,5.8819,5.8865,231.18
1564850220,5.8865,5.8865,5.8865,5.8865,0
1564850280,5.8865,5.8865,5.8865,5.8865,0
1564850340,5.883,5.883,5.883,5.883,28.68
1564850400,5.8829,5.8829,5.8829,5.8829,43.61
1564850460,5.8829,5.8829,5.8829,5.8829,0
1564850520,5.8786,5.8786,5.8786,5.8786,50
1564850580,5.8786,5.8786,5.8786,5.8786,0
1564850640,5.9078,5.8847,5.8847,5.8978,727.96
1564850700,5.8978,5.8978,5.8978,5.8978,0
1564850760,5.8923,5.8921,5.8923,5.8921,7.63
1564850820,5.8921,5.8921,5.8921,5.8921,0
1564850880,5.8908,5.8871,5.8871,5.8908,131.04
1564850940,5.8908,5.8908,5.8908,5.8908,0
1564851000,5.8904,5.8904,5.8904,5.8904,57.89
1564851060,5.8904,5.8904,5.8904,5.8904,0
1564851120,5.8904,5.8904,5.8904,5.8904,0
1564851180,5.8848,5.8845,5.8845,5.8848,59.33
1564851240,5.8848,5.8848,5.8848,5.8848,0
1564851300,5.8848,5.8848,5.8848,5.8848,0
1564851360,5.8848,5.8848,5.8848,5.8848,0
1564851420,5.8808,5.8771,5.8794,5.8773,884.04
1564851480,5.8773,5.8773,5.8773,5.8773,0
1564851540,5.8789,5.8785,5.8785,5.8789,149.84
1564851600,5.8796,5.8771,5.8771,5.8796,184.89
1564851660,5.8789,5.8763,5.8789,5.8763,20.77
1564851720,5.8789,5.8789,5.8789,5.8789,10
1564851780,5.877,5.877,5.877,5.877,49.97
1564851840,5.8814,5.8814,5.8814,5.8814,40.03
1564851900,5.8814,5.8814,5.8814,5.8814,0
1564851960,5.882,5.8722,5.8795,5.8763,815.99
1564852020,5.8817,5.8802,5.8802,5.8817,121.58
1564852080,5.8817,5.8817,5.8817,5.8817,0
1564852140,5.8817,5.8817,5.8817,5.8817,0
1564852200,5.8819,5.8819,5.8819,5.8819,48.32
1564852260,5.8837,5.8837,5.8837,5.8837,10
1564852320,5.8847,5.8846,5.8846,5.8847,248.09
1564852380,5.8847,5.8847,5.8847,5.8847,0
1564852440,5.8799,5.8799,5.8799,5.8799,131.37
1564852500,5.8799,5.8799,5.8799,5.8799,0
1564852560,5.8776,5.8767,5.8767,5.8776,66.03
1564852620,5.8749,5.8749,5.8749,5.8749,120.33
1564852680,5.873,5.873,5.873,5.873,6.18
1564852740,5.8735,5.8722,5.8733,5.8735,187.39
1564852800,5.8722,5.8722,5.8722,5.8722,0.91
1564852860,5.8728,5.8728,5.8728,5.8728,2.71
1564852920,5.8728,5.8728,5.8728,5.8728,0
1564852980,5.8681,5.8681,5.8681,5.8681,69.83
1564853040,5.8652,5.8652,5.8652,5.8652,113.73
1564853100,5.8652,5.8652,5.8652,5.8652,0
1564853160,5.8706,5.8704,5.8704,5.8706,111.58
1564853220,5.8699,5.8699,5.8699,5.8699,132.37
1564853280,5.8699,5.8699,5.8699,5.8699,0
1564853340,5.8699,5.8699,5.8699,5.8699,0
1564853400,5.8699,5.8699,5.8699,5.8699,0
1564853460,5.8699,5.8699,5.8699,5.8699,0
1564853520,5.8756,5.8756,5.8756,5.8756,51.06
1564853580,5.8756,5.8756,5.8756,5.8756,0
1564853640,5.8761,5.8739,5.874,5.8739,203.6
1564853700,5.8739,5.8739,5.8739,5.8739,0
1564853760,5.8739,5.8739,5.8739,5.8739,0
1564853820,5.8739,5.8739,5.8739,5.8739,0
1564853880,5.8739,5.8739,5.8739,5.8739,0
1564853940,5.8739,5.8739,5.8739,5.8739,0
1564854000,5.8739,5.8739,5.8739,5.8739,0
1564854060,5.8692,5.866,5.8692,5.866,92.08
1564854120,5.866,5.866,5.866,5.866,0
1564854180,5.866,5.866,5.866,5.866,0
1564854240,5.866,5.866,5.866,5.866,0
1564854300,5.8647,5.8612,5.8623,5.8647,80.7
1564854360,5.8647,5.8647,5.8647,5.8647,0
1564854420,5.8647,5.8647,5.8647,5.8647,0
1564854480,5.8647,5.8647,5.8647,5.8647,0
1564854540,5.8637,5.8627,5.8628,5.8628,203.7
1564854600,5.8624,5.8591,5.8624,5.8591,29.78
1564854660,5.8591,5.8591,5.8591,5.8591,0
1564854720,5.8591,5.8591,5.8591,5.8591,0
1564854780,5.8591,5.8591,5.8591,5.8591,0
1564854840,5.8591,5.8591,5.8591,5.8591,0
1564854900,5.8591,5.8591,5.8591,5.8591,0
1564854960,5.8622,5.8622,5.8622,5.8622,26.64
1564855020,5.884,5.8649,5.8649,5.884,1296.46
1564855080,5.8728,5.8726,5.8726,5.8728,47.24
1564855140,5.8737,5.8717,5.8737,5.8717,40.21
1564855200,5.8709,5.859,5.8709,5.859,1902.93
1564855260,5.859,5.859,5.859,5.859,0
1564855320,5.859,5.859,5.859,5.859,0
1564855380,5.8592,5.8589,5.8592,5.8589,90.87
1564855440,5.8616,5.8613,5.8613,5.8616,276.25
1564855500,5.8597,5.8597,5.8597,5.8597,1.73
1564855560,5.8597,5.8597,5.8597,5.8597,0
1564855620,5.8615,5.8615,5.8615,5.8615,3.31
1564855680,5.8596,5.859,5.859,5.8596,58.89
1564855740,5.8596,5.8596,5.8596,5.8596,0
1564855800,5.8605,5.85,5.8589,5.8605,1067.48
1564855860,5.8644,5.8644,5.8644,5.8644,38.89
1564855920,5.8644,5.8644,5.8644,5.8644,0
1564855980,5.8644,5.8644,5.8644,5.8644,0
1564856040,5.8656,5.8656,5.8656,5.8656,12.08
1564856100,5.8618,5.8618,5.8618,5.8618,5
1564856160,5.868,5.8678,5.868,5.8678,68.26
1564856220,5.8678,5.8678,5.8678,5.8678,0
1564856280,5.8701,5.8669,5.8669,5.8701,515.8
1564856340,5.8701,5.8701,5.8701,5.8701,0
1564856400,5.8701,5.8701,5.8701,5.8701,0
1564856460,5.8701,5.8701,5.8701,5.8701,0
1564856520,5.8701,5.8701,5.8701,5.8701,0
1564856580,5.872,5.872,5.872,5.872,100
1564856640,5.872,5.872,5.872,5.872,0
1564856700,5.872,5.872,5.872,5.872,0
1564856760,5.872,5.872,5.872,5.872,0
1564856820,5.8769,5.8736,5.875,5.8765,106.69
1564856880,5.8764,5.8738,5.8764,5.8738,46.78
1564856940,5.8775,5.8735,5.8735,5.8775,36.8
1564857000,5.8775,5.8775,5.8775,5.8775,0
1564857060,5.8775,5.8775,5.8775,5.8775,0
1564857120,5.8721,5.8702,5.8721,5.8702,35.93
1564857180,5.8702,5.8702,5.8702,5.8702,0
1564857240,5.8694,5.8694,5.8694,5.8694,12.85
1564857300,5.8719,5.8658,5.8691,5.8695,211.43
1564857360,5.866,5.8632,5.8632,5.866,154.44
1564857420,5.8662,5.8604,5.8662,5.8604,430.67
1564857480,5.8604,5.8604,5.8604,5.8604,0
1564857540,5.8674,5.8587,5.8587,5.8674,73.18
1564857600,5.8674,5.8674,5.8674,5.8674,0
1564857660,5.8675,5.8635,5.8675,5.8635,21.99
1564857720,5.8665,5.8665,5.8665,5.8665,35.68
1564857780,5.8665,5.8648,5.8665,5.8648,210.18
1564857840,5.8622,5.8622,5.8622,5.8622,76.24
1564857900,5.8622,5.8622,5.8622,5.8622,0
1564857960,5.8621,5.8621,5.8621,5.8621,26.93
1564858020,5.8621,5.8621,5.8621,5.8621,0
1564858080,5.8618,5.8618,5.8618,5.8618,74.33
1564858140,5.8735,5.8702,5.8702,5.8735,529.87
1564858200,5.8669,5.8667,5.8669,5.8667,86.98
1564858260,5.8667,5.8667,5.8667,5.8667,0
1564858320,5.8732,5.8732,5.8732,5.8732,128.9
1564858380,5.8732,5.8732,5.8732,5.8732,0
1564858440,5.8732,5.8732,5.8732,5.8732,0
1564858500,5.8737,5.8737,5.8737,5.8737,84
1564858560,5.8737,5.8737,5.8737,5.8737,0
1564858620,5.8781,5.8732,5.8766,5.8732,422.72
1564858680,5.8726,5.8726,5.8726,5.8726,14.15
1564858740,5.866,5.8614,5.8614,5.866,223.33
1564858800,5.866,5.866,5.866,5.866,0
1564858860,5.866,5.866,5.866,5.866,0
1564858920,5.868,5.868,5.868,5.868,130.28
1564858980,5.8664,5.863,5.8664,5.863,207.8
1564859040,5.8618,5.8589,5.8618,5.8589,100.63
1564859100,5.8643,5.8594,5.8594,5.8643,7.28
1564859160,5.8643,5.8643,5.8643,5.8643,0
1564859220,5.8609,5.8595,5.8609,5.8595,148.38
1564859280,5.8595,5.8595,5.8595,5.8595,0
1564859340,5.8595,5.8595,5.8595,5.8595,0
1564859400,5.8645,5.8608,5.8608,5.8645,120.57
1564859460,5.8666,5.8662,5.8662,5.8666,151.06
1564859520,5.8741,5.8686,5.8739,5.8686,229.22
1564859580,5.8686,5.8686,5.8686,5.8686,0
1564859640,5.8699,5.8645,5.8699,5.8691,340.17
1564859700,5.8691,5.8691,5.8691,5.8691,0
1564859760,5.8649,5.8576,5.8649,5.8603,364.04
1564859820,5.8603,5.8603,5.8603,5.8603,0
1564859880,5.8602,5.8564,5.8602,5.8564,234.5
1564859940,5.8564,5.8564,5.8564,5.8564,0
1564860000,5.8594,5.8551,5.8564,5.859,184.52
1564860060,5.859,5.859,5.859,5.859,0
1564860120,5.86,5.86,5.86,5.86,85.81
1564860180,5.8653,5.8651,5.8651,5.8653,322.5
1564860240,5.8619,5.8619,5.8619,5.8619,46.9
1564860300,5.8796,5.864,5.864,5.869,511.84
1564860360,5.869,5.869,5.869,5.869,0
1564860420,5.8756,5.872,5.8756,5.8731,572.74
1564860480,5.8731,5.8686,5.8731,5.8686,165.18
1564860540,5.8686,5.8685,5.8685,5.8686,47.53
1564860600,5.8727,5.8727,5.8727,5.8727,16.03
1564860660,5.8709,5.8662,5.8684,5.8709,150.86
1564860720,5.8709,5.8709,5.8709,5.8709,0
1564860780,5.873,5.8662,5.873,5.8662,128.52
1564860840,5.873,5.873,5.873,5.873,20
1564860900,5.8683,5.868,5.868,5.8683,83.5
1564860960,5.8683,5.8683,5.8683,5.8683,0
1564861020,5.877,5.8768,5.8768,5.877,100.96
1564861080,5.877,5.877,5.877,5.877,0
1564861140,5.877,5.877,5.877,5.877,0
1564861200,5.878,5.8738,5.878,5.8738,104.08
1564861260,5.8737,5.8737,5.8737,5.8737,67.66
1564861320,5.8751,5.8738,5.8738,5.8747,367.73
1564861380,5.8783,5.8727,5.8746,5.8783,160.71
1564861440,5.8765,5.8765,5.8765,5.8765,4.11
1564861500,5.8765,5.8765,5.8765,5.8765,0
1564861560,5.877,5.8757,5.877,5.8757,17
1564861620,5.8783,5.8758,5.8783,5.8758,72.78
1564861680,5.8757,5.8757,5.8757,5.8757,10
1564861740,5.8757,5.8757,5.8757,5.8757,1.43
1564861800,5.8757,5.8757,5.8757,5.8757,0
1564861860,5.8683,5.8683,5.8683,5.8683,68.14
1564861920,5.8643,5.8643,5.8643,5.8643,90.21
1564861980,5.8643,5.8643,5.8643,5.8643,0
1564862040,5.8643,5.8643,5.8643,5.8643,0
1564862100,5.872,5.872,5.872,5.872,62.51
1564862160,5.872,5.872,5.872,5.872,0
1564862220,5.872,5.872,5.872,5.872,0
1564862280,5.8698,5.8674,5.8676,5.8675,168.33
1564862340,5.8699,5.8699,5.8699,5.8699,3.51
1564862400,5.8697,5.8697,5.8697,5.8697,73.82
1564862460,5.8663,5.8663,5.8663,5.8663,14
1564862520,5.8663,5.8663,5.8663,5.8663,0
1564862580,5.8715,5.8715,5.8715,5.8715,84.36
1564862640,5.8715,5.8715,5.8715,5.8715,0
1564862700,5.8715,5.8715,5.8715,5.8715,0
1564862760,5.87,5.8671,5.8671,5.87,70.17
1564862820,5.87,5.87,5.87,5.87,0
1564862880,5.8628,5.8628,5.8628,5.8628,61.41
1564862940,5.8628,5.8628,5.8628,5.8628,0
1564863000,5.8612,5.8612,5.8612,5.8612,59.34
1564863060,5.8636,5.8636,5.8636,5.8636,57.04
1564863120,5.8636,5.8636,5.8636,5.8636,0
1564863180,5.8651,5.8651,5.8651,5.8651,4.3
1564863240,5.8693,5.8693,5.8693,5.8693,177.28
1564863300,5.866,5.866,5.866,5.866,6.99
1564863360,5.866,5.866,5.866,5.866,0
1564863420,5.866,5.866,5.866,5.866,0
1564863480,5.866,5.866,5.866,5.866,0
1564863540,5.866,5.866,5.866,5.866,0
1564863600,5.8708,5.8693,5.8708,5.8693,87.46
1564863660,5.8693,5.8693,5.8693,5.8693,0
1564863720,5.8693,5.8693,5.8693,5.8693,0
1564863780,5.8693,5.8693,5.8693,5.8693,0
1564863840,5.8647,5.8647,5.8647,5.8647,77.49
1564863900,5.8649,5.8648,5.8648,5.8649,99.23
1564863960,5.8636,5.8636,5.8636,5.8636,4.26
1564864020,5.8636,5.8636,5.8636,5.8636,0
1564864080,5.8612,5.8612,5.8612,5.8612,87.75
1564864140,5.8612,5.8612,5.8612,5.8612,0
1564864200,5.8612,5.8612,5.8612,5.8612,2.92
1564864260,5.8612,5.8612,5.8612,5.8612,0
1564864320,5.8599,5.8599,5.8599,5.8599,48.36
1564864380,5.8599,5.8599,5.8599,5.8599,0
1564864440,5.8629,5.8629,5.8629,5.8629,38.99
1564864500,5.8629,5.8629,5.8629,5.8629,0
1564864560,5.8628,5.8602,5.8602,5.8628,82.46
1564864620,5.8628,5.8628,5.8628,5.8628,0
1564864680,5.8628,5.8628,5.8628,5.8628,0
1564864740,5.8638,5.861,5.861,5.8638,38.68
1564864800,5.8608,5.8608,5.8608,5.8608,96.01
1564864860,5.8608,5.8608,5.8608,5.8608,0
1564864920,5.8603,5.8603,5.8603,5.8603,40.74
1564864980,5.8603,5.8603,5.8603,5.8603,0
1564865040,5.8618,5.8602,5.8618,5.8602,62.61
1564865100,5.8653,5.8653,5.8653,5.8653,2.5
1564865160,5.8659,5.8659,5.8659,5.8659,17.04
1564865220,5.8623,5.8623,5.8623,5.8623,59.61
1564865280,5.8623,5.8623,5.8623,5.8623,0
1564865340,5.8623,5.8623,5.8623,5.8623,0
1564865400,5.8606,5.8606,5.8606,5.8606,11.34
1564865460,5.8654,5.8654,5.8654,5.8654,10
1564865520,5.8654,5.8654,5.8654,5.8654,0
1564865580,5.8632,5.8602,5.8632,5.8602,75.08
1564865640,5.8602,5.8602,5.8602,5.8602,0
1564865700,5.8602,5.8602,5.8602,5.8602,0
1564865760,5.8602,5.8602,5.8602,5.8602,0
1564865820,5.8602,5.8602,5.8602,5.8602,0
1564865880,5.8602,5.8602,5.8602,5.8602,0
1564865940,5.8655,5.8629,5.8655,5.8629,43.99
1564866000,5.8629,5.8629,5.8629,5.8629,0
1564866060,5.8661,5.8661,5.8661,5.8661,22
1564866120,5.8608,5.86,5.8608,5.86,166.49
1564866180,5.86,5.86,5.86,5.86,0
1564866240,5.86,5.86,5.86,5.86,0
1564866300,5.86,5.86,5.86,5.86,0
1564866360,5.8583,5.8578,5.8583,5.8578,154.31
1564866420,5.8578,5.8578,5.8578,5.8578,0
1564866480,5.8622,5.8599,5.8599,5.8622,87.67
1564866540,5.8622,5.8622,5.8622,5.8622,0
1564866600,5.863,5.863,5.863,5.863,17.97
1564866660,5.863,5.8611,5.8611,5.863,43.25
1564866720,5.8651,5.8641,5.8641,5.8641,329.39
1564866780,5.8648,5.8624,5.8628,5.8648,139.27
1564866840,5.8648,5.8648,5.8648,5.8648,0
1564866900,5.871,5.8683,5.8695,5.8683,78.35
1564866960,5.8682,5.8681,5.8682,5.8681,57.07
1564867020,5.8681,5.8681,5.8681,5.8681,0
1564867080,5.8681,5.8681,5.8681,5.8681,0
1564867140,5.8698,5.8698,5.8698,5.8698,23.98
1564867200,5.8792,5.8755,5.8755,5.8792,367.01
1564867260,5.8792,5.8792,5.8792,5.8792,0
1564867320,5.8777,5.8745,5.8745,5.8777,34.94
1564867380,5.8777,5.8777,5.8777,5.8777,0
1564867440,5.8787,5.8766,5.8781,5.8767,115.08
1564867500,5.8804,5.8804,5.8804,5.8804,4.15
1564867560,5.8795,5.8787,5.8795,5.8787,31.37
1564867620,5.8787,5.8787,5.8787,5.8787,0
1564867680,5.8787,5.8787,5.8787,5.8787,0
1564867740,5.878,5.8708,5.878,5.8708,1752.17
1564867800,5.8766,5.8749,5.875,5.8766,107.14
1564867860,5.8766,5.8766,5.8766,5.8766,0
1564867920,5.8738,5.8738,5.8738,5.8738,30.06
1564867980,5.8738,5.8738,5.8738,5.8738,0
1564868040,5.8738,5.8738,5.8738,5.8738,0
1564868100,5.8757,5.8757,5.8757,5.8757,2
1564868160,5.8757,5.8757,5.8757,5.8757,0
1564868220,5.8747,5.8746,5.8747,5.8746,15.16
1564868280,5.8746,5.8746,5.8746,5.8746,0
1564868340,5.8746,5.8746,5.8746,5.8746,0
1564868400,5.8746,5.8746,5.8746,5.8746,0
1564868460,5.875,5.875,5.875,5.875,4.06
1564868520,5.875,5.875,5.875,5.875,0
1564868580,5.8747,5.8747,5.8747,5.8747,2.75
1564868640,5.8747,5.8747,5.8747,5.8747,0
1564868700,5.8747,5.8747,5.8747,5.8747,0
1564868760,5.8747,5.8747,5.8747,5.8747,0
1564868820,5.8745,5.8745,5.8745,5.8745,37.58
1564868880,5.8745,5.8745,5.8745,5.8745,0
1564868940,5.8745,5.8745,5.8745,5.8745,0
1564869000,5.8745,5.8745,5.8745,5.8745,0
1564869060,5.871,5.871,5.871,5.871,37.6
1564869120,5.871,5.871,5.871,5.871,0
1564869180,5.871,5.871,5.871,5.871,0
1564869240,5.871,5.871,5.871,5.871,0
1564869300,5.8714,5.8714,5.8714,5.8714,2.54
1564869360,5.8714,5.8714,5.8714,5.8714,0
1564869420,5.8714,5.8714,5.8714,5.8714,0
1564869480,5.8714,5.8714,5.8714,5.8714,0
1564869540,5.872,5.872,5.872,5.872,54.5
1564869600,5.872,5.872,5.872,5.872,0
1564869660,5.872,5.872,5.872,5.872,0
1564869720,5.8681,5.8681,5.8681,5.8681,37.61
1564869780,5.8681,5.8681,5.8681,5.8681,0
1564869840,5.8687,5.8687,5.8687,5.8687,118.1
1564869900,5.8686,5.8664,5.8664,5.8686,95.25
1564869960,5.8686,5.8686,5.8686,5.8686,0
1564870020,5.8686,5.8686,5.8686,5.8686,0
1564870080,5.8687,5.8687,5.8687,5.8687,117.96
1564870140,5.8688,5.8688,5.8688,5.8688,27.53
1564870200,5.8688,5.8688,5.8688,5.8688,0
1564870260,5.8688,5.8688,5.8688,5.8688,0
1564870320,5.8688,5.8688,5.8688,5.8688,0
1564870380,5.8687,5.8687,5.8687,5.8687,0.07
1564870440,5.8628,5.8607,5.8607,5.8628,34.12
1564870500,5.8597,5.8591,5.8591,5.8597,40.65
1564870560,5.8617,5.8617,5.8617,5.8617,4.43
1564870620,5.8683,5.8625,5.8625,5.8683,237.7
1564870680,5.8686,5.8629,5.8629,5.8686,117.75
1564870740,5.8686,5.8686,5.8686,5.8686,0
1564870800,5.8643,5.8643,5.8643,5.8643,11.29
1564870860,5.8643,5.8643,5.8643,5.8643,0
1564870920,5.8738,5.8737,5.8737,5.8738,96.04
1564870980,5.8719,5.8695,5.8695,5.8719,57.78
1564871040,5.8719,5.8719,5.8719,5.8719,55
1564871100,5.8719,5.8719,5.8719,5.8719,0
1564871160,5.8772,5.8772,5.8772,5.8772,78.14
1564871220,5.8772,5.8772,5.8772,5.8772,0
1564871280,5.8725,5.8725,5.8725,5.8725,28.14
1564871340,5.8725,5.8725,5.8725,5.8725,0
1564871400,5.8783,5.8762,5.8762,5.8762,133.66
1564871460,5.8762,5.8762,5.8762,5.8762,0
1564871520,5.8761,5.8761,5.8761,5.8761,2.26
1564871580,5.8772,5.8751,5.8772,5.8751,57.63
1564871640,5.8751,5.8751,5.8751,5.8751,0
1564871700,5.8733,5.8733,5.8733,5.8733,35.21
1564871760,5.8733,5.8733,5.8733,5.8733,0
1564871820,5.8733,5.8733,5.8733,5.8733,0
1564871880,5.8733,5.8733,5.8733,5.8733,0
1564871940,5.8733,5.8733,5.8733,5.8733,0
1564872000,5.8733,5.8733,5.8733,5.8733,0
1564872060,5.8733,5.8733,5.8733,5.8733,0
1564872120,5.8723,5.8719,5.8723,5.8719,12
1564872180,5.8719,5.8719,5.8719,5.8719,0
1564872240,5.8751,5.8715,5.8716,5.8751,159.66
1564872300,5.8751,5.8751,5.8751,5.8751,0
1564872360,5.8751,5.8751,5.8751,5.8751,0
1564872420,5.8751,5.8751,5.8751,5.8751,0
1564872480,5.8751,5.8751,5.8751,5.8751,0
1564872540,5.8751,5.8751,5.8751,5.8751,7.88
1564872600,5.8766,5.8733,5.8766,5.8733,189.88
1564872660,5.8733,5.8733,5.8733,5.8733,0
1564872720,5.8712,5.8712,5.8712,5.8712,45.06
1564872780,5.8712,5.8712,5.8712,5.8712,0
1564872840,5.8712,5.8712,5.8712,5.8712,0
1564872900,5.8712,5.8712,5.8712,5.8712,0
1564872960,5.8712,5.8712,5.8712,5.8712,0
1564873020,5.8712,5.8712,5.8712,5.8712,0
1564873080,5.8712,5.8712,5.8712,5.8712,0
1564873140,5.8791,5.876,5.8766,5.8791,172.67
1564873200,5.8791,5.8791,5.8791,5.8791,0
1564873260,5.8791,5.8791,5.8791,5.8791,0
1564873320,5.8791,5.8791,5.8791,5.8791,0
1564873380,5.8791,5.8791,5.8791,5.8791,0
1564873440,5.8791,5.8791,5.8791,5.8791,0
1564873500,5.8791,5.8791,5.8791,5.8791,0
1564873560,5.8791,5.8791,5.8791,5.8791,0
1564873620,5.8804,5.8804,5.8804,5.8804,37.94
1564873680,5.8804,5.8804,5.8804,5.8804,0
1564873740,5.8804,5.8804,5.8804,5.8804,0
1564873800,5.8804,5.8804,5.8804,5.8804,0
1564873860,5.8804,5.8804,5.8804,5.8804,0
1564873920,5.8804,5.8804,5.8804,5.8804,0
1564873980,5.8804,5.8804,5.8804,5.8804,0
1564874040,5.8804,5.8804,5.8804,5.8804,0
1564874100,5.879,5.879,5.879,5.879,3.4
1564874160,5.88,5.88,5.88,5.88,20
1564874220,5.88,5.88,5.88,5.88,0
1564874280,5.8813,5.8813,5.8813,5.8813,9.8
1564874340,5.8813,5.8813,5.8813,5.8813,0
1564874400,5.8813,5.8813,5.8813,5.8813,0
1564874460,5.8757,5.8757,5.8757,5.8757,54.55
1564874520,5.8819,5.8797,5.8797,5.8819,52.42
1564874580,5.8819,5.8819,5.8819,5.8819,0
1564874640,5.8816,5.8809,5.8809,5.8816,59.68
1564874700,5.8816,5.8816,5.8816,5.8816,0
1564874760,5.8816,5.8816,5.8816,5.8816,0
1564874820,5.8816,5.8816,5.8816,5.8816,0
1564874880,5.8816,5.8816,5.8816,5.8816,0
1564874940,5.8816,5.8816,5.8816,5.8816,0
1564875000,5.8816,5.8816,5.8816,5.8816,0
1564875060,5.8813,5.8813,5.8813,5.8813,3.91
1564875120,5.8813,5.8813,5.8813,5.8813,0
1564875180,5.8813,5.8813,5.8813,5.8813,0
1564875240,5.8813,5.8813,5.8813,5.8813,0
1564875300,5.8746,5.8733,5.8746,5.8733,82.46
1564875360,5.8724,5.8721,5.8724,5.8721,79.28
1564875420,5.8712,5.8712,5.8712,5.8712,9.19
1564875480,5.8712,5.8712,5.8712,5.8712,0
1564875540,5.8712,5.8712,5.8712,5.8712,0
1564875600,5.8712,5.8712,5.8712,5.8712,0
1564875660,5.8712,5.8712,5.8712,5.8712,0
1564875720,5.8712,5.8712,5.8712,5.8712,0
1564875780,5.8712,5.8712,5.8712,5.8712,0
1564875840,5.8793,5.8772,5.8772,5.8793,590.87
1564875900,5.879,5.879,5.879,5.879,74.85
1564875960,5.879,5.879,5.879,5.879,0
1564876020,5.879,5.879,5.879,5.879,0
1564876080,5.879,5.879,5.879,5.879,0
1564876140,5.879,5.879,5.879,5.879,0
1564876200,5.8805,5.8802,5.8805,5.8802,79.97
1564876260,5.8802,5.8802,5.8802,5.8802,0
1564876320,5.8802,5.8802,5.8802,5.8802,0
1564876380,5.8804,5.8804,5.8804,5.8804,37.94
1564876440,5.8804,5.8804,5.8804,5.8804,0
1564876500,5.8804,5.8804,5.8804,5.8804,0
1564876560,5.8827,5.8827,5.8827,5.8827,1.89
1564876620,5.8851,5.881,5.881,5.8851,20.5
1564876680,5.8851,5.8851,5.8851,5.8851,0
1564876740,5.8851,5.8851,5.8851,5.8851,0
1564876800,5.8851,5.8851,5.8851,5.8851,0
1564876860,5.8814,5.8814,5.8814,5.8814,10.17
1564876920,5.8814,5.8814,5.8814,5.8814,0
1564876980,5.8814,5.8814,5.8814,5.8814,0
1564877040,5.8814,5.8814,5.8814,5.8814,0
1564877100,5.8853,5.8825,5.8825,5.8853,52.88
1564877160,5.8833,5.8833,5.8833,5.8833,151.1
1564877220,5.8984,5.8917,5.8917,5.8949,899.83
1564877280,5.8878,5.8848,5.8848,5.8878,300
1564877340,5.891,5.891,5.891,5.891,37.86
1564877400,5.891,5.891,5.891,5.891,0
1564877460,5.8913,5.8913,5.8913,5.8913,68.43
1564877520,5.8898,5.8898,5.8898,5.8898,25.46
1564877580,5.8898,5.8898,5.8898,5.8898,0
1564877640,5.8891,5.8891,5.8891,5.8891,25.5
1564877700,5.8891,5.8891,5.8891,5.8891,0
1564877760,5.8904,5.8904,5.8904,5.8904,2.54
1564877820,5.8904,5.8904,5.8904,5.8904,0
1564877880,5.8904,5.8904,5.8904,5.8904,0
1564877940,5.8904,5.8904,5.8904,5.8904,0
1564878000,5.8904,5.8904,5.8904,5.8904,0
1564878060,5.8897,5.8894,5.8894,5.8897,126.07
1564878120,5.8866,5.8866,5.8866,5.8866,12.84
1564878180,5.8866,5.8866,5.8866,5.8866,0
1564878240,5.8866,5.8866,5.8866,5.8866,0
1564878300,5.8895,5.8895,5.8895,5.8895,10.21
1564878360,5.8933,5.8933,5.8933,5.8933,1.86
1564878420,5.8923,5.8923,5.8923,5.8923,124.9
1564878480,5.8923,5.8923,5.8923,5.8923,0
1564878540,5.8923,5.8923,5.8923,5.8923,0
1564878600,5.8923,5.8923,5.8923,5.8923,0
1564878660,5.8968,5.8904,5.8968,5.8904,196.29
1564878720,5.8914,5.8914,5.8914,5.8914,41.72
1564878780,5.8837,5.8837,5.8837,5.8837,28.46
1564878840,5.8837,5.8837,5.8837,5.8837,0
1564878900,5.8837,5.8837,5.8837,5.8837,0
1564878960,5.8846,5.8811,5.8811,5.8811,82.12
1564879020,5.8811,5.8811,5.8811,5.8811,0
1564879080,5.8811,5.8811,5.8811,5.8811,0
1564879140,5.8811,5.8811,5.8811,5.8811,0
1564879200,5.8811,5.8811,5.8811,5.8811,0
1564879260,5.8811,5.8811,5.8811,5.8811,0
1564879320,5.8902,5.8902,5.8902,5.8902,151.1
1564879380,5.8902,5.8902,5.8902,5.8902,0
1564879440,5.8902,5.8902,5.8902,5.8902,0
1564879500,5.8902,5.8902,5.8902,5.8902,0
1564879560,5.8902,5.8902,5.8902,5.8902,0
1564879620,5.8902,5.8902,5.8902,5.8902,0
1564879680,5.8902,5.8902,5.8902,5.8902,0
1564879740,5.8902,5.8902,5.8902,5.8902,0
1564879800,5.8865,5.8847,5.8847,5.8865,106.26
1564879860,5.8865,5.8865,5.8865,5.8865,0
1564879920,5.8865,5.8865,5.8865,5.8865,0
1564879980,5.8889,5.8889,5.8889,5.8889,12.02
1564880040,5.8889,5.8889,5.8889,5.8889,0
1564880100,5.8889,5.8889,5.8889,5.8889,0
1564880160,5.8914,5.8914,5.8914,5.8914,1.7
1564880220,5.8914,5.8914,5.8914,5.8914,0
1564880280,5.8914,5.8914,5.8914,5.8914,0
1564880340,5.8914,5.8914,5.8914,5.8914,0
1564880400,5.8914,5.8914,5.8914,5.8914,0
1564880460,5.8914,5.8914,5.8914,5.8914,0
1564880520,5.8914,5.8914,5.8914,5.8914,0
1564880580,5.8888,5.8878,5.8888,5.8878,75.15
1564880640,5.8822,5.8822,5.8822,5.8822,14.26
1564880700,5.8827,5.8827,5.8827,5.8827,9.52
1564880760,5.8827,5.8827,5.8827,5.8827,0
1564880820,5.8827,5.8827,5.8827,5.8827,0
1564880880,5.8827,5.8827,5.8827,5.8827,0
1564880940,5.8827,5.8827,5.8827,5.8827,0
1564881000,5.8827,5.8827,5.8827,5.8827,0
1564881060,5.8827,5.8827,5.8827,5.8827,0
1564881120,5.8827,5.8827,5.8827,5.8827,0
1564881180,5.8822,5.8822,5.8822,5.8822,5.12
1564881240,5.8822,5.8822,5.8822,5.8822,0
1564881300,5.8829,5.8829,5.8829,5.8829,42.44
1564881360,5.8899,5.8854,5.8856,5.8891,1522.36
1564881420,5.8909,5.8909,5.8909,5.8909,10.3
1564881480,5.8909,5.8909,5.8909,5.8909,0
1564881540,5.8909,5.8909,5.8909,5.8909,0
1564881600,5.8909,5.8909,5.8909,5.8909,0
1564881660,5.8909,5.8909,5.8909,5.8909,0
1564881720,5.8909,5.8909,5.8909,5.8909,0
1564881780,5.8917,5.8917,5.8917,5.8917,21.15
1564881840,5.8917,5.8917,5.8917,5.8917,0
1564881900,5.8917,5.8917,5.8917,5.8917,0
1564881960,5.8909,5.8909,5.8909,5.8909,11.14
1564882020,5.8881,5.8881,5.8881,5.8881,3.39
1564882080,5.8881,5.8881,5.8881,5.8881,0
1564882140,5.8881,5.8881,5.8881,5.8881,0
1564882200,5.8825,5.8804,5.8825,5.8824,306.5
1564882260,5.8824,5.8814,5.8814,5.8824,33.96
1564882320,5.8817,5.8804,5.8804,5.8817,348.1
1564882380,5.8817,5.8817,5.8817,5.8817,0
1564882440,5.8817,5.8817,5.8817,5.8817,0
1564882500,5.8817,5.8817,5.8817,5.8817,0
1564882560,5.8817,5.8817,5.8817,5.8817,0
1564882620,5.8817,5.8817,5.8817,5.8817,0
1564882680,5.8817,5.8817,5.8817,5.8817,0.2
1564882740,5.8791,5.8789,5.8791,5.8789,61.23
1564882800,5.8789,5.8789,5.8789,5.8789,0
1564882860,5.8789,5.8789,5.8789,5.8789,0
1564882920,5.8767,5.8767,5.8767,5.8767,31.01
1564882980,5.8738,5.8737,5.8737,5.8738,18.89
1564883040,5.8724,5.8724,5.8724,5.8724,54.66
1564883100,5.8724,5.8724,5.8724,5.8724,0
1564883160,5.876,5.8742,5.8742,5.876,166.09
1564883220,5.8762,5.8762,5.8762,5.8762,52.64
1564883280,5.8762,5.8762,5.8762,5.8762,0
1564883340,5.8748,5.8748,5.8748,5.8748,37.97
1564883400,5.8748,5.8748,5.8748,5.8748,0
1564883460,5.8766,5.8766,5.8766,5.8766,10.92
1564883520,5.8766,5.8766,5.8766,5.8766,0
1564883580,5.8796,5.8796,5.8796,5.8796,5.51
1564883640,5.8796,5.8796,5.8796,5.8796,0
1564883700,5.8796,5.8796,5.8796,5.8796,0
1564883760,5.8796,5.8796,5.8796,5.8796,0
1564883820,5.8777,5.8777,5.8777,5.8777,24.61
1564883880,5.8777,5.8777,5.8777,5.8777,0
1564883940,5.8799,5.8798,5.8798,5.8799,39.19
1564884000,5.8814,5.8768,5.8799,5.8814,371.69
1564884060,5.8814,5.8814,5.8814,5.8814,0
1564884120,5.877,5.877,5.877,5.877,2.04
1564884180,5.877,5.877,5.877,5.877,0
1564884240,5.8726,5.8726,5.8726,5.8726,5.01
1564884300,5.8726,5.8726,5.8726,5.8726,0
1564884360,5.8726,5.8726,5.8726,5.8726,0
1564884420,5.8726,5.8726,5.8726,5.8726,0
1564884480,5.8738,5.8687,5.8687,5.8738,363.95
1564884540,5.8738,5.8738,5.8738,5.8738,0
1564884600,5.8738,5.8738,5.8738,5.8738,0
1564884660,5.8741,5.8741,5.8741,5.8741,59.07
1564884720,5.8741,5.8741,5.8741,5.8741,0
1564884780,5.8741,5.8741,5.8741,5.8741,0
1564884840,5.8741,5.8741,5.8741,5.8741,0
1564884900,5.8741,5.8741,5.8741,5.8741,0
1564884960,5.8741,5.8741,5.8741,5.8741,0
1564885020,5.8741,5.8741,5.8741,5.8741,0
1564885080,5.8741,5.8741,5.8741,5.8741,0
1564885140,5.8741,5.8741,5.8741,5.8741,0
1564885200,5.8741,5.8741,5.8741,5.8741,0
1564885260,5.8741,5.8741,5.8741,5.8741,0
1564885320,5.8772,5.8771,5.8771,5.8772,243.4
1564885380,5.8771,5.8722,5.8722,5.8771,220.59
1564885440,5.8712,5.8712,5.8712,5.8712,20
1564885500,5.8712,5.8712,5.8712,5.8712,0
1564885560,5.8712,5.8712,5.8712,5.8712,0
1564885620,5.8712,5.8712,5.8712,5.8712,0
1564885680,5.8712,5.8712,5.8712,5.8712,0
1564885740,5.8712,5.8712,5.8712,5.8712,0
1564885800,5.8756,5.8715,5.8715,5.8756,10.5
1564885860,5.8712,5.871,5.8712,5.871,200
1564885920,5.871,5.871,5.871,5.871,0
1564885980,5.871,5.871,5.871,5.871,0
1564886040,5.871,5.871,5.871,5.871,0
1564886100,5.871,5.871,5.871,5.871,0
1564886160,5.871,5.871,5.871,5.871,0
1564886220,5.871,5.871,5.871,5.871,0
1564886280,5.8767,5.876,5.8767,5.876,18.86
1564886340,5.8749,5.8643,5.8731,5.866,454.84
1564886400,5.8695,5.8659,5.8695,5.8659,42.21
1564886460,5.8659,5.8659,5.8659,5.8659,0
1564886520,5.8659,5.8659,5.8659,5.8659,0
1564886580,5.8659,5.8659,5.8659,5.8659,0
1564886640,5.8659,5.8659,5.8659,5.8659,0
1564886700,5.8696,5.869,5.8696,5.869,570.58
1564886760,5.869,5.8665,5.869,5.8665,276.55
1564886820,5.866,5.8645,5.866,5.8645,96.33
1564886880,5.8645,5.8645,5.8645,5.8645,0
1564886940,5.8645,5.8645,5.8645,5.8645,0
1564887000,5.8645,5.8645,5.8645,5.8645,0
1564887060,5.8716,5.8716,5.8716,5.8716,2
1564887120,5.8716,5.8716,5.8716,5.8716,0
1564887180,5.8716,5.8716,5.8716,5.8716,0
1564887240,5.8716,5.8716,5.8716,5.8716,0
1564887300,5.8716,5.8716,5.8716,5.8716,0
1564887360,5.8686,5.8668,5.8686,5.8668,400
1564887420,5.8668,5.8668,5.8668,5.8668,0
1564887480,5.8668,5.8668,5.8668,5.8668,0
1564887540,5.8698,5.8696,5.8696,5.8698,162.09
1564887600,5.8698,5.8698,5.8698,5.8698,0
1564887660,5.8698,5.8698,5.8698,5.8698,0
1564887720,5.8698,5.8698,5.8698,5.8698,0
1564887780,5.8724,5.8706,5.8706,5.8724,390.35
1564887840,5.8729,5.8726,5.8726,5.8729,100
1564887900,5.8718,5.8703,5.8712,5.8703,125.01
1564887960,5.8703,5.8703,5.8703,5.8703,0
1564888020,5.868,5.8678,5.868,5.8678,57.19
1564888080,5.8678,5.8678,5.8678,5.8678,0.86
1564888140,5.8678,5.8678,5.8678,5.8678,0
1564888200,5.8725,5.8725,5.8725,5.8725,3.53
1564888260,5.8725,5.8725,5.8725,5.8725,0
1564888320,5.8725,5.8725,5.8725,5.8725,0
1564888380,5.8725,5.8725,5.8725,5.8725,0
1564888440,5.8725,5.8725,5.8725,5.8725,0
1564888500,5.8725,5.8725,5.8725,5.8725,0
1564888560,5.8725,5.8725,5.8725,5.8725,0
1564888620,5.8656,5.8656,5.8656,5.8656,36.24
1564888680,5.8656,5.8656,5.8656,5.8656,0
1564888740,5.8656,5.8656,5.8656,5.8656,0
1564888800,5.8656,5.8656,5.8656,5.8656,0
1564888860,5.8656,5.8656,5.8656,5.8656,0
1564888920,5.8656,5.8656,5.8656,5.8656,0
1564888980,5.8656,5.8656,5.8656,5.8656,0
1564889040,5.8656,5.8656,5.8656,5.8656,0
1564889100,5.8656,5.8656,5.8656,5.8656,0
1564889160,5.8656,5.8656,5.8656,5.8656,0
1564889220,5.8629,5.8621,5.8629,5.8621,279.87
1564889280,5.8681,5.8622,5.8636,5.8641,597.17
1564889340,5.8659,5.8625,5.8625,5.8659,36.82
1564889400,5.8669,5.8595,5.8669,5.8595,177.52
1564889460,5.8657,5.8657,5.8657,5.8657,69.3
1564889520,5.8657,5.8657,5.8657,5.8657,0
1564889580,5.8607,5.8571,5.8607,5.8571,11.95
1564889640,5.8571,5.8571,5.8571,5.8571,0
1564889700,5.8676,5.8585,5.8612,5.8658,125.19
1564889760,5.8629,5.849,5.8585,5.8578,1567
1564889820,5.8548,5.8548,5.8548,5.8548,73
1564889880,5.8548,5.8548,5.8548,5.8548,0
1564889940,5.8548,5.8527,5.8548,5.8527,47.54
1564890000,5.8527,5.8527,5.8527,5.8527,0
1564890060,5.8527,5.8527,5.8527,5.8527,0
1564890120,5.8595,5.8514,5.8514,5.8595,775.54
1564890180,5.8588,5.8498,5.8542,5.8588,364.76
1564890240,5.8585,5.8568,5.8585,5.8568,138.37
1564890300,5.8541,5.854,5.8541,5.854,49.76
1564890360,5.8567,5.8567,5.8567,5.8567,62.13
1564890420,5.8567,5.8567,5.8567,5.8567,0
1564890480,5.8575,5.856,5.8575,5.856,291.1
1564890540,5.856,5.856,5.856,5.856,0
1564890600,5.856,5.856,5.856,5.856,0
1564890660,5.856,5.856,5.856,5.856,0
1564890720,5.856,5.856,5.856,5.856,0
1564890780,5.8585,5.8585,5.8585,5.8585,38.07
1564890840,5.8582,5.8582,5.8582,5.8582,38.08
1564890900,5.8594,5.8548,5.8548,5.8594,8.28
1564890960,5.8594,5.8594,5.8594,5.8594,0
1564891020,5.8571,5.8571,5.8571,5.8571,38.09
1564891080,5.8589,5.8589,5.8589,5.8589,49.38
1564891140,5.8588,5.8588,5.8588,5.8588,2.07
1564891200,5.8554,5.8554,5.8554,5.8554,38.1
1564891260,5.8554,5.8554,5.8554,5.8554,0
1564891320,5.8583,5.8583,5.8583,5.8583,3.82
1564891380,5.8575,5.852,5.8575,5.8532,469.23
1564891440,5.8503,5.85,5.8503,5.8502,878.44
1564891500,5.8518,5.85,5.8518,5.85,89.4
1564891560,5.85,5.85,5.85,5.85,0
1564891620,5.85,5.85,5.85,5.85,0
1564891680,5.85,5.85,5.85,5.85,0
1564891740,5.8528,5.8528,5.8528,5.8528,38.12
1564891800,5.8528,5.8528,5.8528,5.8528,0
1564891860,5.8528,5.8528,5.8528,5.8528,0
1564891920,5.8496,5.8495,5.8496,5.8495,48.24
1564891980,5.8495,5.8495,5.8495,5.8495,0
1564892040,5.8504,5.84,5.8504,5.844,1054.13
1564892100,5.84,5.8362,5.84,5.8362,546.98
1564892160,5.8437,5.8359,5.8402,5.8383,330.62
1564892220,5.839,5.8327,5.8327,5.839,592.34
1564892280,5.8444,5.8424,5.8424,5.8443,196
1564892340,5.8443,5.8443,5.8443,5.8443,0
1564892400,5.8458,5.8383,5.8458,5.8383,266.96
1564892460,5.8383,5.8383,5.8383,5.8383,0
1564892520,5.8412,5.8372,5.8412,5.8372,65.61
1564892580,5.8372,5.8372,5.8372,5.8372,0
1564892640,5.8398,5.8398,5.8398,5.8398,2.12
1564892700,5.8398,5.8398,5.8398,5.8398,0
1564892760,5.8398,5.8398,5.8398,5.8398,0
1564892820,5.8372,5.8372,5.8372,5.8372,38.21
1564892880,5.8372,5.8372,5.8372,5.8372,0
1564892940,5.8372,5.8372,5.8372,5.8372,0
1564893000,5.8372,5.8372,5.8372,5.8372,0
1564893060,5.8313,5.8276,5.8313,5.8276,318.33
1564893120,5.8364,5.8249,5.8253,5.8301,1360.56
1564893180,5.8304,5.8302,5.8302,5.8304,126.62
1564893240,5.8353,5.8348,5.8348,5.8353,118.2
1564893300,5.8354,5.8353,5.8354,5.8353,26.46
1564893360,5.8353,5.8353,5.8353,5.8353,0
1564893420,5.8372,5.8361,5.8361,5.8372,312.89
1564893480,5.8372,5.835,5.835,5.8372,263.59
1564893540,5.8359,5.8356,5.8359,5.8356,31.63
1564893600,5.8356,5.8356,5.8356,5.8356,0
1564893660,5.8406,5.8388,5.8388,5.8406,56.47
1564893720,5.837,5.837,5.837,5.837,37.25
1564893780,5.8369,5.8368,5.8369,5.8368,39.79
1564893840,5.8403,5.8342,5.8351,5.8342,1091.34
1564893900,5.8342,5.8342,5.8342,5.8342,10.75
1564893960,5.8342,5.8342,5.8342,5.8342,0
1564894020,5.8367,5.8367,5.8367,5.8367,38.22
1564894080,5.8367,5.8367,5.8367,5.8367,0
1564894140,5.8367,5.8367,5.8367,5.8367,0
1564894200,5.8367,5.8367,5.8367,5.8367,0
1564894260,5.8367,5.8367,5.8367,5.8367,0
1564894320,5.8344,5.8344,5.8344,5.8344,5.07
1564894380,5.8278,5.8278,5.8278,5.8278,13.99
1564894440,5.8278,5.8278,5.8278,5.8278,0
1564894500,5.8278,5.8278,5.8278,5.8278,0
1564894560,5.8273,5.8236,5.8273,5.8236,326.34
1564894620,5.8236,5.8236,5.8236,5.8236,0
1564894680,5.8393,5.8297,5.8297,5.8314,73.6
1564894740,5.8401,5.8401,5.8401,5.8401,38.21
1564894800,5.8326,5.8326,5.8326,5.8326,2.61
1564894860,5.8245,5.8245,5.8245,5.8245,166.51
1564894920,5.8373,5.8337,5.8337,5.8339,278.79
1564894980,5.8339,5.8339,5.8339,5.8339,0
1564895040,5.8362,5.8362,5.8362,5.8362,4.15
1564895100,5.8315,5.8315,5.8315,5.8315,126.65
1564895160,5.8315,5.8315,5.8315,5.8315,0
1564895220,5.8327,5.8303,5.8303,5.8327,196.73
1564895280,5.8338,5.8326,5.8338,5.8338,204.88
1564895340,5.8384,5.8365,5.8365,5.8384,202.31
1564895400,5.8398,5.8333,5.8333,5.8398,56.39
1564895460,5.8369,5.8369,5.8369,5.8369,30.53
1564895520,5.8426,5.8373,5.8397,5.8426,146.58
1564895580,5.8456,5.8431,5.8431,5.8456,200.52
1564895640,5.8486,5.8439,5.8439,5.848,352
1564895700,5.8474,5.8474,5.8474,5.8474,38.18
1564895760,5.8484,5.8415,5.8415,5.8484,112.84
1564895820,5.8471,5.8422,5.8456,5.8422,149.34
1564895880,5.8422,5.8422,5.8422,5.8422,0
1564895940,5.8439,5.8439,5.8439,5.8439,127.99
1564896000,5.8429,5.8429,5.8429,5.8429,55.11
1564896060,5.8429,5.8429,5.8429,5.8429,0
1564896120,5.8429,5.8429,5.8429,5.8429,0
1564896180,5.842,5.8411,5.842,5.8411,202.14
1564896240,5.8411,5.8411,5.8411,5.8411,0
1564896300,5.8532,5.8411,5.8411,5.8439,1981.84
1564896360,5.8426,5.8426,5.8426,5.8426,11
1564896420,5.8454,5.8454,5.8454,5.8454,55
1564896480,5.8437,5.8437,5.8437,5.8437,155
1564896540,5.8463,5.8463,5.8463,5.8463,163.97
1564896600,5.8463,5.8463,5.8463,5.8463,0
1564896660,5.8463,5.8463,5.8463,5.8463,0
1564896720,5.8428,5.8417,5.8428,5.8428,421.86
1564896780,5.8395,5.8395,5.8395,5.8395,6.8
1564896840,5.8435,5.8435,5.8435,5.8435,165.93
1564896900,5.8435,5.8435,5.8435,5.8435,0
1564896960,5.8462,5.8452,5.8452,5.8462,336.72
1564897020,5.8484,5.8484,5.8484,5.8484,17.09
1564897080,5.8493,5.8459,5.8493,5.8488,70.42
1564897140,5.8482,5.8482,5.8482,5.8482,2.29
1564897200,5.8467,5.8448,5.8467,5.8448,151.46
1564897260,5.8448,5.8446,5.8448,5.8446,118
1564897320,5.8392,5.8392,5.8392,5.8392,2.61
1564897380,5.8384,5.8382,5.8384,5.8382,36.35
1564897440,5.8382,5.8382,5.8382,5.8382,0
1564897500,5.8377,5.8361,5.8377,5.8361,85.81
1564897560,5.8391,5.8336,5.8338,5.838,47.09
1564897620,5.838,5.838,5.838,5.838,0
1564897680,5.838,5.838,5.838,5.838,0
1564897740,5.838,5.838,5.838,5.838,0
1564897800,5.8356,5.8356,5.8356,5.8356,25.69
1564897860,5.8348,5.8333,5.8348,5.8333,401.73
1564897920,5.8317,5.8317,5.8317,5.8317,159.91
1564897980,5.8317,5.8317,5.8317,5.8317,0
1564898040,5.8353,5.8329,5.8329,5.8353,111.6
1564898100,5.8319,5.8264,5.8305,5.8319,105.01
1564898160,5.8319,5.8319,5.8319,5.8319,0
1564898220,5.8335,5.8335,5.8335,5.8335,87
1564898280,5.8335,5.8335,5.8335,5.8335,0
1564898340,5.8335,5.8335,5.8335,5.8335,0
1564898400,5.8373,5.8373,5.8373,5.8373,99.81
1564898460,5.8373,5.8373,5.8373,5.8373,1.9
1564898520,5.8373,5.8373,5.8373,5.8373,0
1564898580,5.8354,5.8354,5.8354,5.8354,3
1564898640,5.8354,5.8354,5.8354,5.8354,0
1564898700,5.8364,5.8364,5.8364,5.8364,3.04
1564898760,5.8392,5.8392,5.8392,5.8392,88.33
1564898820,5.8431,5.8408,5.8429,5.8431,161.35
1564898880,5.841,5.8399,5.8399,5.8409,140.38
1564898940,5.8409,5.8409,5.8409,5.8409,0
1564899000,5.8409,5.8409,5.8409,5.8409,0
1564899060,5.8378,5.8366,5.8378,5.8366,24.03
1564899120,5.8389,5.8389,5.8389,5.8389,124.87
1564899180,5.8389,5.8389,5.8389,5.8389,0
1564899240,5.8389,5.8389,5.8389,5.8389,0
1564899300,5.8389,5.8389,5.8389,5.8389,0
1564899360,5.8389,5.8389,5.8389,5.8389,0
1564899420,5.8372,5.8372,5.8372,5.8372,40
1564899480,5.8372,5.8372,5.8372,5.8372,0
1564899540,5.8372,5.8372,5.8372,5.8372,0
1564899600,5.8372,5.8372,5.8372,5.8372,0
1564899660,5.8372,5.8372,5.8372,5.8372,0
1564899720,5.8372,5.8372,5.8372,5.8372,19.46
1564899780,5.8373,5.8372,5.8373,5.8372,65.26
1564899840,5.8372,5.8372,5.8372,5.8372,0
1564899900,5.8372,5.8372,5.8372,5.8372,0
1564899960,5.8372,5.8372,5.8372,5.8372,0
1564900020,5.8372,5.8372,5.8372,5.8372,0
1564900080,5.8372,5.8372,5.8372,5.8372,0
1564900140,5.8372,5.8372,5.8372,5.8372,0
1564900200,5.843,5.843,5.843,5.843,58.41
1564900260,5.8431,5.843,5.843,5.8431,91.05
1564900320,5.8431,5.8431,5.8431,5.8431,0
1564900380,5.8403,5.8398,5.8398,5.8403,336.18
1564900440,5.8403,5.8403,5.8403,5.8403,0
1564900500,5.8403,5.8403,5.8403,5.8403,0
1564900560,5.8408,5.8407,5.8407,5.8408,110.27
1564900620,5.8408,5.8408,5.8408,5.8408,2.63
1564900680,5.8408,5.8408,5.8408,5.8408,0
1564900740,5.8378,5.8378,5.8378,5.8378,51.11
1564900800,5.8378,5.8378,5.8378,5.8378,0
1564900860,5.8449,5.8423,5.8423,5.8449,526.81
1564900920,5.8478,5.8474,5.8474,5.8478,9.81
1564900980,5.8478,5.8478,5.8478,5.8478,0
1564901040,5.8478,5.8478,5.8478,5.8478,0
1564901100,5.8458,5.8458,5.8458,5.8458,25
1564901160,5.8458,5.8458,5.8458,5.8458,0
1564901220,5.8458,5.8458,5.8458,5.8458,0
1564901280,5.8423,5.8423,5.8423,5.8423,54.71
1564901340,5.8437,5.8412,5.8437,5.8412,406
1564901400,5.8412,5.8412,5.8412,5.8412,0
1564901460,5.8412,5.8412,5.8412,5.8412,0
1564901520,5.8412,5.8412,5.8412,5.8412,0
1564901580,5.8412,5.8412,5.8412,5.8412,0
1564901640,5.8412,5.8412,5.8412,5.8412,0
1564901700,5.8412,5.8412,5.8412,5.8412,0
1564901760,5.8412,5.8412,5.8412,5.8412,0
1564901820,5.8457,5.8457,5.8457,5.8457,7
1564901880,5.8457,5.8457,5.8457,5.8457,0
1564901940,5.8457,5.8457,5.8457,5.8457,0
1564902000,5.8457,5.8457,5.8457,5.8457,0
1564902060,5.8458,5.8447,5.8447,5.8458,309.14
1564902120,5.85,5.85,5.85,5.85,81.31
1564902180,5.85,5.85,5.85,5.85,2.78
1564902240,5.8531,5.8482,5.8502,5.8482,297.97
1564902300,5.8482,5.8482,5.8482,5.8482,0
1564902360,5.8482,5.8482,5.8482,5.8482,0
1564902420,5.8482,5.8482,5.8482,5.8482,0
1564902480,5.8517,5.8501,5.8501,5.8517,200
1564902540,5.8517,5.8517,5.8517,5.8517,0
1564902600,5.8517,5.8517,5.8517,5.8517,0
1564902660,5.8517,5.8517,5.8517,5.8517,0
1564902720,5.8517,5.8517,5.8517,5.8517,0
1564902780,5.8517,5.8517,5.8517,5.8517,0
1564902840,5.8517,5.8517,5.8517,5.8517,0
1564902900,5.8517,5.8517,5.8517,5.8517,0
1564902960,5.8517,5.8517,5.8517,5.8517,0
1564903020,5.8517,5.8517,5.8517,5.8517,0
1564903080,5.8501,5.8501,5.8501,5.8501,44.76
1564903140,5.8462,5.8462,5.8462,5.8462,4.53
1564903200,5.8522,5.8471,5.8471,5.8522,89.86
1564903260,5.8538,5.8525,5.8527,5.8528,624.68
1564903320,5.8528,5.8528,5.8528,5.8528,0
1564903380,5.855,5.8532,5.8532,5.855,25.89
1564903440,5.8563,5.8503,5.8563,5.8512,831.16
1564903500,5.8533,5.851,5.8533,5.851,36.36
1564903560,5.8491,5.8465,5.8491,5.8465,114.24
1564903620,5.8465,5.8465,5.8465,5.8465,0
1564903680,5.8465,5.8465,5.8465,5.8465,0
1564903740,5.8473,5.8473,5.8473,5.8473,16
1564903800,5.8443,5.8443,5.8443,5.8443,41.56
1564903860,5.8443,5.8443,5.8443,5.8443,0
1564903920,5.8462,5.846,5.846,5.8462,87.09
1564903980,5.8462,5.8462,5.8462,5.8462,0
1564904040,5.8462,5.8462,5.8462,5.8462,0
1564904100,5.8441,5.8441,5.8441,5.8441,133.79
1564904160,5.8441,5.8441,5.8441,5.8441,0
1564904220,5.8453,5.8442,5.8442,5.8453,203.22
1564904280,5.8441,5.8441,5.8441,5.8441,11.56
1564904340,5.8452,5.8442,5.8452,5.8442,171
1564904400,5.8459,5.8456,5.8456,5.8459,73.18
1564904460,5.8467,5.8467,5.8467,5.8467,7.15
1564904520,5.8467,5.8467,5.8467,5.8467,0
1564904580,5.8467,5.8467,5.8467,5.8467,0
1564904640,5.8467,5.8467,5.8467,5.8467,0
1564904700,5.8416,5.8376,5.8385,5.8376,425.94
1564904760,5.8423,5.8385,5.8385,5.8423,56.49
1564904820,5.8434,5.8434,5.8434,5.8434,54.66
1564904880,5.8431,5.8431,5.8431,5.8431,107.08
1564904940,5.8431,5.8431,5.8431,5.8431,0
1564905000,5.8414,5.8414,5.8414,5.8414,60.48
1564905060,5.8408,5.8387,5.8408,5.8387,87.25
1564905120,5.8387,5.8387,5.8387,5.8387,0
1564905180,5.8385,5.8366,5.8378,5.8366,270.16
1564905240,5.8388,5.8387,5.8388,5.8387,36.5
1564905300,5.8401,5.8384,5.8385,5.8384,138.46
1564905360,5.8384,5.8384,5.8384,5.8384,0
1564905420,5.8384,5.8384,5.8384,5.8384,0
1564905480,5.8393,5.8346,5.839,5.8375,418.98
1564905540,5.8375,5.8375,5.8375,5.8375,0
1564905600,5.84,5.84,5.84,5.84,2.5
1564905660,5.84,5.84,5.84,5.84,4.43
1564905720,5.8414,5.8362,5.8362,5.8414,33.86
1564905780,5.8431,5.8431,5.8431,5.8431,14.63
1564905840,5.8379,5.8379,5.8379,5.8379,5.32
1564905900,5.8379,5.8379,5.8379,5.8379,0
1564905960,5.8396,5.8396,5.8396,5.8396,78.49
1564906020,5.8396,5.8396,5.8396,5.8396,0
1564906080,5.8396,5.8396,5.8396,5.8396,0
1564906140,5.8421,5.8421,5.8421,5.8421,82.92
1564906200,5.8421,5.8421,5.8421,5.8421,0
1564906260,5.8421,5.8421,5.8421,5.8421,0
1564906320,5.8421,5.8421,5.8421,5.8421,0
1564906380,5.8376,5.8376,5.8376,5.8376,39
1564906440,5.8376,5.8376,5.8376,5.8376,0
1564906500,5.8376,5.8376,5.8376,5.8376,0
1564906560,5.8424,5.8424,5.8424,5.8424,62.01
1564906620,5.8424,5.8424,5.8424,5.8424,0
1564906680,5.8424,5.8424,5.8424,5.8424,4.94
1564906740,5.8447,5.8331,5.8447,5.84,717.96
1564906800,5.84,5.84,5.84,5.84,0
1564906860,5.84,5.84,5.84,5.84,0
1564906920,5.84,5.84,5.84,5.84,0
1564906980,5.84,5.84,5.84,5.84,0
1564907040,5.8353,5.8351,5.8353,5.8351,24.53
1564907100,5.8351,5.8351,5.8351,5.8351,0
1564907160,5.8351,5.8351,5.8351,5.8351,0
1564907220,5.8351,5.8351,5.8351,5.8351,0
1564907280,5.8351,5.8351,5.8351,5.8351,0
1564907340,5.8381,5.8381,5.8381,5.8381,28.27
1564907400,5.8381,5.8381,5.8381,5.8381,0
1564907460,5.8354,5.8349,5.8354,5.8349,244.42
1564907520,5.8379,5.8379,5.8379,5.8379,53.83
1564907580,5.843,5.843,5.843,5.843,2.73
1564907640,5.843,5.843,5.843,5.843,0
1564907700,5.843,5.843,5.843,5.843,0
1564907760,5.8365,5.8365,5.8365,5.8365,39.91
1564907820,5.8365,5.8365,5.8365,5.8365,0
1564907880,5.8365,5.8347,5.8365,5.8347,343.83
1564907940,5.8347,5.8347,5.8347,5.8347,0
1564908000,5.8347,5.8347,5.8347,5.8347,0
1564908060,5.8347,5.8347,5.8347,5.8347,0
1564908120,5.836,5.836,5.836,5.836,25.95
1564908180,5.836,5.836,5.836,5.836,0
1564908240,5.836,5.836,5.836,5.836,0
1564908300,5.8372,5.8372,5.8372,5.8372,66.04
1564908360,5.8358,5.8358,5.8358,5.8358,88.32
1564908420,5.8358,5.8358,5.8358,5.8358,0
1564908480,5.8355,5.8322,5.833,5.8355,306.87
1564908540,5.8355,5.8355,5.8355,5.8355,0
1564908600,5.8355,5.8355,5.8355,5.8355,0
1564908660,5.8358,5.8358,5.8358,5.8358,100
1564908720,5.8358,5.8358,5.8358,5.8358,0
1564908780,5.8355,5.8294,5.8355,5.8312,368.26
1564908840,5.8342,5.8303,5.833,5.8303,68.22
1564908900,5.8303,5.8303,5.8303,5.8303,0
1564908960,5.8303,5.8303,5.8303,5.8303,0
1564909020,5.8303,5.8303,5.8303,5.8303,0
1564909080,5.8303,5.8303,5.8303,5.8303,0
1564909140,5.8364,5.8312,5.8364,5.8312,136.59
1564909200,5.8312,5.8312,5.8312,5.8312,0
1564909260,5.8312,5.8312,5.8312,5.8312,0
1564909320,5.8312,5.8312,5.8312,5.8312,0
1564909380,5.8312,5.8312,5.8312,5.8312,0
1564909440,5.8312,5.8312,5.8312,5.8312,0
1564909500,5.8368,5.8368,5.8368,5.8368,106.51
1564909560,5.8368,5.8368,5.8368,5.8368,0
1564909620,5.8368,5.8368,5.8368,5.8368,0
1564909680,5.8368,5.8368,5.8368,5.8368,0
1564909740,5.8381,5.8381,5.8381,5.8381,39.03
1564909800,5.8381,5.8381,5.8381,5.8381,0
1564909860,5.8381,5.8381,5.8381,5.8381,0
1564909920,5.8381,5.8381,5.8381,5.8381,0
1564909980,5.8381,5.8381,5.8381,5.8381,0
1564910040,5.8362,5.8334,5.8346,5.8334,632.84
1564910100,5.8334,5.8334,5.8334,5.8334,0
1564910160,5.8383,5.8383,5.8383,5.8383,25.29
1564910220,5.8383,5.8383,5.8383,5.8383,0
1564910280,5.8406,5.8406,5.8406,5.8406,55.15
1564910340,5.8406,5.8406,5.8406,5.8406,0
1564910400,5.8406,5.8406,5.8406,5.8406,0
1564910460,5.8375,5.8375,5.8375,5.8375,92.91
1564910520,5.8397,5.8397,5.8397,5.8397,8.31
1564910580,5.8414,5.8414,5.8414,5.8414,78.01
1564910640,5.8444,5.8415,5.8415,5.8444,159.42
1564910700,5.8436,5.8436,5.8436,5.8436,54.02
1564910760,5.8436,5.8436,5.8436,5.8436,0
1564910820,5.8436,5.8436,5.8436,5.8436,0
1564910880,5.8436,5.8436,5.8436,5.8436,0
1564910940,5.8456,5.8456,5.8456,5.8456,42.49
1564911000,5.8456,5.8456,5.8456,5.8456,0
1564911060,5.8461,5.8461,5.8461,5.8461,52.36
1564911120,5.8461,5.8461,5.8461,5.8461,0
1564911180,5.8461,5.8461,5.8461,5.8461,0
1564911240,5.8461,5.8461,5.8461,5.8461,0
1564911300,5.8466,5.8463,5.8463,5.8466,30.32
1564911360,5.8497,5.8469,5.8497,5.8469,101
1564911420,5.85,5.8495,5.8495,5.85,792.21
1564911480,5.8502,5.85,5.8502,5.85,777.24
1564911540,5.8499,5.8493,5.8493,5.8499,351.74
1564911600,5.8506,5.8499,5.85,5.8499,322.35
1564911660,5.8523,5.852,5.852,5.8523,232.03
1564911720,5.8523,5.8523,5.8523,5.8523,0
1564911780,5.854,5.8531,5.8531,5.854,27.08
1564911840,5.8525,5.8525,5.8525,5.8525,20.9
1564911900,5.8525,5.8525,5.8525,5.8525,0
1564911960,5.8551,5.8533,5.8533,5.8551,333.66
1564912020,5.8537,5.8513,5.8513,5.8537,132.66
1564912080,5.8568,5.8537,5.8537,5.8568,38.63
1564912140,5.8618,5.856,5.8587,5.856,201.99
1564912200,5.8579,5.8557,5.8557,5.8579,42.92
1564912260,5.8568,5.8566,5.8566,5.8567,208.52
1564912320,5.8579,5.8542,5.8579,5.8542,58.72
1564912380,5.8556,5.855,5.855,5.8556,58.6
1564912440,5.8575,5.8556,5.8556,5.8575,109.48
1564912500,5.8555,5.8555,5.8555,5.8555,3.41
1564912560,5.8545,5.8545,5.8545,5.8545,41.24
1564912620,5.8545,5.8545,5.8545,5.8545,0
1564912680,5.8545,5.8545,5.8545,5.8545,0
1564912740,5.8616,5.8569,5.8569,5.8616,181.06
1564912800,5.8616,5.8616,5.8616,5.8616,0
1564912860,5.8614,5.8614,5.8614,5.8614,5.11
1564912920,5.8614,5.8614,5.8614,5.8614,0
1564912980,5.8614,5.8614,5.8614,5.8614,0
1564913040,5.8614,5.8614,5.8614,5.8614,0
1564913100,5.8614,5.8614,5.8614,5.8614,0
1564913160,5.8564,5.8559,5.8559,5.8564,116.14
1564913220,5.8564,5.8564,5.8564,5.8564,0
1564913280,5.8564,5.8564,5.8564,5.8564,0
1564913340,5.8563,5.8563,5.8563,5.8563,13.36
1564913400,5.8531,5.8531,5.8531,5.8531,74.97
1564913460,5.8531,5.8531,5.8531,5.8531,83.86
1564913520,5.8531,5.8531,5.8531,5.8531,0
1564913580,5.8531,5.8531,5.8531,5.8531,0
1564913640,5.8531,5.8531,5.8531,5.8531,3.33
1564913700,5.8504,5.8504,5.8504,5.8504,17.07
1564913760,5.8504,5.8504,5.8504,5.8504,0
1564913820,5.8531,5.8504,5.8507,5.8504,441.6
1564913880,5.8482,5.8482,5.8482,5.8482,57.71
1564913940,5.8482,5.8482,5.8482,5.8482,0
1564914000,5.8482,5.8482,5.8482,5.8482,0
1564914060,5.8482,5.8482,5.8482,5.8482,0
1564914120,5.8555,5.8531,5.8531,5.8555,135.95
1564914180,5.8555,5.8555,5.8555,5.8555,0
1564914240,5.8555,5.8555,5.8555,5.8555,0
1564914300,5.8583,5.8582,5.8583,5.8582,91.79
1564914360,5.8586,5.8583,5.8583,5.8583,637.4
1564914420,5.8583,5.8572,5.858,5.8572,229.01
1564914480,5.8583,5.8581,5.8581,5.8583,241.81
1564914540,5.8583,5.8581,5.8583,5.8583,1183.19
1564914600,5.8583,5.8583,5.8583,5.8583,1847.49
1564914660,5.8583,5.8582,5.8582,5.8583,256.16
1564914720,5.8582,5.8582,5.8582,5.8582,9.66
1564914780,5.8583,5.8583,5.8583,5.8583,24.5
1564914840,5.8583,5.8582,5.8583,5.8583,57.72
1564914900,5.8583,5.8583,5.8583,5.8583,0
1564914960,5.8583,5.8583,5.8583,5.8583,170.73
1564915020,5.8577,5.8577,5.8577,5.8577,92.61
1564915080,5.8577,5.8577,5.8577,5.8577,0
1564915140,5.8577,5.8577,5.8577,5.8577,0
1564915200,5.8577,5.8577,5.8577,5.8577,0
1564915260,5.8582,5.8582,5.8582,5.8582,77.15
1564915320,5.8582,5.8582,5.8582,5.8582,0
1564915380,5.8582,5.8582,5.8582,5.8582,0
1564915440,5.8582,5.8582,5.8582,5.8582,0
1564915500,5.8582,5.8582,5.8582,5.8582,170.75
1564915560,5.8582,5.8582,5.8582,5.8582,0
1564915620,5.8583,5.8583,5.8583,5.8583,79.2
1564915680,5.8583,5.8583,5.8583,5.8583,0
1564915740,5.8583,5.8583,5.8583,5.8583,0
1564915800,5.8583,5.8583,5.8583,5.8583,0
1564915860,5.8583,5.8583,5.8583,5.8583,125.28
1564915920,5.8583,5.8583,5.8583,5.8583,0
1564915980,5.8583,5.8583,5.8583,5.8583,0
1564916040,5.8583,5.8583,5.8583,5.8583,0
1564916100,5.8622,5.8607,5.8618,5.862,499
1564916160,5.864,5.8639,5.864,5.8639,159.2
1564916220,5.8632,5.8609,5.8629,5.8609,147.31
1564916280,5.8591,5.8591,5.8591,5.8591,24.6
1564916340,5.8591,5.8591,5.8591,5.8591,0
1564916400,5.8591,5.8591,5.8591,5.8591,0
1564916460,5.8628,5.86,5.86,5.8623,323.98
1564916520,5.8609,5.8609,5.8609,5.8609,34.71
1564916580,5.8609,5.8609,5.8609,5.8609,0
1564916640,5.8609,5.8609,5.8609,5.8609,0
1564916700,5.8609,5.8609,5.8609,5.8609,0
1564916760,5.8609,5.8609,5.8609,5.8609,0
1564916820,5.864,5.864,5.864,5.864,188.47
1564916880,5.864,5.864,5.864,5.864,0
1564916940,5.864,5.864,5.864,5.864,0
1564917000,5.864,5.864,5.864,5.864,0
1564917060,5.8659,5.8616,5.8659,5.8616,136.31
1564917120,5.8618,5.8618,5.8618,5.8618,5.07
1564917180,5.8618,5.8618,5.8618,5.8618,0
1564917240,5.8618,5.8618,5.8618,5.8618,0
1564917300,5.8618,5.8618,5.8618,5.8618,0
1564917360,5.8618,5.8618,5.8618,5.8618,0
1564917420,5.8618,5.8618,5.8618,5.8618,0
1564917480,5.8659,5.8625,5.8625,5.8659,157.63
1564917540,5.8659,5.8659,5.8659,5.8659,0
1564917600,5.8659,5.8659,5.8659,5.8659,0
1564917660,5.8659,5.8659,5.8659,5.8659,0
1564917720,5.8659,5.8659,5.8659,5.8659,0
1564917780,5.8662,5.8599,5.8608,5.8662,186.36
1564917840,5.8662,5.8638,5.8662,5.865,206.47
1564917900,5.8677,5.8677,5.8677,5.8677,5.1
1564917960,5.868,5.8679,5.868,5.8679,242.32
1564918020,5.8656,5.8656,5.8656,5.8656,4.27
1564918080,5.8656,5.8656,5.8656,5.8656,0
1564918140,5.8673,5.8672,5.8673,5.8672,38.98
1564918200,5.8672,5.8672,5.8672,5.8672,0
1564918260,5.8664,5.8664,5.8664,5.8664,48.79
1564918320,5.8664,5.8664,5.8664,5.8664,0
1564918380,5.8681,5.8681,5.8681,5.8681,67.43
1564918440,5.8689,5.8689,5.8689,5.8689,10
1564918500,5.8689,5.8689,5.8689,5.8689,0
1564918560,5.8689,5.8689,5.8689,5.8689,0
1564918620,5.8689,5.8689,5.8689,5.8689,0
1564918680,5.8767,5.8689,5.8689,5.8767,71.13
1564918740,5.8767,5.8767,5.8767,5.8767,0
1564918800,5.8767,5.8767,5.8767,5.8767,0
1564918860,5.8787,5.8787,5.8787,5.8787,55.59
1564918920,5.8787,5.8787,5.8787,5.8787,0
1564918980,5.8787,5.8787,5.8787,5.8787,0
1564919040,5.8785,5.8785,5.8785,5.8785,12.85
1564919100,5.8785,5.8785,5.8785,5.8785,0
1564919160,5.8824,5.8823,5.8824,5.8823,16.65
1564919220,5.8786,5.8785,5.8786,5.8785,162.75
1564919280,5.8785,5.8785,5.8785,5.8785,0
1564919340,5.8802,5.8785,5.8802,5.8785,33.96
1564919400,5.8823,5.8822,5.8822,5.8823,340
1564919460,5.8785,5.8761,5.8785,5.8761,123.84
1564919520,5.8793,5.8758,5.8763,5.8758,297.86
1564919580,5.8789,5.8742,5.8789,5.8742,63.87
1564919640,5.8767,5.8767,5.8767,5.8767,34.72
1564919700,5.8767,5.8767,5.8767,5.8767,0
1564919760,5.8767,5.8767,5.8767,5.8767,85.83
1564919820,5.8768,5.8768,5.8768,5.8768,1.74
1564919880,5.8768,5.8768,5.8768,5.8768,36.6
1564919940,5.8813,5.8813,5.8813,5.8813,1.85
1564920000,5.8835,5.8825,5.8825,5.8835,80.3
1564920060,5.8835,5.8835,5.8835,5.8835,0
1564920120,5.881,5.8794,5.881,5.8794,24.7
1564920180,5.8794,5.8794,5.8794,5.8794,0
1564920240,5.88,5.88,5.88,5.88,59.04
1564920300,5.88,5.88,5.88,5.88,0
1564920360,5.8768,5.8768,5.8768,5.8768,2
1564920420,5.8768,5.8768,5.8768,5.8768,0
1564920480,5.8767,5.8767,5.8767,5.8767,4
1564920540,5.8796,5.8779,5.879,5.8796,159.24
1564920600,5.8851,5.8797,5.88,5.8803,183.73
1564920660,5.8847,5.8809,5.881,5.8847,341.15
1564920720,5.8847,5.8847,5.8847,5.8847,0
1564920780,5.8832,5.8832,5.8832,5.8832,56.04
1564920840,5.8857,5.8857,5.8857,5.8857,22.77
1564920900,5.8857,5.8857,5.8857,5.8857,14.11
1564920960,5.8861,5.8857,5.8857,5.8861,116.24
1564921020,5.8901,5.8895,5.8895,5.8901,166.97
1564921080,6.0115,5.8913,5.8917,6.0115,7592.74
1564921140,6.038,5.9898,5.9986,6.0337,5092.84
1564921200,6.0769,6.0316,6.0321,6.0676,4231.35
1564921260,6.076,5.9591,6.0672,6.0528,15787.9
1564921320,6.0528,5.9931,6.0528,6.0156,8628.68
1564921380,6.0426,6.0155,6.0156,6.0311,1402.5
1564921440,6.0419,6.0155,6.0356,6.0244,1247.82
1564921500,6.0096,5.9928,6.0054,6.0096,1081.91
1564921560,6.0169,6.0064,6.0098,6.0167,1556.8
1564921620,6.0169,6.0117,6.0131,6.0169,450.53
1564921680,6.0225,6.015,6.0169,6.0225,530.33
1564921740,6.0202,6.0014,6.0202,6.0049,1395.95
1564921800,6.0148,6.005,6.0056,6.0148,688.73
1564921860,6.0127,5.9893,6.0062,5.9942,888.81
1564921920,6.0097,5.9816,5.9912,6.0064,1715.8
1564921980,6.0078,6.0073,6.0075,6.0078,169.87
1564922040,6.0078,6.0078,6.0078,6.0078,0
1564922100,6.0059,6.0059,6.0059,6.0059,1.99
1564922160,6.0194,6.0044,6.0044,6.0194,604.18
1564922220,6.0218,6.0137,6.0218,6.0143,496.18
1564922280,6.0166,6.0005,6.01,6.0005,389.74
1564922340,6.0055,6.0005,6.0005,6.0055,54.06
1564922400,6.0055,6.0051,6.0055,6.0051,53.02
1564922460,6.008,6.0073,6.0073,6.008,24.69
1564922520,6.0023,5.9995,6.0022,6.0009,396.77
1564922580,6.0108,6.0023,6.0023,6.0097,545.97
1564922640,6.0088,6.0034,6.0088,6.0061,875.79
1564922700,6.0111,6.0047,6.011,6.0052,829.71
1564922760,6.0057,6.0057,6.0057,6.0057,113.85
1564922820,6.005,5.9931,6.005,5.9954,1305.04
1564922880,5.9998,5.9971,5.9993,5.9971,123.57
1564922940,6.0003,5.9954,5.996,5.9954,683.59
1564923000,5.9999,5.9898,5.9975,5.9939,730.3
1564923060,5.9926,5.9854,5.9926,5.9854,698.85
1564923120,5.9911,5.985,5.9852,5.9911,156.51
1564923180,5.9993,5.9993,5.9993,5.9993,3.33
1564923240,6.0045,5.9993,5.9993,6.0045,300.61
1564923300,6.0013,5.9851,6.0013,5.9905,446.41
1564923360,5.9939,5.9934,5.9934,5.9939,24.5
1564923420,5.9921,5.9921,5.9921,5.9921,10
1564923480,5.9986,5.9899,5.9899,5.9959,421.5
1564923540,5.9965,5.9897,5.9964,5.9897,917.13
1564923600,5.9965,5.9897,5.9897,5.9908,1131.97
1564923660,5.9982,5.991,5.9937,5.9982,198.66
1564923720,6.0054,5.9981,5.9981,6.0042,231.12
1564923780,6.0111,6.0092,6.0092,6.011,908.39
1564923840,6.0111,6.0069,6.0111,6.0069,586.63
1564923900,6.018,6.0117,6.0117,6.018,263.23
1564923960,6.0175,6.0131,6.0156,6.0174,252.76
1564924020,6.0198,6.0113,6.0171,6.0113,648.19
1564924080,6.0173,6.0167,6.0173,6.0168,137.68
1564924140,6.02,6.0168,6.0168,6.02,100
1564924200,6.027,6.027,6.027,6.027,50.19
1564924260,6.055,6.0285,6.0285,6.0458,1111.63
1564924320,6.0565,6.0524,6.0524,6.0546,82.24
1564924380,6.0613,6.0345,6.0564,6.0418,1785.35
1564924440,6.05,6.0361,6.0463,6.0449,1564.64
1564924500,6.0546,6.0493,6.0545,6.0518,440.5
1564924560,6.0574,6.0449,6.0574,6.0494,625.05
1564924620,6.044,6.0327,6.0432,6.0398,742.69
1564924680,6.0308,6.0211,6.0264,6.0291,393.25
1564924740,6.0306,6.0306,6.0306,6.0306,160.29
1564924800,6.0283,6.0261,6.0262,6.0283,125.29
1564924860,6.0191,6.0191,6.0191,6.0191,129.31
1564924920,6.0216,6.0192,6.0192,6.0216,149.02
1564924980,6.0303,6.0282,6.0282,6.0303,292.67
1564925040,6.0378,6.031,6.0335,6.0378,280.35
1564925100,6.0334,6.0334,6.0334,6.0334,16
1564925160,6.0286,6.0263,6.0271,6.0286,461.43
1564925220,6.0334,6.0303,6.0304,6.0334,2443.53
1564925280,6.0333,6.0247,6.0333,6.0296,2437.67
1564925340,6.0235,6.0184,6.0235,6.0184,10779.49
1564925400,6.022,6.0113,6.0121,6.0188,571.98
1564925460,6.0272,6.0219,6.0272,6.0228,585.42
1564925520,6.0296,6.0213,6.0269,6.0292,193.14
1564925580,6.0231,6.021,6.0231,6.021,151.32
1564925640,6.0188,6.0084,6.0188,6.0084,113.4
1564925700,6.0125,6.0085,6.0085,6.0125,115.56
1564925760,6.0145,6.0143,6.0143,6.0145,150
1564925820,6.0145,6.0145,6.0145,6.0145,0
1564925880,6.022,6.0208,6.0208,6.022,10.5
1564925940,6.0221,6.0221,6.0221,6.0221,6.9
1564926000,6.0279,6.0263,6.0263,6.0264,308.56
1564926060,6.0266,6.0242,6.0266,6.0242,292.72
1564926120,6.0303,6.0291,6.0291,6.0303,218.7
1564926180,6.0303,6.0303,6.0303,6.0303,0
1564926240,6.0303,6.0303,6.0303,6.0303,0
1564926300,6.0302,6.0291,6.0301,6.0299,365
1564926360,6.0322,6.0299,6.0299,6.0322,878.51
1564926420,6.0345,6.0305,6.0343,6.0305,600.43
1564926480,6.0303,6.03,6.0303,6.03,1101.59
1564926540,6.0272,6.027,6.0272,6.027,801.69
1564926600,6.0293,6.0226,6.0282,6.0252,162.96
1564926660,6.0252,6.0252,6.0252,6.0252,0
1564926720,6.0267,6.0252,6.0252,6.0267,70.7
1564926780,6.0267,6.0267,6.0267,6.0267,0
1564926840,6.0281,6.0281,6.0281,6.0281,16.59
1564926900,6.0275,6.0273,6.0273,6.0275,138.88
1564926960,6.0367,6.03,6.03,6.0367,809.99
1564927020,6.037,6.0367,6.0368,6.037,207.19
1564927080,6.0369,6.0369,6.0369,6.0369,96.09
1564927140,6.0369,6.0369,6.0369,6.0369,0
1564927200,6.035,6.0346,6.0347,6.0347,200
1564927260,6.037,6.0341,6.0369,6.037,146.06
1564927320,6.037,6.0348,6.0367,6.0348,493.42
1564927380,6.0381,6.0364,6.0364,6.0381,441.8
1564927440,6.0413,6.0366,6.0381,6.0413,3322.36
1564927500,6.0383,6.038,6.0383,6.0381,1001.63
1564927560,6.0381,6.0365,6.0365,6.0381,70.59
1564927620,6.0441,6.0441,6.0441,6.0441,2.15
1564927680,6.0556,6.0463,6.0463,6.0492,153.64
1564927740,6.0492,6.0492,6.0492,6.0492,7
1564927800,6.05,6.05,6.05,6.05,41.79
1564927860,6.0542,6.0511,6.0511,6.0542,231.6
1564927920,6.0542,6.0542,6.0542,6.0542,0
1564927980,6.0563,6.0563,6.0563,6.0563,10.81
1564928040,6.0568,6.0568,6.0568,6.0568,36.12
1564928100,6.053,6.049,6.049,6.053,53.17
1564928160,6.053,6.053,6.053,6.053,0
1564928220,6.0544,6.0508,6.0508,6.0544,64.7
1564928280,6.0615,6.057,6.057,6.0615,203.28
1564928340,6.0588,6.0557,6.0576,6.0557,177.35
1564928400,6.0602,6.0584,6.0584,6.0602,63.4
1564928460,6.0602,6.0602,6.0602,6.0602,5
1564928520,6.057,6.057,6.057,6.057,56
1564928580,6.0582,6.0525,6.0582,6.0569,299.78
1564928640,6.0569,6.0569,6.0569,6.0569,0
1564928700,6.0586,6.0566,6.0586,6.0566,277.18
1564928760,6.0641,6.0595,6.0605,6.0641,222.81
1564928820,6.0638,6.0638,6.0638,6.0638,4.94
1564928880,6.0638,6.0638,6.0638,6.0638,81.27
1564928940,6.067,6.0606,6.0637,6.067,285.11
1564929000,6.0688,6.068,6.068,6.0688,25.15
1564929060,6.0736,6.0714,6.0714,6.0736,4.29
1564929120,6.0786,6.0747,6.0747,6.0786,41.83
1564929180,6.0766,6.0766,6.0766,6.0766,10.4
1564929240,6.0769,6.0769,6.0769,6.0769,154.32
1564929300,6.0783,6.0723,6.0783,6.0766,606
1564929360,6.0842,6.0766,6.0766,6.0842,189.76
1564929420,6.0891,6.082,6.0843,6.0891,27.75
1564929480,6.09,6.0784,6.0888,6.09,392.15
1564929540,6.0912,6.0877,6.0894,6.0912,939.84
1564929600,6.0965,6.0912,6.0912,6.0931,611.28
1564929660,6.0985,6.0961,6.0966,6.0961,238.26
1564929720,6.1111,6.0985,6.0985,6.1044,2009.54
1564929780,6.1099,6.105,6.1071,6.108,167.34
1564929840,6.108,6.108,6.108,6.108,0
1564929900,6.1135,6.1102,6.1111,6.1102,34.01
1564929960,6.1145,6.1055,6.112,6.1055,846.13
1564930020,6.1097,6.1053,6.1097,6.1088,248.59
1564930080,6.107,6.1011,6.1051,6.1013,200.63
1564930140,6.12,6.1013,6.1069,6.1083,2754.05
1564930200,6.1107,6.1065,6.1067,6.1074,228.3
1564930260,6.1049,6.1049,6.1049,6.1049,6.38
1564930320,6.1132,6.1128,6.1128,6.1132,86.48
1564930380,6.1135,6.1107,6.1129,6.1107,415.36
1564930440,6.1101,6.11,6.11,6.1101,13.19
1564930500,6.1101,6.11,6.1101,6.11,1561.47
1564930560,6.1163,6.1081,6.1124,6.1081,119.58
1564930620,6.1128,6.1088,6.1121,6.1128,236.98
1564930680,6.1128,6.1128,6.1128,6.1128,0
1564930740,6.1128,6.1128,6.1128,6.1128,0
1564930800,6.1128,6.1128,6.1128,6.1128,0
1564930860,6.1263,6.1163,6.1163,6.1237,585.66
1564930920,6.1248,6.1198,6.1198,6.1248,51.34
1564930980,6.1265,6.122,6.122,6.1248,211.12
1564931040,6.1275,6.118,6.1228,6.1212,159.6
1564931100,6.1274,6.1266,6.1274,6.1266,93.81
1564931160,6.1337,6.1275,6.1275,6.1283,603.12
1564931220,6.1262,6.1262,6.1262,6.1262,14.07
1564931280,6.1311,6.1255,6.1255,6.126,892.84
1564931340,6.131,6.1259,6.1259,6.1306,124.94
1564931400,6.1305,6.1252,6.126,6.1255,39.19
1564931460,6.135,6.131,6.131,6.1322,234.82
1564931520,6.1277,6.1275,6.1277,6.1275,116.93
1564931580,6.1269,6.1252,6.1269,6.1252,101.95
1564931640,6.1274,6.1227,6.1268,6.1255,141.49
1564931700,6.1238,6.1134,6.1238,6.1195,312.93
1564931760,6.1166,6.1096,6.1166,6.1127,268.69
1564931820,6.1126,6.101,6.1106,6.1071,364.22
1564931880,6.107,6.1054,6.107,6.1067,293.13
1564931940,6.1067,6.1019,6.1067,6.1049,609.87
1564932000,6.1085,6.1001,6.1012,6.1042,588.91
1564932060,6.0982,6.0976,6.0982,6.0976,110.46
1564932120,6.0976,6.0976,6.0976,6.0976,83.6
1564932180,6.1067,6.0975,6.0995,6.1067,261.49
1564932240,6.1096,6.1067,6.1067,6.1096,89.18
1564932300,6.1182,6.1162,6.1182,6.1163,66.91
1564932360,6.1163,6.1163,6.1163,6.1163,0
1564932420,6.118,6.1132,6.118,6.1132,93.44
1564932480,6.112,6.112,6.112,6.112,8.17
1564932540,6.1158,6.1113,6.1113,6.1158,63.64
1564932600,6.1158,6.1151,6.1158,6.1151,231.27
1564932660,6.1252,6.1129,6.1151,6.1252,4084.18
1564932720,6.15,6.1189,6.1319,6.1368,4374.38
1564932780,6.1427,6.1342,6.1423,6.1403,493.73
1564932840,6.1448,6.1389,6.144,6.1389,185.36
1564932900,6.15,6.1316,6.1395,6.1316,3182.6
1564932960,6.1302,6.107,6.1302,6.1263,2220.84
1564933020,6.1259,6.1188,6.1188,6.1259,12.88
1564933080,6.1312,6.1272,6.1272,6.1287,215.58
1564933140,6.1338,6.126,6.126,6.1338,13.11
1564933200,6.1279,6.1187,6.1279,6.1187,458.53
1564933260,6.117,6.1155,6.1155,6.1157,315.69
1564933320,6.1175,6.1152,6.1158,6.1175,288.8
1564933380,6.1204,6.1155,6.1195,6.1155,838.06
1564933440,6.1157,6.1059,6.1157,6.1068,581.21
1564933500,6.1112,6.1099,6.1112,6.1099,169.81
1564933560,6.1099,6.1099,6.1099,6.1099,0
1564933620,6.123,6.123,6.123,6.123,12.5
1564933680,6.1258,6.1144,6.1258,6.1144,486.31
1564933740,6.116,6.1063,6.1111,6.116,285.46
1564933800,6.12,6.1194,6.1194,6.1197,539.42
1564933860,6.1198,6.1158,6.1165,6.1158,401.15
1564933920,6.1158,6.1157,6.1158,6.1157,11.44
1564933980,6.121,6.1186,6.1186,6.121,582.98
1564934040,6.1198,6.1121,6.1128,6.1121,234.8
1564934100,6.1143,6.1113,6.1121,6.1143,201.88
1564934160,6.1165,6.1102,6.1125,6.1165,412.35
1564934220,6.1134,6.103,6.1099,6.1059,1770.91
1564934280,6.1048,6.0882,6.1048,6.0918,537.29
1564934340,6.0947,6.0939,6.0947,6.0939,97.08
