1557244800,173.52,173.06,173.47,173.18,468.99765
1557244860,173.18,172.89,173.12,172.95,595.25284
1557244920,173.43,172.89,172.94,173.43,367.55023
1557244980,173.47,173.14,173.39,173.18,286.06604
1557245040,173.17,172.91,173.13,173.12,318.70164
1557245100,173.23,172.97,173.04,173.15,292.71386
1557245160,173.28,173.07,173.22,173.21,250.03445
1557245220,173.28,173.05,173.24,173.08,235.28383
1557245280,173.19,173.05,173.1,173.05,278.87861
1557245340,173.27,173.05,173.09,173.16,458.19861
1557245400,173.37,173.12,173.14,173.34,130.91536
1557245460,173.48,173.28,173.35,173.43,248.03789
1557245520,173.47,173.37,173.43,173.42,183.72542
1557245580,173.47,173.31,173.42,173.41,859.43709
1557245640,173.6,173.37,173.37,173.58,420.62601
1557245700,173.68,173.5,173.53,173.63,432.36407
1557245760,173.93,173.63,173.63,173.86,265.10436
1557245820,174.12,173.81,173.86,174.03,281.5178
1557245880,174.39,173.99,174.15,174,1118.92418
1557245940,174.25,173.87,174,174.19,3020.48898
1557246000,174.4,174.19,174.22,174.29,398.68815
1557246060,174.43,174.24,174.31,174.34,195.25687
1557246120,174.5,174.31,174.34,174.48,681.66224
1557246180,174.71,174.46,174.47,174.6,371.1845
1557246240,174.86,174.6,174.6,174.63,727.49517
1557246300,174.72,174.3,174.71,174.43,510.82827
1557246360,174.76,174.36,174.43,174.69,399.65812
1557246420,174.9,174.63,174.69,174.73,330.26281
1557246480,175.14,174.73,174.73,175.14,667.905
1557246540,175.26,175.07,175.11,175.22,928.392
1557246600,175.14,174.89,175.14,174.92,577.32317
1557246660,175,174.56,174.91,174.63,534.34321
1557246720,174.87,174.62,174.62,174.81,251.2138
1557246780,175,174.8,174.8,174.9,521.01527
1557246840,174.95,174.69,174.92,174.7,448.76954
1557246900,174.8,174.62,174.7,174.67,243.27321
1557246960,174.88,174.64,174.71,174.68,209.33657
1557247020,174.78,174.62,174.75,174.63,131.6904
1557247080,174.66,174.34,174.64,174.36,239.75539
1557247140,174.65,174.33,174.39,174.51,440.72284
1557247200,174.64,174.39,174.54,174.47,343.56579
1557247260,174.9,174.59,174.59,174.81,171.4388
1557247320,174.88,174.61,174.81,174.63,328.0342
1557247380,174.75,174.41,174.64,174.47,802.10961
1557247440,174.8,174.56,174.65,174.68,369.97538
1557247500,174.67,174.35,174.6,174.39,312.24538
1557247560,174.52,174.35,174.37,174.39,175.11999
1557247620,174.44,174.05,174.35,174.13,237.25975
1557247680,174.28,174.12,174.19,174.18,192.93293
1557247740,174.58,174.17,174.21,174.58,419.22342
1557247800,174.53,174.35,174.5,174.53,227.72498
1557247860,174.63,174.35,174.52,174.51,215.78504
1557247920,174.6,174.5,174.5,174.52,152.58645
1557247980,174.57,174.44,174.54,174.52,197.25983
1557248040,174.61,174.48,174.54,174.59,126.88839
1557248100,174.73,174.55,174.59,174.72,150.92977
1557248160,174.88,174.62,174.69,174.66,144.46746
1557248220,174.75,174.55,174.64,174.6,188.14111
1557248280,174.86,174.6,174.61,174.8,121.84998
1557248340,174.97,174.72,174.83,174.92,330.04921
1557248400,174.95,174.68,174.92,174.76,236.84806
1557248460,174.77,174.48,174.68,174.55,688.67217
1557248520,174.63,174.49,174.55,174.63,459.31086
1557248580,174.66,174.42,174.6,174.44,206.08791
1557248640,174.53,174.4,174.43,174.41,150.88347
1557248700,174.55,174.38,174.42,174.45,293.13838
1557248760,174.66,174.41,174.47,174.5,794.80227
1557248820,174.5,174.34,174.5,174.38,724.16572
1557248880,174.5,174.36,174.38,174.45,174.77941
1557248940,174.5,174.34,174.42,174.41,288.8977
1557249000,174.5,174.12,174.45,174.47,502.32645
1557249060,174.55,174.41,174.47,174.45,143.80884
1557249120,174.56,174.27,174.45,174.33,144.43806
1557249180,174.41,174.16,174.36,174.39,164.64983
1557249240,174.46,174.25,174.4,174.31,173.39785
1557249300,174.39,174.25,174.32,174.31,168.60981
1557249360,174.57,174.31,174.31,174.51,247.8376
1557249420,174.56,174.42,174.53,174.49,70.95231
1557249480,174.44,174.28,174.44,174.28,112.84194
1557249540,174.35,174.11,174.32,174.13,103.04393
1557249600,174.18,174,174.17,174.04,348.64226
1557249660,174.11,174,174.07,174.01,138.62125
1557249720,174.02,173.87,174,174.02,242.96069
1557249780,174.15,173.95,174,174.04,205.67723
1557249840,174.16,173.96,174.07,174.16,287.65484
1557249900,174.24,174.09,174.1,174.11,64.66404
1557249960,174.24,174.06,174.1,174.22,401.23022
1557250020,174.42,174.19,174.26,174.19,93.02847
1557250080,174.39,174.2,174.2,174.37,64.53458
1557250140,174.41,174.26,174.34,174.35,83.15293
1557250200,174.36,174.11,174.36,174.15,219.97448
1557250260,174.27,174.11,174.14,174.22,90.8066
1557250320,174.3,174.13,174.22,174.22,67.95334
1557250380,174.24,173.99,174.21,174.14,253.27003
1557250440,174.15,173.85,174.11,173.92,140.89975
1557250500,173.94,173.64,173.93,173.7,321.5483
1557250560,173.7,173.5,173.7,173.5,401.87871
1557250620,173.77,173.5,173.5,173.68,212.72649
1557250680,173.71,173.55,173.67,173.58,295.70156
1557250740,173.6,173.46,173.59,173.46,278.41999
1557250800,173.52,173.43,173.46,173.43,56.47774
1557250860,173.55,173.43,173.43,173.46,145.86088
1557250920,173.66,173.45,173.46,173.62,261.2185
1557250980,173.75,173.6,173.62,173.66,100.53682
1557251040,173.65,173.47,173.63,173.52,467.2593
1557251100,173.53,173.45,173.45,173.46,99.48814
1557251160,173.45,173,173.45,173.09,619.66701
1557251220,173.48,173.14,173.14,173.42,393.05536
1557251280,173.59,173.22,173.39,173.23,259.94845
1557251340,173.23,173,173.23,173.13,304.44217
1557251400,173.48,173.12,173.12,173.37,125.70062
1557251460,173.47,173.3,173.38,173.42,85.29482
1557251520,173.42,173.14,173.41,173.26,135.81676
1557251580,173.46,173.15,173.21,173.46,511.35865
1557251640,173.47,173.3,173.42,173.34,67.05446
1557251700,173.41,173.24,173.33,173.29,76.701
1557251760,173.37,173.25,173.27,173.36,49.96422
1557251820,173.37,173.25,173.36,173.31,54.773
1557251880,173.32,173,173.26,173.23,566.55489
1557251940,173.46,173.22,173.23,173.37,227.57228
1557252000,173.38,173.13,173.38,173.25,151.07372
1557252060,173.25,173,173.25,173.18,154.0829
1557252120,173.17,172.86,173.17,172.97,227.34467
1557252180,172.99,172.78,172.97,172.79,276.66082
1557252240,172.82,172.66,172.82,172.67,384.64646
1557252300,172.71,172.45,172.68,172.65,322.67943
1557252360,172.7,172.47,172.66,172.47,176.67824
1557252420,172.79,172.41,172.48,172.71,143.04711
1557252480,172.96,172.73,172.76,172.89,191.61985
1557252540,172.95,172.77,172.88,172.88,213.84078
1557252600,172.94,172.78,172.89,172.91,89.1369
1557252660,173.06,172.85,172.9,173.02,210.61581
1557252720,173.14,172.97,173.09,173.14,121.45396
1557252780,173.15,173.1,173.11,173.1,159.45225
1557252840,173.32,173.1,173.1,173.26,176.22028
1557252900,173.31,173.15,173.23,173.22,633.49611
1557252960,173.22,173.13,173.22,173.14,100.8156
1557253020,173.34,173.13,173.13,173.31,201.10842
1557253080,173.31,173.25,173.26,173.26,164.22813
1557253140,173.31,173.25,173.31,173.25,774.61794
1557253200,173.35,173.14,173.28,173.14,983.98673
1557253260,173.23,173.01,173.14,173.01,57.9881
1557253320,173.02,172.6,173.02,172.71,130.98462
1557253380,172.83,172.6,172.73,172.83,227.98052
1557253440,172.88,172.65,172.83,172.71,124.64252
1557253500,172.83,172.63,172.74,172.82,66.89076
1557253560,172.85,172.76,172.79,172.83,107.67231
1557253620,172.87,172.69,172.82,172.77,303.23772
1557253680,172.87,172.75,172.78,172.78,63.74402
1557253740,172.83,172.73,172.78,172.73,50.03699
1557253800,172.82,172.71,172.8,172.77,30.26545
1557253860,172.78,172.71,172.77,172.73,76.23208
1557253920,172.78,172.59,172.77,172.59,108.2323
1557253980,172.69,172.52,172.64,172.52,109.35092
1557254040,172.62,172.5,172.56,172.5,51.05779
1557254100,172.52,172.31,172.51,172.33,101.53354
1557254160,172.66,172.32,172.35,172.66,234.7282
1557254220,172.69,172.59,172.66,172.63,90.43352
1557254280,172.62,172.33,172.6,172.34,98.01237
1557254340,172.37,172.25,172.35,172.25,94.28381
1557254400,172.52,172.25,172.25,172.49,89.64766
1557254460,172.62,172.45,172.45,172.57,87.3033
1557254520,172.6,172.34,172.59,172.45,114.18169
1557254580,172.47,172.27,172.45,172.27,81.37879
1557254640,172.32,171.77,172.27,171.86,744.37106
1557254700,172.19,171.82,171.82,172.08,293.47738
1557254760,172.65,172.11,172.11,172.55,718.36563
1557254820,172.56,172.15,172.56,172.25,119.2708
1557254880,172.49,172.23,172.28,172.46,138.85398
1557254940,172.67,172.44,172.49,172.48,181.24178
1557255000,172.46,172.07,172.46,172.14,99.44427
1557255060,172.15,172.02,172.15,172.07,33.66405
1557255120,172.1,172.01,172.07,172.02,86.1908
1557255180,172.06,171.95,172.03,172.02,103.05009
1557255240,172.31,171.97,172,172.25,232.69286
1557255300,172.29,172.04,172.25,172.07,166.60822
1557255360,172.19,172.04,172.06,172.18,413.73939
1557255420,172.15,172,172.13,172.09,173.48877
1557255480,172.14,172.03,172.03,172.12,151.46233
1557255540,172.17,172.04,172.04,172.17,46.12449
1557255600,172.32,172.1,172.1,172.3,75.77093
1557255660,172.45,172.29,172.3,172.36,162.48563
1557255720,172.45,172.31,172.4,172.44,176.84019
1557255780,172.5,172.41,172.42,172.44,131.05341
1557255840,172.45,172.3,172.44,172.36,51.52931
1557255900,172.52,172.34,172.37,172.47,59.97562
1557255960,172.51,172.3,172.42,172.38,140.86534
1557256020,172.4,172.25,172.31,172.25,86.80321
1557256080,172.3,172.19,172.27,172.26,83.18886
1557256140,172.3,172.16,172.19,172.23,79.4044
1557256200,172.32,172.15,172.2,172.17,78.27437
1557256260,172.25,171.87,172.17,171.91,152.12679
1557256320,171.91,171.33,171.9,171.77,2586.43752
1557256380,172.29,171.72,171.73,171.92,1047.0764
1557256440,172.08,171.52,171.87,171.99,459.90011
1557256500,172.3,172.02,172.02,172.19,124.56945
1557256560,172.22,171.95,172.18,171.97,310.25726
1557256620,172.08,171.87,172.04,171.92,410.30236
1557256680,171.97,171.43,171.97,171.63,562.71761
1557256740,171.72,171.36,171.57,171.63,533.11727
1557256800,171.6,171.39,171.6,171.5,157.31858
1557256860,171.52,171,171.49,171.2,651.33594
1557256920,171.55,171,171.27,171.05,875.65262
1557256980,171.25,170.9,171.09,171.15,925.14561
1557257040,171.39,171.11,171.24,171.23,258.78435
1557257100,171.35,171.04,171.17,171.25,267.07802
1557257160,171.51,171.25,171.27,171.35,126.41776
1557257220,171.45,171.17,171.37,171.41,102.79548
1557257280,171.63,171.42,171.43,171.63,403.23541
1557257340,171.91,171.34,171.56,171.59,1052.46274
1557257400,171.55,171.31,171.5,171.32,388.5222
1557257460,171.62,171.32,171.32,171.46,165.87862
1557257520,171.48,171.18,171.36,171.32,358.08914
1557257580,171.34,171,171.28,171.1,287.69625
1557257640,171.36,171.04,171.1,171.3,152.21026
1557257700,171.35,171.17,171.3,171.28,106.92531
1557257760,171.46,171.23,171.31,171.46,140.35052
1557257820,171.64,171.26,171.48,171.32,326.10731
1557257880,171.42,171.04,171.35,171.09,302.90285
1557257940,171.36,171.03,171.07,171.25,145.55362
1557258000,171.41,171.09,171.26,171.22,129.47966
1557258060,171.22,170.81,171.21,170.97,449.80731
1557258120,171.2,170.97,170.97,171.15,102.31868
1557258180,171.16,170.87,171.16,170.89,138.22146
1557258240,170.97,170.81,170.92,170.94,133.06308
1557258300,171.02,170.87,170.9,171.02,265.26747
1557258360,171.31,171.06,171.06,171.23,210.73764
1557258420,171.33,171.05,171.19,171.1,131.85289
1557258480,171.29,171.07,171.09,171.18,161.79063
1557258540,171.54,171.16,171.2,171.46,227.16976
1557258600,171.65,171.33,171.46,171.47,239.53016
1557258660,171.59,171.41,171.43,171.56,128.30159
1557258720,171.93,171.54,171.54,171.86,300.4586
1557258780,171.93,171.43,171.85,171.6,217.05636
1557258840,171.7,171.52,171.58,171.58,96.85651
1557258900,171.61,171.51,171.57,171.59,78.05775
1557258960,171.73,171.51,171.51,171.67,101.28646
1557259020,171.71,171.56,171.68,171.58,60.50319
1557259080,171.7,171.55,171.63,171.69,147.1247
1557259140,171.9,171.58,171.65,171.89,263.68379
1557259200,171.98,171.72,171.9,171.72,258.14588
1557259260,171.87,171.71,171.76,171.87,73.06831
1557259320,172.11,171.85,171.86,172.04,602.79525
1557259380,172.1,171.87,172.04,171.89,244.59373
1557259440,172.12,171.9,171.9,172.02,126.47281
1557259500,172.25,172,172.03,172.25,329.86835
1557259560,172.35,172.15,172.25,172.32,86.70255
1557259620,172.58,172.31,172.32,172.52,293.5948
1557259680,172.68,172.55,172.55,172.63,175.72833
1557259740,172.63,172.17,172.63,172.25,387.8171
1557259800,172.46,172.15,172.24,172.39,442.84702
1557259860,172.46,172.33,172.4,172.34,79.35776
1557259920,172.39,172.2,172.34,172.31,198.28052
1557259980,172.39,172.24,172.3,172.24,66.73759
1557260040,172.27,172.05,172.25,172.12,101.89945
1557260100,172.32,172.12,172.12,172.32,75.04958
1557260160,172.36,172.1,172.36,172.25,75.10353
1557260220,172.21,172.06,172.19,172.11,88.38881
1557260280,172.18,172.06,172.11,172.1,61.96821
1557260340,172.22,172.02,172.07,172.19,203.77602
1557260400,172.37,172.14,172.18,172.34,105.87645
1557260460,172.34,172.21,172.34,172.25,99.62979
1557260520,172.28,172.14,172.24,172.27,70.57297
1557260580,172.53,172.23,172.23,172.51,188.38269
1557260640,172.83,172.49,172.5,172.82,172.80932
1557260700,173.15,172.8,172.8,173.06,1302.06704
1557260760,173.06,172.9,173.06,172.97,396.71307
1557260820,173,172.81,172.99,172.92,166.58059
1557260880,172.94,172.8,172.94,172.82,72.565
1557260940,172.94,172.8,172.83,172.89,43.02467
1557261000,172.95,172.8,172.9,172.8,121.61292
1557261060,172.87,172.76,172.87,172.82,55.35757
1557261120,172.93,172.78,172.82,172.93,128.41538
1557261180,173.06,172.87,172.92,172.99,120.20852
1557261240,173.16,172.98,173.02,173.08,140.74605
1557261300,173.17,173.05,173.09,173.11,74.86589
1557261360,173.26,173.12,173.12,173.2,211.9217
1557261420,173.25,173.15,173.21,173.22,141.7278
1557261480,173.26,173.15,173.18,173.25,141.88689
1557261540,173.25,173.15,173.15,173.2,71.23964
1557261600,173.25,173.17,173.2,173.2,58.74024
1557261660,173.28,173.2,173.2,173.22,60.30928
1557261720,173.28,173.13,173.28,173.17,132.94779
1557261780,173.27,173.17,173.17,173.22,88.51533
1557261840,173.36,173.19,173.2,173.32,93.82205
1557261900,173.45,173.32,173.33,173.35,166.6664
1557261960,173.42,173.35,173.35,173.41,139.10501
1557262020,173.47,173.33,173.41,173.35,363.55323
1557262080,173.44,173.26,173.38,173.31,130.42375
1557262140,173.36,172.92,173.31,172.96,332.31049
1557262200,173.04,172.4,172.95,172.4,1289.23737
1557262260,172.83,172.36,172.38,172.82,195.05012
1557262320,172.82,172.53,172.76,172.54,145.17372
1557262380,172.71,172.49,172.59,172.5,104.98709
1557262440,172.71,172.46,172.5,172.58,67.49389
1557262500,172.62,172.37,172.58,172.55,96.50322
1557262560,172.54,172.25,172.53,172.25,101.65967
1557262620,172.54,172.29,172.32,172.47,86.32897
1557262680,172.55,172.35,172.49,172.4,81.58207
1557262740,172.39,172.11,172.39,172.11,96.31447
1557262800,172.54,172.06,172.12,172.51,136.73026
1557262860,172.54,172.29,172.52,172.29,62.02237
1557262920,172.45,172.25,172.34,172.39,66.1815
1557262980,172.63,172.42,172.46,172.6,82.34032
1557263040,173.16,172.53,172.59,173.07,662.59269
1557263100,173.32,173.05,173.07,173.07,169.1689
1557263160,173.16,172.9,173.07,172.99,49.69036
1557263220,173.49,172.99,172.99,173.24,234.55405
1557263280,173.4,173.16,173.16,173.4,84.66517
1557263340,173.47,173.23,173.39,173.39,148.43651
1557263400,173.55,173.32,173.32,173.54,138.84631
1557263460,173.69,173.46,173.55,173.68,112.07874
1557263520,173.8,173.65,173.68,173.7,102.76396
1557263580,173.8,173.63,173.7,173.63,125.76831
1557263640,173.72,173.56,173.68,173.72,65.9845
1557263700,173.81,173.67,173.72,173.73,194.3295
1557263760,173.75,173.59,173.71,173.68,69.88783
1557263820,173.75,173.59,173.75,173.59,42.7791
1557263880,173.6,173.46,173.6,173.48,106.59905
1557263940,173.58,173.45,173.5,173.5,152.82278
1557264000,173.59,173.45,173.5,173.46,59.06568
1557264060,173.59,173.45,173.46,173.53,91.56467
1557264120,173.53,173.41,173.52,173.51,72.74093
1557264180,173.55,173.41,173.51,173.47,58.82928
1557264240,173.53,173.36,173.47,173.46,86.96927
1557264300,173.6,173.4,173.48,173.6,43.47824
1557264360,173.64,173.51,173.63,173.64,67.1719
1557264420,173.65,173.54,173.57,173.61,45.80611
1557264480,173.62,173.53,173.61,173.53,55.34324
1557264540,173.53,173.33,173.52,173.37,135.76972
1557264600,173.54,173.34,173.4,173.45,87.99589
1557264660,173.64,173.46,173.51,173.51,73.80669
1557264720,173.64,173.5,173.51,173.52,56.0638
1557264780,173.61,173.51,173.52,173.57,48.63582
1557264840,173.58,173.49,173.52,173.57,86.87664
1557264900,173.62,173.47,173.57,173.54,36.28273
1557264960,173.61,173.49,173.51,173.5,33.83153
1557265020,173.59,173.49,173.53,173.55,68.5933
1557265080,173.59,173.51,173.52,173.51,45.62607
1557265140,173.68,173.52,173.58,173.63,61.92766
1557265200,173.78,173.63,173.65,173.68,66.98181
1557265260,173.83,173.68,173.76,173.83,95.79545
1557265320,173.83,173.74,173.76,173.82,91.07569
1557265380,173.95,173.8,173.83,173.89,50.81921
1557265440,173.9,173.79,173.9,173.81,27.55202
1557265500,173.88,173.79,173.88,173.84,53.68385
1557265560,173.84,173.8,173.84,173.8,73.79171
1557265620,173.8,173.7,173.8,173.7,113.07019
1557265680,174.07,173.66,173.7,173.96,1088.89589
1557265740,173.97,173.84,173.91,173.95,91.82991
1557265800,173.98,173.88,173.96,173.95,51.66661
1557265860,174.04,173.95,173.96,174.03,58.99256
1557265920,174.03,173.92,174.02,174.03,58.48834
1557265980,174.06,173.96,173.97,174.06,106.29896
1557266040,174.25,174.05,174.06,174.12,96.3979
1557266100,174.2,174,174.11,174.03,361.49512
1557266160,174.1,173.75,174.06,173.84,279.64438
1557266220,173.92,173.75,173.88,173.87,87.36636
1557266280,173.9,173.8,173.88,173.83,41.42997
1557266340,173.85,173.72,173.85,173.74,220.98512
1557266400,173.79,173.64,173.72,173.77,58.1811
1557266460,173.83,173.73,173.79,173.81,60.96274
1557266520,173.82,173.73,173.75,173.82,32.53353
1557266580,174.1,173.81,173.82,174.03,63.27465
1557266640,174.1,173.86,174.1,173.91,59.54759
1557266700,174,173.86,173.89,174,65.56594
1557266760,174.11,173.95,173.97,174.09,47.64924
1557266820,174.11,173.95,174.08,173.97,106.11314
1557266880,174,173.89,173.98,173.94,34.59442
1557266940,173.96,173.7,173.93,173.77,858.10315
1557267000,173.9,173.72,173.79,173.76,202.12368
1557267060,173.89,173.75,173.76,173.85,48.85332
1557267120,173.86,173.75,173.81,173.79,52.79738
1557267180,173.84,173.73,173.77,173.79,74.69235
1557267240,173.84,173.77,173.79,173.78,54.69742
1557267300,173.84,173.75,173.83,173.77,60.10561
1557267360,173.84,173.77,173.77,173.84,47.22587
1557267420,173.81,173.51,173.77,173.52,135.78278
1557267480,173.6,173.45,173.53,173.45,115.60736
1557267540,173.51,172.94,173.46,172.98,1091.21648
1557267600,173.26,172.71,172.92,173.25,894.29094
1557267660,173.43,173.18,173.27,173.24,57.96878
1557267720,173.32,172.99,173.24,173.17,118.67307
1557267780,173.21,173.07,173.17,173.17,51.01988
1557267840,173.3,173.17,173.21,173.25,47.86062
1557267900,173.25,173.11,173.25,173.13,100.5047
1557267960,173.25,173.13,173.17,173.17,43.8913
1557268020,173.27,173.14,173.2,173.18,50.31088
1557268080,173.3,173.13,173.16,173.28,37.36461
1557268140,173.33,173.22,173.24,173.29,62.91134
1557268200,173.4,173.3,173.33,173.38,74.83168
1557268260,173.52,173.37,173.39,173.4,76.53314
1557268320,173.51,173.38,173.38,173.43,45.28832
1557268380,173.51,173.32,173.43,173.36,50.68147
1557268440,173.46,173.31,173.36,173.31,74.21764
1557268500,173.46,173.31,173.38,173.4,22.13473
1557268560,173.56,173.41,173.43,173.56,87.58732
1557268620,173.56,173.43,173.49,173.48,69.47458
1557268680,173.55,173.46,173.49,173.55,92.07542
1557268740,173.63,173.47,173.48,173.55,49.20494
1557268800,173.65,173.57,173.61,173.65,83.50763
1557268860,173.76,173.61,173.64,173.73,77.34356
1557268920,173.73,173.41,173.64,173.47,156.64864
1557268980,173.48,173.3,173.48,173.33,66.14649
1557269040,173.35,173.21,173.33,173.24,78.69946
1557269100,173.26,173.09,173.26,173.09,127.87011
1557269160,173.18,173.03,173.1,173.15,61.63421
1557269220,173.26,173.08,173.15,173.22,183.56988
1557269280,173.48,173.25,173.26,173.48,152.42545
1557269340,173.5,173.44,173.48,173.5,93.14873
1557269400,173.72,173.44,173.49,173.67,112.8602
1557269460,173.96,173.65,173.7,173.95,248.34807
1557269520,174.12,173.89,173.89,174.09,288.86187
1557269580,174.12,174.04,174.09,174.11,91.63577
1557269640,174.14,174.05,174.06,174.14,123.1182
1557269700,174.4,174.12,174.14,174.34,298.1969
1557269760,174.52,174.34,174.37,174.52,212.30753
1557269820,174.74,174.51,174.52,174.71,170.89746
1557269880,174.89,174.64,174.68,174.89,297.39414
1557269940,174.9,174.58,174.89,174.58,269.5965
1557270000,174.64,174.29,174.53,174.36,536.64294
1557270060,174.72,174.35,174.36,174.65,274.20908
1557270120,174.84,174.58,174.65,174.76,125.38594
1557270180,174.82,174.65,174.7,174.78,87.11559
1557270240,174.86,174.71,174.78,174.86,315.97257
1557270300,174.86,174.8,174.86,174.81,542.89757
1557270360,174.84,174.66,174.8,174.73,206.8713
1557270420,174.81,174.66,174.7,174.79,107.26114
1557270480,174.8,174.56,174.8,174.6,86.50436
1557270540,174.62,174.5,174.53,174.6,42.82036
1557270600,174.75,174.6,174.6,174.68,346.22972
1557270660,174.8,174.63,174.71,174.79,64.62717
1557270720,174.95,174.76,174.78,174.91,189.3175
1557270780,174.97,174.78,174.96,174.83,197.08056
1557270840,174.88,174.77,174.78,174.88,50.13586
1557270900,174.98,174.8,174.87,174.92,106.13705
1557270960,175.04,174.88,174.92,175.03,220.07002
1557271020,175.04,174.97,175.03,175,89.6079
1557271080,175.34,174.96,175.03,175.34,518.25141
1557271140,175.37,175.22,175.22,175.31,169.07345
1557271200,175.32,175.27,175.28,175.3,58.73582
1557271260,175.31,175.28,175.29,175.29,158.8832
1557271320,175.29,175,175.29,175.04,217.16386
1557271380,175.06,174.72,175.04,174.86,308.24753
1557271440,175.26,174.89,174.89,175.25,105.04374
1557271500,175.33,174.8,175.26,174.8,177.29923
1557271560,174.9,174.7,174.75,174.86,79.45035
1557271620,175.02,174.87,174.88,174.92,66.5414
1557271680,175.14,174.91,174.99,175.08,111.67829
1557271740,175.16,175.02,175.08,175.05,61.52147
1557271800,175.22,175.01,175.08,175.09,176.8128
1557271860,175.1,174.9,175.1,174.9,340.60409
1557271920,174.98,174.85,174.91,174.98,92.0863
1557271980,174.99,174.85,174.99,174.86,135.52748
1557272040,174.95,174.85,174.87,174.86,72.99037
1557272100,175,174.86,174.9,174.9,72.23939
1557272160,174.9,174.6,174.89,174.67,212.33268
1557272220,174.66,174.01,174.66,174.49,1004.33065
1557272280,174.71,174.19,174.5,174.29,262.17694
1557272340,174.28,173.24,174.25,173.46,1398.19036
1557272400,174.2,173.3,173.45,174.02,2198.17862
1557272460,174.03,173.43,174.03,173.71,904.99314
1557272520,173.73,172.7,173.73,172.85,637.63765
1557272580,173.11,172.33,172.87,172.91,1250.2456
1557272640,172.9,172.1,172.89,172.22,1877.53429
1557272700,172.49,171.54,172.19,172.16,1915.64479
1557272760,172.45,172.05,172.21,172.05,448.05503
1557272820,172.12,171.66,172.05,171.83,574.03409
1557272880,172.06,171.52,171.73,171.88,1715.35178
1557272940,172.07,171.11,171.93,171.85,1398.82917
1557273000,171.87,170.82,171.87,170.83,1620.50272
1557273060,171.4,170,170.92,170.34,3412.58597
1557273120,170.32,168.61,170.32,169.01,8620.67675
1557273180,169.65,167.89,169.01,169.12,6401.38831
1557273240,169.43,168.54,169.12,169.37,2305.80456
1557273300,169.62,168.98,169.25,169.24,1679.68139
1557273360,170,169.1,169.21,169.81,3025.50134
1557273420,169.98,169,169.82,169.01,885.04964
1557273480,169.85,168.86,169.12,169.76,1241.93771
1557273540,169.83,168.78,169.77,169.18,3021.63641
1557273600,169.15,168,169.07,168.12,2499.54556
1557273660,168.15,166.48,168.1,166.96,5937.52962
1557273720,168.28,166.7,166.94,167.96,3017.44786
1557273780,168.68,167.91,167.94,168.15,1295.67035
1557273840,168.46,167.57,168.14,167.66,1604.09637
1557273900,168.02,167.29,167.62,167.7,1091.76358
1557273960,167.97,167.53,167.72,167.86,844.34347
1557274020,168.09,167.63,167.74,168.06,738.25356
1557274080,168.28,167.81,168.04,168.19,677.11722
1557274140,168.32,167.83,168.23,167.99,863.25597
1557274200,168.17,167.9,167.99,167.91,545.60435
1557274260,167.93,167.55,167.9,167.55,1161.87104
1557274320,167.64,166.73,167.55,166.8,1176.50225
1557274380,167.01,166.22,166.8,166.22,1394.47018
1557274440,166.38,165.36,166.28,165.98,3640.23461
1557274500,166.38,165.54,165.99,165.77,1418.47187
1557274560,165.83,164.8,165.77,164.85,3172.44694
1557274620,166,164.8,164.84,165.86,1862.61315
1557274680,166.4,165.73,165.76,166.37,894.1851
1557274740,166.99,166.37,166.43,166.74,805.54126
1557274800,167.02,166.47,166.69,166.66,749.63666
1557274860,167.4,166.59,166.6,167.22,1216.77649
1557274920,167.35,166.99,167.24,167.01,1158.39476
1557274980,167.2,166.82,166.99,167.06,658.07729
1557275040,167.35,167.07,167.07,167.25,285.20775
1557275100,167.33,167.13,167.29,167.22,796.53182
1557275160,167.22,167.12,167.18,167.16,416.92101
1557275220,167.51,167.02,167.14,167.5,561.55831
1557275280,167.96,167.41,167.5,167.96,868.71707
1557275340,168.32,167.77,167.97,167.91,1143.67347
1557275400,168.19,167.85,167.93,168.18,408.07661
1557275460,168.38,168.14,168.14,168.36,469.68188
1557275520,168.69,168.3,168.36,168.62,857.07812
1557275580,168.63,168.37,168.54,168.56,550.80309
1557275640,168.71,168.56,168.56,168.7,724.91039
1557275700,168.77,168.57,168.7,168.73,424.94636
1557275760,168.75,168.28,168.73,168.34,887.23206
1557275820,168.63,168.19,168.36,168.55,571.06526
1557275880,168.86,168.51,168.55,168.7,848.70531
1557275940,168.73,168.5,168.73,168.65,434.94336
1557276000,168.7,168.44,168.68,168.56,504.37813
1557276060,168.7,168.37,168.56,168.37,282.83519
1557276120,168.46,168.28,168.39,168.38,333.21156
1557276180,168.49,168.22,168.34,168.38,545.06335
1557276240,168.84,168.41,168.45,168.5,389.38653
1557276300,168.62,168.42,168.53,168.6,238.56283
1557276360,168.8,168.52,168.58,168.71,309.51242
1557276420,168.89,168.66,168.72,168.81,357.99388
1557276480,168.88,168.7,168.82,168.83,242.78625
1557276540,168.98,168.8,168.85,168.89,253.35495
1557276600,169.07,168.89,168.89,169.05,312.60719
1557276660,169.07,168.8,169.02,168.91,423.01819
1557276720,168.93,168.71,168.92,168.78,370.06225
1557276780,168.79,168.51,168.75,168.56,301.96661
1557276840,168.59,168.29,168.55,168.29,437.96903
1557276900,168.38,168.03,168.32,168.04,862.91885
1557276960,168.15,167.99,168.03,168.02,250.31788
1557277020,168.01,167.67,167.99,167.76,460.21223
1557277080,168.01,167.63,167.76,167.7,775.18669
1557277140,167.88,167.58,167.67,167.76,508.34396
1557277200,167.79,167.5,167.78,167.58,372.85936
1557277260,167.8,167.5,167.57,167.76,367.77843
1557277320,167.81,167.65,167.75,167.77,304.49132
1557277380,167.86,167.7,167.77,167.71,536.28577
1557277440,168.25,167.7,167.73,168.04,476.95477
1557277500,168.25,167.91,168.02,168.16,317.84211
1557277560,168.43,168.12,168.22,168.39,342.22466
1557277620,168.52,168.3,168.34,168.41,205.09506
1557277680,168.78,168.4,168.46,168.77,243.91646
1557277740,168.93,168.72,168.77,168.73,324.67072
1557277800,168.78,168.59,168.72,168.68,362.01388
1557277860,168.72,168.42,168.64,168.47,163.90657
1557277920,168.72,168.44,168.46,168.66,265.3334
1557277980,169,168.66,168.71,168.97,313.70797
1557278040,169.04,168.89,168.94,169.03,139.74445
1557278100,169.23,169,169.03,169.12,223.71759
1557278160,169.18,169.06,169.11,169.1,165.95157
1557278220,169.3,169.06,169.1,169.22,152.92843
1557278280,169.28,168.81,169.28,168.81,193.36896
1557278340,169.01,168.76,168.81,168.78,206.88661
1557278400,168.86,168.62,168.83,168.62,172.68106
1557278460,168.72,168.52,168.61,168.6,266.50402
1557278520,168.66,168.45,168.58,168.64,147.80953
1557278580,168.77,168.6,168.62,168.71,185.01775
1557278640,168.78,168.51,168.72,168.7,384.88123
1557278700,168.93,168.7,168.75,168.9,144.44367
1557278760,168.94,168.74,168.93,168.81,156.1134
1557278820,168.95,168.77,168.77,168.82,662.98314
1557278880,168.99,168.84,168.95,168.89,93.06418
1557278940,169.03,168.89,168.9,169,130.35656
1557279000,169.1,168.97,168.97,168.99,125.5432
1557279060,169.07,168.99,169.04,169.01,244.14714
1557279120,169.11,168.98,168.99,169.07,337.63115
1557279180,169.25,169.05,169.11,169.13,228.58287
1557279240,169.21,169.06,169.15,169.17,273.97784
1557279300,169.42,169.11,169.12,169.31,296.95377
1557279360,169.6,169.23,169.32,169.36,384.12391
1557279420,169.46,169.35,169.36,169.46,112.70689
1557279480,169.82,169.39,169.4,169.6,554.30836
1557279540,169.63,169.34,169.6,169.34,914.10824
1557279600,169.4,169.2,169.34,169.26,321.15995
1557279660,169.38,169.26,169.26,169.38,80.81653
1557279720,169.48,169.34,169.35,169.34,219.83362
1557279780,169.47,169.36,169.42,169.42,120.21589
1557279840,169.48,169.33,169.42,169.39,457.46231
1557279900,169.54,169.31,169.4,169.46,301.97104
1557279960,169.51,169.39,169.39,169.49,70.70633
1557280020,169.58,169.43,169.47,169.51,215.81932
1557280080,169.59,169.46,169.52,169.57,137.55574
1557280140,169.73,169.5,169.57,169.57,328.02247
1557280200,169.61,169.5,169.55,169.54,76.79368
1557280260,169.65,169.53,169.56,169.65,215.76082
1557280320,169.75,169.6,169.65,169.72,217.83965
1557280380,169.67,169.6,169.65,169.64,167.56714
1557280440,169.66,169.37,169.65,169.55,493.32554
1557280500,169.45,169.06,169.45,169.2,883.68752
1557280560,169.43,169.03,169.2,169.33,332.89047
1557280620,169.32,169.18,169.3,169.3,81.76572
1557280680,169.43,169.25,169.25,169.42,58.18805
1557280740,169.42,169.22,169.41,169.22,330.57787
1557280800,169.3,169.09,169.21,169.2,134.30708
1557280860,169.22,169.1,169.22,169.1,112.34577
1557280920,169.12,169.01,169.1,169.03,151.41654
1557280980,169.1,169,169.03,169.04,244.88655
1557281040,169.27,169.03,169.07,169.24,168.60144
1557281100,169.29,169.1,169.24,169.26,138.12536
1557281160,169.31,169.16,169.25,169.28,76.42267
1557281220,169.33,169.27,169.28,169.3,136.21905
1557281280,169.38,169.26,169.32,169.35,103.3702
1557281340,169.37,169.23,169.29,169.29,110.07423
1557281400,169.29,169.2,169.29,169.25,29.49925
1557281460,169.25,169.2,169.25,169.25,51.67352
1557281520,169.45,169.25,169.25,169.4,78.38215
1557281580,169.47,169.37,169.45,169.47,74.66178
1557281640,169.58,169.41,169.47,169.54,118.3202
1557281700,169.62,169.49,169.58,169.55,105.25935
1557281760,169.63,169.56,169.62,169.56,112.04146
1557281820,169.65,169.56,169.57,169.63,86.21453
1557281880,169.64,169.59,169.59,169.63,130.38529
1557281940,169.65,169.49,169.59,169.49,237.63852
1557282000,169.56,169.41,169.48,169.42,92.07667
1557282060,169.48,169.29,169.41,169.34,267.7322
1557282120,169.5,169.33,169.35,169.41,86.15601
1557282180,169.46,169.22,169.4,169.3,184.99846
1557282240,169.36,169.23,169.29,169.31,125.25539
1557282300,169.42,169.3,169.38,169.41,68.1238
1557282360,169.43,169.3,169.4,169.43,89.67843
1557282420,169.46,169.41,169.42,169.42,58.65705
1557282480,169.45,169.41,169.42,169.41,65.63778
1557282540,169.42,169.34,169.41,169.4,46.99228
1557282600,169.42,169.3,169.41,169.36,70.5955
1557282660,169.42,169.3,169.37,169.41,92.39243
1557282720,169.42,169.33,169.34,169.41,60.84456
1557282780,169.42,169.34,169.37,169.4,120.8681
1557282840,169.42,169.33,169.4,169.42,194.97925
1557282900,169.62,169.4,169.41,169.59,44.40071
1557282960,169.79,169.58,169.62,169.79,138.55003
1557283020,169.84,169.7,169.76,169.84,96.16771
1557283080,169.99,169.8,169.83,169.9,143.07198
1557283140,170,169.85,169.86,169.99,122.55414
1557283200,170,169.95,169.95,170,188.59165
1557283260,170,169.99,169.99,170,140.20041
1557283320,170.16,169.98,170,170.03,581.43606
1557283380,170.26,170.02,170.06,170.05,191.59859
1557283440,170.1,169.99,170.06,169.99,108.83113
1557283500,170.01,169.71,169.99,169.77,220.76219
1557283560,169.98,169.77,169.77,169.93,169.58663
1557283620,170.32,169.88,169.89,170.24,319.60334
1557283680,170.5,170.19,170.19,170.42,184.37697
1557283740,170.48,170.33,170.35,170.44,129.04697
1557283800,170.5,170.39,170.41,170.47,120.51328
1557283860,170.47,170,170.46,170.14,530.33007
1557283920,170.3,169.89,170.14,170,356.58959
1557283980,169.99,169.86,169.95,169.93,49.31851
1557284040,169.95,169.82,169.93,169.82,88.08467
1557284100,169.94,169.81,169.83,169.89,118.64294
1557284160,169.91,169.83,169.86,169.83,60.26158
1557284220,169.89,169.79,169.85,169.85,83.8413
1557284280,169.89,169.78,169.86,169.79,99.00945
1557284340,169.84,169.44,169.84,169.54,311.04698
1557284400,169.62,169.45,169.55,169.45,50.42008
1557284460,169.54,169.4,169.5,169.43,120.96836
1557284520,169.46,169.16,169.46,169.16,100.22333
1557284580,169.41,169.14,169.24,169.35,132.54359
1557284640,169.46,169.25,169.31,169.26,72.6368
1557284700,169.27,169.07,169.26,169.09,104.89273
1557284760,169.09,168.66,169.07,168.84,732.66133
1557284820,168.9,168.7,168.83,168.77,168.12663
1557284880,168.77,168.4,168.76,168.69,953.04934
1557284940,168.94,168.63,168.69,168.92,1221.17849
1557285000,168.93,168.83,168.88,168.9,47.90624
1557285060,168.97,168.83,168.9,168.83,171.97076
1557285120,168.95,168.81,168.83,168.88,82.85314
1557285180,168.95,168.83,168.88,168.85,122.9782
1557285240,168.85,168.78,168.84,168.81,111.60433
1557285300,168.98,168.79,168.82,168.96,123.69402
1557285360,169.25,168.95,168.95,169.25,76.69287
1557285420,169.45,169.19,169.23,169.42,139.91741
1557285480,169.46,169.37,169.44,169.4,84.26476
1557285540,169.58,169.43,169.47,169.52,62.48161
1557285600,169.66,169.5,169.5,169.59,81.15179
1557285660,169.68,169.5,169.59,169.5,106.51499
1557285720,169.58,169.42,169.57,169.55,156.51372
1557285780,169.65,169.52,169.54,169.64,51.1038
1557285840,169.73,169.61,169.62,169.61,132.21289
1557285900,169.7,169.61,169.62,169.63,79.37502
1557285960,169.69,169.54,169.68,169.54,119.9664
1557286020,169.65,169.53,169.57,169.54,49.36854
1557286080,169.66,169.52,169.55,169.61,34.11528
1557286140,169.62,169.33,169.62,169.53,349.38132
1557286200,169.6,169.48,169.53,169.48,56.88561
1557286260,169.58,169.5,169.52,169.51,35.99831
1557286320,169.52,169.3,169.51,169.35,174.87233
1557286380,169.42,169.29,169.36,169.38,103.5259
1557286440,169.4,169.29,169.37,169.32,56.08899
1557286500,169.37,169.3,169.37,169.36,84.09447
1557286560,169.48,169.33,169.34,169.43,89.47237
1557286620,169.48,169.35,169.45,169.45,58.59703
1557286680,169.62,169.4,169.44,169.59,241.7785
1557286740,169.63,169.54,169.58,169.62,149.9542
1557286800,169.76,169.6,169.61,169.75,118.41224
1557286860,169.8,169.69,169.75,169.79,138.644
1557286920,169.79,169.69,169.78,169.74,96.36955
1557286980,169.8,169.71,169.74,169.76,58.84031
1557287040,169.77,169.6,169.73,169.7,179.78446
1557287100,169.7,169.6,169.69,169.62,214.08875
1557287160,169.62,169.51,169.62,169.58,329.20609
1557287220,169.59,169.55,169.55,169.58,1.1648
1557287280,169.62,169.54,169.58,169.55,185.77919
1557287340,169.62,169.54,169.62,169.59,39.4296
1557287400,169.63,169.5,169.57,169.51,89.41366
1557287460,169.52,169.47,169.52,169.51,45.76065
1557287520,169.51,169.48,169.5,169.5,36.71687
1557287580,169.66,169.49,169.49,169.59,70.52621
1557287640,169.66,169.58,169.64,169.63,37.44497
1557287700,169.65,169.55,169.6,169.64,27.97281
1557287760,169.67,169.51,169.56,169.56,78.6662
1557287820,169.62,169.51,169.6,169.6,30.66919
1557287880,169.61,169.51,169.61,169.6,50.01105
1557287940,169.66,169.51,169.61,169.64,78.20804
1557288000,169.66,169.55,169.57,169.66,172.04177
1557288060,169.77,169.58,169.63,169.68,164.53035
1557288120,169.79,169.64,169.64,169.79,102.74494
1557288180,169.78,169.6,169.7,169.6,42.24012
1557288240,169.75,169.58,169.63,169.63,64.58838
1557288300,169.75,169.58,169.63,169.71,62.33202
1557288360,169.79,169.66,169.71,169.67,59.68808
1557288420,169.86,169.68,169.68,169.84,45.95948
1557288480,169.88,169.79,169.85,169.79,89.90886
1557288540,169.87,169.75,169.8,169.82,86.23153
1557288600,169.89,169.75,169.82,169.81,66.5206
1557288660,169.83,169.75,169.83,169.78,68.58216
1557288720,169.9,169.75,169.78,169.75,291.92643
1557288780,169.8,169.75,169.8,169.8,89.47288
1557288840,169.8,169.64,169.8,169.69,201.87762
1557288900,169.71,169.56,169.71,169.59,104.76371
1557288960,169.68,169.59,169.59,169.64,45.68716
1557289020,169.76,169.65,169.65,169.72,43.1376
1557289080,169.89,169.68,169.7,169.84,147.9372
1557289140,169.84,169.71,169.84,169.76,84.56264
1557289200,169.98,169.73,169.79,169.93,151.39335
1557289260,170.27,169.91,169.98,170.22,1107.94166
1557289320,170.45,170.19,170.25,170.45,95.19683
1557289380,170.78,170.4,170.44,170.51,290.56534
1557289440,170.6,170.46,170.51,170.6,61.53238
1557289500,170.77,170.55,170.56,170.71,80.31004
1557289560,170.86,170.71,170.71,170.83,123.97886
1557289620,170.86,170.78,170.82,170.8,106.0253
1557289680,170.9,170.79,170.8,170.9,159.1023
1557289740,171.42,170.89,170.9,171.15,860.47939
1557289800,171.37,171.13,171.13,171.22,148.32202
1557289860,171.34,170.86,171.33,170.89,297.68646
1557289920,170.99,170.52,170.97,170.78,304.19546
1557289980,170.73,170.52,170.67,170.73,204.20617
1557290040,170.78,170.58,170.69,170.58,84.16827
1557290100,170.62,170.44,170.5,170.49,190.95511
1557290160,170.66,170.45,170.49,170.66,181.97377
1557290220,170.72,170.41,170.66,170.43,134.48271
1557290280,170.45,170.3,170.41,170.38,46.9366
1557290340,170.44,170.3,170.32,170.43,59.76816
1557290400,170.43,170.32,170.35,170.34,67.09704
1557290460,170.9,170.34,170.35,170.77,2110.51864
1557290520,170.83,170.57,170.78,170.58,144.65338
1557290580,170.63,170.44,170.6,170.57,104.18617
1557290640,170.56,170.37,170.49,170.37,52.8732
1557290700,170.48,170.37,170.37,170.46,81.10595
1557290760,170.57,170.41,170.42,170.56,138.25634
1557290820,170.61,170.44,170.57,170.44,119.88256
1557290880,170.58,170.45,170.49,170.54,62.04671
1557290940,170.54,170.43,170.53,170.47,50.40825
1557291000,170.63,170.45,170.52,170.61,45.37821
1557291060,170.73,170.54,170.55,170.66,86.87766
1557291120,170.89,170.67,170.68,170.85,70.94451
1557291180,170.92,170.76,170.86,170.82,69.21043
1557291240,170.92,170.76,170.91,170.8,65.98708
1557291300,170.95,170.76,170.86,170.93,93.71762
1557291360,170.97,170.87,170.91,170.89,112.99583
1557291420,170.98,170.89,170.89,170.92,83.11493
1557291480,170.97,170.87,170.89,170.89,56.17722
1557291540,170.96,170.87,170.95,170.87,68.05839
1557291600,170.98,170.83,170.87,170.94,113.42275
1557291660,170.97,170.86,170.94,170.87,40.13646
1557291720,170.96,170.86,170.87,170.91,70.98839
1557291780,170.95,170.52,170.87,170.61,291.74265
1557291840,170.6,170.4,170.54,170.52,164.73922
1557291900,170.64,170.5,170.53,170.62,69.60969
1557291960,170.76,170.55,170.62,170.61,320.94984
1557292020,170.71,170.55,170.61,170.55,307.71144
1557292080,170.62,170.45,170.56,170.45,398.94486
1557292140,170.51,170.12,170.46,170.12,221.97151
1557292200,170.24,169.91,170.18,170,488.70919
1557292260,170.12,169.99,170.11,170.01,145.79756
1557292320,170.12,169.97,170.02,170.06,67.67474
1557292380,170.07,169.78,170.07,169.89,387.69428
1557292440,169.93,169.75,169.9,169.8,122.70408
1557292500,169.87,169.75,169.81,169.8,104.65391
1557292560,169.87,169.69,169.77,169.7,69.87405
1557292620,170.07,169.7,169.7,170,103.9241
1557292680,170.09,169.91,170.01,169.92,197.51113
1557292740,170.06,169.9,169.97,170.04,54.35711
1557292800,170.09,170,170.06,170.07,168.68385
1557292860,170.07,169.95,170.07,169.95,57.11618
1557292920,170.09,169.96,170.05,170.02,72.1057
1557292980,170.12,170.01,170.01,170.08,93.79653
1557293040,170.08,170.01,170.06,170.02,74.73695
1557293100,170.16,170.01,170.02,170.13,265.27642
1557293160,170.14,170.04,170.12,170.09,80.9139
1557293220,170.11,170.03,170.08,170.1,98.22519
1557293280,170.1,170.01,170.09,170.01,49.19189
1557293340,170.1,170.01,170.02,170.1,93.35644
1557293400,170.45,170.08,170.08,170.32,392.11181
1557293460,170.47,170.26,170.37,170.47,145.86325
1557293520,170.57,170.47,170.51,170.57,68.72496
1557293580,170.72,170.57,170.57,170.72,78.64305
1557293640,170.8,170.64,170.72,170.79,50.26045
1557293700,170.98,170.75,170.8,170.84,133.92401
1557293760,170.87,170.68,170.87,170.74,193.01699
1557293820,170.72,170.64,170.69,170.72,36.44867
1557293880,170.85,170.71,170.71,170.85,267.6737
1557293940,170.86,170.79,170.84,170.81,88.15411
1557294000,170.94,170.8,170.81,170.87,69.42169
1557294060,170.92,170.83,170.9,170.85,92.74017
1557294120,170.92,170.85,170.85,170.91,40.02819
1557294180,170.97,170.9,170.92,170.97,39.36282
1557294240,170.98,170.81,170.95,170.89,472.24339
1557294300,170.98,170.8,170.94,170.89,148.63188
1557294360,170.93,170.85,170.86,170.87,68.68808
1557294420,170.95,170.82,170.89,170.84,116.20075
1557294480,170.97,170.83,170.83,170.92,40.13072
1557294540,170.97,170.73,170.97,170.73,286.81138
1557294600,170.86,170.74,170.74,170.78,82.01172
1557294660,170.95,170.8,170.8,170.91,95.34657
1557294720,170.98,170.86,170.87,170.98,64.31442
1557294780,171.16,170.95,170.97,171.14,262.75957
1557294840,171.18,171.11,171.15,171.17,78.92589
1557294900,171.34,171.06,171.16,171.33,328.40551
1557294960,171.54,171.22,171.27,171.48,342.37959
1557295020,171.56,171.16,171.54,171.16,90.81123
1557295080,171.35,171.13,171.15,171.31,123.49943
1557295140,171.36,171.15,171.34,171.24,176.05091
1557295200,171.26,171.11,171.24,171.14,190.30987
1557295260,171.37,171.07,171.11,171.28,128.46161
1557295320,171.38,171.19,171.28,171.19,167.41698
1557295380,171.81,171.12,171.17,171.78,447.8442
1557295440,171.97,171.76,171.76,171.9,280.16339
1557295500,172,171.69,171.9,171.72,291.47556
1557295560,171.79,171.56,171.7,171.68,158.00274
1557295620,171.91,171.6,171.67,171.91,81.75537
1557295680,171.93,171.74,171.82,171.76,250.56432
1557295740,171.82,171.54,171.76,171.54,105.49288
1557295800,171.62,171.51,171.62,171.53,104.61618
1557295860,171.68,171.44,171.51,171.49,189.93382
1557295920,171.65,171.42,171.51,171.59,96.27196
1557295980,171.65,171.53,171.53,171.61,76.59708
1557296040,171.72,171.61,171.63,171.72,88.47809
1557296100,171.69,171.53,171.65,171.54,182.75118
1557296160,171.61,171.51,171.56,171.54,39.78769
1557296220,171.59,171.42,171.59,171.48,142.4268
1557296280,171.46,171.35,171.42,171.36,53.86466
1557296340,171.46,171.31,171.46,171.33,50.6171
1557296400,171.44,171.24,171.33,171.36,167.70276
1557296460,171.38,171.21,171.3,171.32,78.93273
1557296520,171.48,171.32,171.32,171.47,115.13095
1557296580,171.85,171.41,171.41,171.72,228.55051
1557296640,172.28,171.71,171.72,172.14,1034.75356
1557296700,172.28,171.74,172.14,171.78,255.2795
1557296760,172.05,171.65,171.78,171.88,262.11947
1557296820,171.88,171.68,171.7,171.72,179.43866
1557296880,171.73,171.47,171.69,171.68,407.65451
1557296940,171.92,171.52,171.54,171.81,505.48424
1557297000,171.81,171.66,171.81,171.66,116.85169
1557297060,171.71,171.47,171.7,171.6,355.49904
1557297120,171.61,171.42,171.54,171.48,185.24002
1557297180,171.76,171.44,171.52,171.71,522.78327
1557297240,171.71,171.44,171.71,171.44,214.45774
1557297300,171.53,171.41,171.44,171.42,105.88494
1557297360,171.42,171.19,171.42,171.21,160.74569
1557297420,171.26,171.02,171.26,171.11,280.86384
1557297480,171.05,170.89,171.01,170.92,815.93564
1557297540,171.2,170.89,170.91,171.15,672.45913
1557297600,171.17,170.9,171.17,171.07,179.50922
1557297660,171.24,171.01,171.07,171.22,119.35072
1557297720,171.37,171.11,171.22,171.11,141.66448
1557297780,171.26,171.11,171.11,171.21,90.18592
1557297840,171.28,171.15,171.15,171.25,73.46012
1557297900,171.4,171.23,171.32,171.4,172.42067
1557297960,171.66,171.3,171.3,171.66,132.69572
1557298020,171.78,171.6,171.6,171.71,112.67741
1557298080,171.74,171.61,171.74,171.68,91.56437
1557298140,171.98,171.77,171.78,171.95,121.89804
1557298200,171.93,171.69,171.93,171.76,318.05391
1557298260,171.75,171.53,171.75,171.57,2194.5356
1557298320,171.85,171.52,171.57,171.85,173.25223
1557298380,171.88,171.76,171.83,171.86,81.80827
1557298440,171.87,171.71,171.79,171.77,128.10249
1557298500,171.77,171.56,171.74,171.57,76.52774
1557298560,171.7,171.58,171.6,171.7,84.83153
1557298620,171.7,171.56,171.7,171.61,102.02819
1557298680,171.64,171.49,171.59,171.63,200.83088
1557298740,171.64,171.41,171.52,171.45,139.9815
1557298800,171.54,171.4,171.46,171.52,105.88598
1557298860,171.52,171.35,171.44,171.39,75.71487
1557298920,171.62,171.35,171.37,171.61,92.8246
1557298980,171.71,171.52,171.62,171.61,158.82269
1557299040,171.71,171.57,171.69,171.62,57.61722
1557299100,171.64,171.5,171.64,171.6,45.818
1557299160,171.75,171.55,171.6,171.64,69.4061
1557299220,171.73,171.45,171.72,171.58,141.66321
1557299280,171.68,171.48,171.68,171.65,89.30867
1557299340,171.66,171.55,171.66,171.6,72.46162
1557299400,171.77,171.59,171.61,171.75,78.41195
1557299460,171.77,171.48,171.76,171.55,130.38091
1557299520,171.55,171.22,171.55,171.41,169.95674
1557299580,171.58,171.38,171.46,171.44,100.20818
1557299640,171.54,171.41,171.44,171.47,72.30438
1557299700,171.53,171.41,171.46,171.44,109.3924
1557299760,171.58,171.4,171.42,171.54,125.62446
1557299820,171.58,171.32,171.49,171.35,118.12974
1557299880,171.4,171.27,171.32,171.29,97.21251
1557299940,171.32,171.25,171.32,171.3,88.39046
1557300000,171.32,171.2,171.28,171.22,58.8552
1557300060,171.29,171.11,171.23,171.13,102.89769
1557300120,171.13,170.68,171.13,170.79,1137.99656
1557300180,170.88,170.62,170.81,170.69,203.6495
1557300240,170.71,170.49,170.64,170.49,502.20362
1557300300,170.61,170.38,170.55,170.45,70.97291
1557300360,170.45,169.97,170.45,170.18,476.40019
1557300420,170.19,169.9,170.18,169.96,173.71725
1557300480,170.25,169.75,169.96,170.18,340.6182
1557300540,170.28,170.1,170.19,170.24,84.09077
1557300600,170.45,170.18,170.22,170.41,95.06373
1557300660,170.7,170.37,170.4,170.66,389.03173
1557300720,170.69,170.43,170.66,170.59,765.46642
1557300780,170.61,170.5,170.52,170.61,265.2925
1557300840,170.79,170.57,170.6,170.78,227.2061
1557300900,170.8,170.7,170.78,170.73,210.64132
1557300960,170.91,170.74,170.8,170.87,130.01098
1557301020,170.94,170.76,170.85,170.8,108.53901
1557301080,170.87,170.64,170.79,170.74,141.85505
1557301140,170.82,170.63,170.76,170.71,75.97317
1557301200,170.88,170.51,170.82,170.73,260.35606
1557301260,170.83,170.51,170.72,170.75,340.11612
1557301320,170.8,170.51,170.67,170.65,237.13499
1557301380,170.79,170.48,170.72,170.5,147.3748
1557301440,170.64,170.4,170.53,170.5,622.81955
1557301500,170.64,170.5,170.51,170.61,63.73958
1557301560,170.72,170.61,170.61,170.63,666.78083
1557301620,170.7,170.52,170.63,170.59,340.89721
1557301680,170.77,170.51,170.63,170.77,121.79252
1557301740,170.84,170.6,170.66,170.83,154.27142
1557301800,170.83,170.67,170.83,170.75,106.74712
1557301860,170.8,170.48,170.78,170.71,225.8334
1557301920,170.71,170.55,170.71,170.61,78.61912
1557301980,170.67,170.53,170.53,170.55,88.15255
1557302040,170.64,170.53,170.54,170.59,98.43027
1557302100,170.61,170.45,170.56,170.5,65.74637
1557302160,170.55,170.49,170.51,170.55,557.36573
1557302220,170.61,170.46,170.54,170.49,105.13768
1557302280,170.59,170.47,170.52,170.52,48.32026
1557302340,170.55,170.26,170.51,170.32,108.01626
1557302400,170.37,170.13,170.3,170.3,100.94983
1557302460,170.37,170.24,170.29,170.24,111.55069
1557302520,170.42,170.19,170.3,170.31,147.33535
1557302580,170.31,170,170.31,170.14,173.36954
1557302640,170.15,170,170.14,170.11,338.55942
1557302700,170.19,170.06,170.11,170.15,156.39438
1557302760,170.25,170.06,170.13,170.25,358.79785
1557302820,170.32,170.11,170.23,170.24,117.30277
1557302880,170.29,169.95,170.29,170.18,197.70812
1557302940,170.14,169.83,170.12,170.04,213.6511
1557303000,170.15,169.92,170.04,170.06,170.49063
1557303060,170.19,169.84,170.14,170.07,371.52366
1557303120,170.14,169.98,170.11,170.09,156.5637
1557303180,170.29,170.05,170.11,170.24,413.04407
1557303240,170.42,170.12,170.19,170.34,867.58515
1557303300,170.49,170.11,170.4,170.44,612.26976
1557303360,170.44,170,170.44,170.36,574.82899
1557303420,170.36,170,170.31,170.29,1137.91704
1557303480,170.38,170.21,170.28,170.36,60.56626
1557303540,170.4,170.28,170.31,170.39,63.47239
1557303600,170.43,170.29,170.31,170.38,111.62498
1557303660,170.48,170.36,170.38,170.45,92.15111
1557303720,170.51,170.39,170.46,170.47,347.16666
1557303780,170.73,170.44,170.49,170.71,332.13038
1557303840,170.95,170.64,170.72,170.95,99.79646
1557303900,171,170.85,170.92,170.92,474.06864
1557303960,170.95,170.85,170.94,170.95,86.04868
1557304020,170.99,170.88,170.95,170.93,79.19381
1557304080,171.04,170.86,170.86,170.95,109.25068
1557304140,171.15,170.98,171.02,171.13,129.62195
1557304200,171.26,171.06,171.12,171.25,165.93029
1557304260,171.34,171,171.23,171.15,1251.88001
1557304320,171.21,171.08,171.15,171.1,78.63625
1557304380,171.2,171.1,171.13,171.11,115.84035
1557304440,171.14,170.91,171.14,170.98,226.74551
1557304500,170.98,170.69,170.96,170.83,805.14041
1557304560,170.96,170.82,170.84,170.95,101.26902
1557304620,170.99,170.89,170.91,170.99,74.10535
1557304680,171,170.86,170.94,170.88,96.84242
1557304740,170.9,170.76,170.89,170.76,81.32846
1557304800,171.21,170.74,170.74,170.93,287.05624
1557304860,170.98,170.58,170.93,170.58,150.08411
1557304920,170.72,170.34,170.58,170.62,351.6239
1557304980,170.67,170.51,170.56,170.51,97.42063
1557305040,170.63,170.52,170.53,170.52,168.51509
1557305100,170.56,170.45,170.56,170.46,98.64225
1557305160,170.5,170.11,170.44,170.36,257.8131
1557305220,170.45,169.4,170.45,169.76,719.67068
1557305280,170.28,169.75,169.75,170.2,2154.48513
1557305340,170.23,169.93,170.19,169.96,133.98953
1557305400,169.96,169.66,169.92,169.74,202.64885
1557305460,169.78,169.52,169.71,169.66,227.21565
1557305520,169.66,169.34,169.66,169.59,209.73622
1557305580,169.71,169.37,169.52,169.71,106.79793
1557305640,170.15,169.66,169.72,169.97,310.80451
1557305700,170.13,169.7,170.11,169.98,203.77683
1557305760,169.95,169.7,169.92,169.9,103.47963
1557305820,170.13,169.85,169.85,170.01,158.20222
1557305880,170.06,169.81,170.06,169.81,109.09951
1557305940,170.07,169.83,169.87,170.01,117.37611
1557306000,170.01,169.92,170,170,119.00408
1557306060,170.08,169.99,170.01,170.02,106.30009
1557306120,170.09,170.01,170.04,170.09,66.89006
1557306180,170.13,170.04,170.1,170.11,114.41055
1557306240,170.13,170.05,170.12,170.13,84.57309
1557306300,170.44,170.12,170.12,170.38,176.79174
1557306360,170.39,170.25,170.29,170.37,120.2215
1557306420,170.43,170.32,170.32,170.4,102.03283
1557306480,170.4,170.2,170.37,170.24,101.98982
1557306540,170.36,170.18,170.22,170.33,85.18335
1557306600,170.38,170.3,170.31,170.37,87.76939
1557306660,170.38,170.18,170.34,170.26,111.81831
1557306720,170.33,170.16,170.19,170.26,162.06894
1557306780,170.32,170.14,170.26,170.21,110.60301
1557306840,170.2,170.03,170.16,170.07,115.54301
1557306900,170.25,170.03,170.08,170.23,96.38551
1557306960,170.26,170.13,170.16,170.21,156.32421
1557307020,170.21,170.14,170.21,170.16,119.86013
1557307080,170.23,170.15,170.2,170.19,95.82119
1557307140,170.27,170.15,170.15,170.23,139.02815
1557307200,170.47,170.19,170.21,170.47,144.18853
1557307260,170.59,170.46,170.46,170.57,127.1706
1557307320,170.8,170.53,170.58,170.59,207.72214
1557307380,170.7,170.5,170.56,170.56,92.53968
1557307440,170.78,170.52,170.59,170.6,122.31934
1557307500,170.79,170.57,170.58,170.66,131.69581
1557307560,170.74,170.55,170.67,170.55,64.83308
1557307620,170.65,170.31,170.64,170.38,124.77132
1557307680,170.5,170.32,170.41,170.5,46.16582
1557307740,170.61,170.41,170.49,170.6,81.44615
1557307800,170.73,170.6,170.61,170.62,49.27136
1557307860,170.66,170.49,170.63,170.61,63.45521
1557307920,170.63,170.42,170.55,170.58,53.68564
1557307980,170.61,170.47,170.59,170.5,41.20032
1557308040,170.64,170.52,170.52,170.59,47.06529
1557308100,170.74,170.57,170.59,170.63,72.03754
1557308160,170.87,170.62,170.63,170.79,99.91556
1557308220,170.87,170.7,170.74,170.82,56.64735
1557308280,170.82,170.74,170.82,170.81,35.32788
1557308340,170.82,170.73,170.78,170.77,28.39335
1557308400,170.82,170.74,170.8,170.8,76.47668
1557308460,170.88,170.78,170.81,170.84,66.37738
1557308520,170.89,170.74,170.87,170.76,73.18847
1557308580,170.89,170.74,170.81,170.89,57.10994
1557308640,170.9,170.8,170.81,170.89,108.30219
1557308700,170.91,170.8,170.9,170.85,93.53416
1557308760,170.9,170.67,170.81,170.67,58.62615
1557308820,170.72,170.52,170.71,170.61,46.89821
1557308880,170.69,170.53,170.53,170.67,153.62264
1557308940,170.68,170.6,170.67,170.64,171.67974
1557309000,170.64,170.6,170.63,170.64,73.85361
1557309060,170.64,170.4,170.6,170.4,96.53942
1557309120,170.54,170.37,170.37,170.47,119.71781
1557309180,170.47,170.34,170.46,170.44,51.08088
1557309240,170.57,170.38,170.42,170.57,45.73251
1557309300,170.58,170.45,170.56,170.53,31.15576
1557309360,170.52,170.38,170.46,170.39,45.5497
1557309420,170.52,170.21,170.45,170.38,174.01911
1557309480,170.58,170.36,170.41,170.58,91.07998
1557309540,170.64,170.51,170.58,170.64,80.36936
1557309600,170.82,170.55,170.64,170.8,91.29237
1557309660,171,170.72,170.81,170.91,144.0273
1557309720,171,170.9,170.92,170.96,169.01399
1557309780,171,170.76,170.94,170.8,128.76331
1557309840,170.92,170.81,170.86,170.88,37.78064
1557309900,170.99,170.83,170.83,170.99,49.46049
1557309960,171.06,170.9,170.99,170.99,116.17533
1557310020,171.11,170.98,171,171.08,64.51501
1557310080,171.22,171.07,171.07,171.19,259.63118
1557310140,171.33,170.84,171.19,170.84,315.30128
1557310200,170.93,170.8,170.84,170.92,82.79985
1557310260,171.07,170.86,170.99,170.93,52.80116
1557310320,170.97,170.83,170.87,170.97,50.67685
1557310380,171.03,170.85,171,170.97,96.92265
1557310440,171.13,170.85,170.96,170.99,55.76193
1557310500,171.12,170.89,171.04,171.12,55.1357
1557310560,171.15,171.01,171.01,171.09,80.6892
1557310620,171.19,171.07,171.12,171.08,129.01328
1557310680,171.32,171.07,171.07,171.25,299.98506
1557310740,171.28,171.12,171.25,171.12,59.48727
1557310800,171.15,170.98,171.13,170.98,133.82954
1557310860,171,170.65,170.96,170.69,128.34605
1557310920,170.69,170.4,170.69,170.41,237.06071
1557310980,170.5,170.21,170.41,170.21,86.28644
1557311040,170.25,170.03,170.2,170.08,119.32584
1557311100,170.42,170.05,170.07,170.24,56.15088
1557311160,170.23,170.08,170.22,170.08,168.25683
1557311220,170.25,170.09,170.15,170.16,75.24947
1557311280,170.22,170.08,170.19,170.15,31.15586
1557311340,170.35,170.14,170.15,170.32,92.18497
1557311400,170.36,170.22,170.31,170.31,92.85628
1557311460,170.31,170.2,170.3,170.23,55.9465
1557311520,170.36,170.19,170.27,170.36,29.59855
1557311580,170.36,170.26,170.29,170.28,49.56535
1557311640,170.38,170.28,170.28,170.32,49.85326
1557311700,170.33,170.17,170.32,170.17,82.03923
1557311760,170.3,170.15,170.26,170.2,279.39429
1557311820,170.2,170.06,170.2,170.07,76.13257
1557311880,170.14,170.02,170.07,170.07,118.33266
1557311940,170.16,170.01,170.04,170.1,154.68051
1557312000,170.13,170.04,170.1,170.04,63.11102
1557312060,170.14,170.02,170.06,170.04,61.50228
1557312120,170.1,169.92,170.05,169.92,196.14244
1557312180,170,169.91,170,169.92,1097.95989
1557312240,170.05,169.93,169.93,170.01,42.39759
1557312300,170.05,169.98,169.98,170.01,70.29206
1557312360,170.34,170.02,170.03,170.28,81.69239
1557312420,170.57,170.29,170.29,170.5,187.43709
1557312480,170.57,170.39,170.51,170.42,475.8506
1557312540,170.5,170.34,170.4,170.45,176.66572
1557312600,170.63,170.42,170.42,170.63,156.12854
1557312660,170.9,170.55,170.65,170.82,117.16852
1557312720,170.9,170.77,170.82,170.9,118.35619
1557312780,170.92,170.83,170.88,170.89,47.07599
1557312840,170.9,170.86,170.9,170.86,88.14514
1557312900,170.9,170.69,170.87,170.69,195.27896
1557312960,170.72,170.55,170.66,170.56,131.27263
1557313020,170.9,170.55,170.55,170.81,68.07043
1557313080,170.95,170.72,170.72,170.94,38.58191
1557313140,170.98,170.85,170.98,170.92,144.1891
1557313200,171.09,170.85,170.92,171.09,355.58352
1557313260,171.1,170.83,171.1,170.88,92.37123
1557313320,170.88,170.72,170.87,170.79,229.30833
1557313380,170.84,170.71,170.79,170.77,142.25535
1557313440,170.8,170.66,170.78,170.75,200.16326
1557313500,170.78,170.63,170.75,170.63,227.41299
1557313560,170.66,170.5,170.66,170.53,366.06769
1557313620,170.62,170.47,170.55,170.61,104.95474
1557313680,170.77,170.56,170.61,170.69,115.41384
1557313740,170.67,170.56,170.67,170.59,95.27196
1557313800,170.66,170.52,170.59,170.58,75.36185
1557313860,170.7,170.5,170.52,170.66,80.95108
1557313920,170.87,170.61,170.66,170.78,108.33465
1557313980,170.97,170.75,170.76,170.86,95.56049
1557314040,170.92,170.75,170.86,170.78,129.39749
1557314100,170.92,170.68,170.8,170.92,91.25287
1557314160,171.08,170.92,170.92,170.99,185.40489
1557314220,171.16,171,171,171.15,373.56579
1557314280,171.28,171.09,171.16,171.28,118.37565
1557314340,171.3,171.24,171.25,171.28,174.18822
1557314400,171.29,170.94,171.29,171.14,220.11793
1557314460,171.13,171,171.08,171.06,227.54421
1557314520,171.11,171,171.05,171,49.22611
1557314580,171.14,171,171.06,171.1,81.01931
1557314640,171.18,171.02,171.11,171.02,102.20263
1557314700,171.12,171,171.05,171.01,140.5427
1557314760,171.1,171,171.01,171.1,105.91983
1557314820,171.24,171.05,171.07,171.09,146.56217
1557314880,171.2,171.05,171.06,171.18,106.46594
1557314940,171.19,171.05,171.14,171.09,154.34115
1557315000,171.55,171.04,171.08,171.27,524.73561
1557315060,171.41,171.21,171.33,171.41,74.6317
1557315120,171.4,171.05,171.31,171.14,197.65655
1557315180,171.29,171.05,171.15,171.29,150.02181
1557315240,171.42,171.22,171.29,171.3,64.80374
1557315300,171.27,171.09,171.18,171.19,72.7437
1557315360,171.22,171.09,171.17,171.13,98.49617
1557315420,171.33,171.08,171.1,171.33,141.17289
1557315480,171.4,171.29,171.36,171.3,36.71104
1557315540,171.37,171.11,171.36,171.31,139.72995
1557315600,171.36,171.21,171.29,171.23,47.49032
1557315660,171.37,171.21,171.21,171.32,93.01907
1557315720,171.47,171.32,171.32,171.44,102.30829
1557315780,171.45,171.4,171.4,171.4,39.7664
1557315840,171.49,171.35,171.43,171.35,251.9065
1557315900,171.46,171.35,171.38,171.37,63.94508
1557315960,171.45,171.3,171.37,171.38,92.83914
1557316020,171.56,171.35,171.4,171.53,234.91446
1557316080,171.85,171.49,171.5,171.8,240.96459
1557316140,171.81,171.42,171.78,171.52,886.65586
1557316200,171.64,171.25,171.47,171.53,434.45384
1557316260,171.76,171.37,171.46,171.76,1292.15383
1557316320,171.85,171.6,171.76,171.6,434.13684
1557316380,171.69,171.51,171.65,171.66,200.24696
1557316440,171.69,171.53,171.66,171.61,127.60567
1557316500,171.66,171.42,171.64,171.42,56.35287
1557316560,171.5,171.34,171.47,171.36,51.19207
1557316620,171.37,171.23,171.35,171.24,123.77551
1557316680,171.33,171.22,171.25,171.24,112.79536
1557316740,171.28,171.17,171.22,171.25,60.46099
1557316800,171.31,171.17,171.25,171.19,110.75335
1557316860,171.37,171.21,171.29,171.25,47.11049
1557316920,171.47,171.22,171.25,171.44,79.93523
1557316980,171.57,171.36,171.56,171.56,154.95704
1557317040,171.59,171.44,171.51,171.51,93.59813
1557317100,171.67,171.51,171.51,171.58,111.9728
1557317160,171.64,171.4,171.57,171.56,189.73653
1557317220,171.56,171.44,171.45,171.5,81.36212
1557317280,171.59,171.48,171.55,171.51,85.49427
1557317340,171.81,171.51,171.54,171.67,144.88762
1557317400,171.79,171.63,171.71,171.76,250.86009
1557317460,171.77,171.57,171.75,171.64,131.63417
1557317520,171.64,171.5,171.57,171.6,238.75094
1557317580,171.64,171.53,171.6,171.58,157.59006
1557317640,171.63,171.52,171.57,171.53,78.29487
1557317700,171.6,171.39,171.6,171.46,159.03272
1557317760,171.47,171.33,171.41,171.41,215.29759
1557317820,171.38,171.21,171.35,171.34,113.68722
1557317880,171.6,171.28,171.3,171.51,144.75757
1557317940,171.56,171.48,171.49,171.5,31.32445
1557318000,171.55,171.46,171.5,171.48,79.65773
1557318060,171.52,171.3,171.45,171.47,688.81145
1557318120,171.52,171.27,171.44,171.33,125.6707
1557318180,171.45,171.3,171.33,171.37,337.39531
1557318240,171.39,171.18,171.35,171.21,156.63164
1557318300,171.28,171.18,171.2,171.2,167.29724
1557318360,171.26,170.89,171.2,171.01,388.19772
1557318420,171.08,170.82,170.92,171.07,93.34394
1557318480,171.09,170.89,171.07,170.89,287.5672
1557318540,170.92,170.74,170.92,170.77,83.10013
1557318600,170.95,170.73,170.75,170.89,89.69132
1557318660,170.96,170.81,170.88,170.88,118.55806
1557318720,170.9,170.78,170.82,170.83,101.26689
1557318780,171.12,170.79,170.79,171.09,122.86459
1557318840,171.42,171.16,171.16,171.18,73.87886
1557318900,171.3,171.09,171.25,171.22,59.29392
1557318960,171.24,171.14,171.2,171.14,104.90615
1557319020,171.28,171.16,171.17,171.23,88.78116
1557319080,171.32,171.19,171.22,171.27,50.90506
1557319140,171.35,171.27,171.31,171.35,66.79992
1557319200,171.35,171.26,171.32,171.32,76.47386
1557319260,171.35,171.24,171.35,171.32,87.38925
1557319320,171.36,171.25,171.25,171.35,90.31753
1557319380,171.42,171.31,171.39,171.34,87.04198
1557319440,171.39,171.3,171.34,171.34,72.18086
1557319500,171.39,171.25,171.3,171.25,154.16013
1557319560,171.29,171.23,171.29,171.28,54.6148
1557319620,171.3,171.19,171.28,171.23,110.5082
1557319680,171.25,171.19,171.21,171.2,56.67726
1557319740,171.2,170.9,171.2,171.06,149.78295
1557319800,171.3,170.94,170.97,171.18,323.82715
1557319860,171.31,171.18,171.18,171.25,148.10711
1557319920,171.26,171.01,171.22,171.09,106.09509
1557319980,171.14,170.95,171.01,171.03,82.65308
1557320040,171.07,170.93,171.03,170.98,81.79951
1557320100,171.02,170.77,171.02,170.79,133.52817
1557320160,170.83,170.77,170.81,170.77,52.57171
1557320220,170.93,170.68,170.73,170.93,109.53288
1557320280,171.01,170.84,170.93,171.01,55.15216
1557320340,171.16,171.01,171.03,171.05,36.17373
1557320400,171.16,170.89,171.09,170.89,76.08014
1557320460,170.95,170.7,170.87,170.95,51.72646
1557320520,171,170.88,170.95,170.95,63.1061
1557320580,171.07,170.93,170.99,171.01,83.03861
1557320640,171.09,171,171.05,171.02,81.13752
1557320700,171.11,170.87,171.02,170.91,129.25981
1557320760,170.91,170.79,170.9,170.81,59.94729
1557320820,170.88,170.73,170.8,170.8,123.62358
1557320880,170.8,170.74,170.74,170.77,135.78834
1557320940,170.78,170.64,170.77,170.7,82.31856
1557321000,170.68,170.56,170.64,170.57,158.07263
1557321060,170.61,170.51,170.58,170.59,476.06918
1557321120,170.59,170.4,170.52,170.53,220.90187
1557321180,170.68,170.43,170.52,170.62,1086.20631
1557321240,170.8,170.51,170.62,170.52,127.44277
1557321300,170.72,170.44,170.55,170.44,135.24999
1557321360,170.65,170.38,170.42,170.65,127.54142
1557321420,170.62,170.34,170.52,170.34,106.78721
1557321480,170.44,170.2,170.34,170.44,95.8599
1557321540,170.44,170.29,170.35,170.31,48.32331
1557321600,170.42,170.23,170.31,170.41,27.75912
1557321660,170.54,170.3,170.38,170.4,109.53582
1557321720,170.36,170.14,170.28,170.22,197.02726
1557321780,170.24,170.07,170.15,170.14,211.60871
1557321840,170.14,170,170.14,170.08,126.02825
1557321900,170.3,170,170.01,170.3,83.63699
1557321960,170.37,170.21,170.22,170.37,72.91164
1557322020,170.66,170.39,170.39,170.61,54.35327
1557322080,170.68,170.53,170.6,170.57,116.82826
1557322140,170.64,170.44,170.55,170.64,35.04136
1557322200,170.66,170.51,170.55,170.66,56.48584
1557322260,170.69,170.54,170.62,170.69,46.65729
1557322320,170.94,170.69,170.69,170.92,54.83843
1557322380,170.92,170.83,170.91,170.88,68.70245
1557322440,170.88,170.63,170.88,170.65,82.07928
1557322500,170.8,170.6,170.65,170.77,78.956
1557322560,170.77,170.61,170.66,170.7,16.3177
1557322620,170.7,170.6,170.7,170.67,7.22322
1557322680,170.68,170.6,170.6,170.6,34.93504
1557322740,170.63,170.6,170.62,170.61,46.25563
1557322800,170.63,170.58,170.62,170.62,69.64219
1557322860,170.62,170.59,170.61,170.61,99.46001
1557322920,170.6,170.58,170.6,170.58,49.58996
1557322980,170.6,170.51,170.58,170.59,165.65894
1557323040,170.61,170.44,170.61,170.53,115.84725
1557323100,170.6,170.43,170.56,170.48,203.59221
1557323160,170.56,170.35,170.49,170.52,673.83863
1557323220,170.79,170.5,170.6,170.79,135.51237
1557323280,170.87,170.68,170.75,170.73,86.82029
1557323340,170.74,170.64,170.72,170.69,84.0183
1557323400,170.9,170.68,170.74,170.85,99.50713
1557323460,171.02,170.86,170.88,170.99,247.35643
1557323520,170.95,170.66,170.9,170.7,86.94941
1557323580,170.96,170.73,170.73,170.96,63.25422
1557323640,170.93,170.83,170.85,170.83,207.38185
1557323700,170.86,170.52,170.83,170.53,372.90427
1557323760,170.6,170.33,170.6,170.46,102.97148
1557323820,170.54,170.39,170.48,170.54,97.85475
1557323880,170.57,170.39,170.5,170.49,76.68168
1557323940,170.5,170.24,170.49,170.34,98.75128
1557324000,170.41,170.26,170.33,170.4,102.41947
1557324060,170.46,170.26,170.38,170.28,89.45992
1557324120,170.35,170.25,170.29,170.31,51.09773
1557324180,170.36,170.24,170.29,170.33,170.51959
1557324240,170.35,170.25,170.33,170.25,100.29989
1557324300,170.33,170.07,170.25,170.12,441.05796
1557324360,170.14,169.86,170.12,169.94,410.95331
1557324420,170,169.78,169.94,169.86,108.90655
1557324480,169.94,169.74,169.83,169.75,183.67459
1557324540,169.86,169.7,169.75,169.7,112.10672
1557324600,169.76,168.67,169.69,169.15,1185.53634
1557324660,169.5,168.55,169.15,169.33,605.65892
1557324720,169.41,168.81,169.33,169.17,420.88434
1557324780,169.16,168.62,169.14,168.83,373.88825
1557324840,169.13,168.83,168.89,168.9,264.30316
1557324900,169,168.23,168.9,168.37,1179.34884
1557324960,168.66,168.33,168.37,168.66,213.64664
1557325020,169.37,168.66,168.68,169.19,173.12906
1557325080,169.25,168.78,169.16,168.8,731.8298
1557325140,168.95,168.78,168.82,168.9,270.79434
1557325200,169.28,168.9,168.9,169.27,196.0734
1557325260,169.55,169.27,169.27,169.53,340.18168
1557325320,169.72,169.47,169.5,169.61,198.15956
1557325380,169.71,169.53,169.61,169.53,108.63139
1557325440,169.54,169.22,169.51,169.29,193.21026
1557325500,169.68,169.28,169.3,169.62,92.72193
1557325560,169.7,169.6,169.61,169.64,101.36651
1557325620,169.76,169.51,169.62,169.56,445.04062
1557325680,169.68,169.44,169.56,169.44,192.74061
1557325740,169.79,169.38,169.47,169.44,347.11288
1557325800,169.49,169.38,169.43,169.43,117.41281
1557325860,169.54,169.39,169.43,169.44,140.91085
1557325920,169.55,169.4,169.47,169.46,141.1848
1557325980,169.55,169.46,169.47,169.5,90.08077
1557326040,169.69,169.52,169.52,169.6,194.35379
1557326100,169.71,169.54,169.6,169.62,169.63927
1557326160,169.77,169.54,169.55,169.69,139.41486
1557326220,169.89,169.63,169.68,169.88,151.37203
1557326280,170,169.66,169.88,169.75,281.54998
1557326340,169.86,169.6,169.7,169.86,102.22426
1557326400,170.11,169.76,169.81,170.09,247.12437
1557326460,170.14,169.99,170.04,170.03,330.78956
1557326520,170.06,169.89,170.03,169.96,93.94206
1557326580,170.11,169.92,169.92,170.08,256.41317
1557326640,170.2,170.1,170.1,170.19,166.59362
1557326700,170.19,170,170.19,170,228.99839
1557326760,170.01,169.9,170,169.91,82.4417
1557326820,170.05,169.86,169.97,169.97,103.79375
1557326880,170.08,169.98,169.98,170,76.69079
1557326940,170.21,170.03,170.03,170.11,168.03731
1557327000,170.2,170.06,170.08,170.2,79.72376
1557327060,170.25,170.12,170.13,170.21,134.08224
1557327120,170.29,170.2,170.24,170.26,107.92514
1557327180,170.29,170.18,170.29,170.27,104.12771
1557327240,170.33,170.24,170.27,170.31,86.98175
1557327300,170.36,170.26,170.29,170.3,63.16928
1557327360,170.3,170.22,170.23,170.22,100.15681
1557327420,170.26,170.06,170.22,170.08,126.1294
1557327480,170.22,170.04,170.09,170.11,51.19328
1557327540,170.13,169.81,170.07,169.83,78.25126
1557327600,169.91,169.67,169.87,169.79,90.64854
1557327660,170,169.81,169.93,169.94,67.35962
1557327720,170,169.87,169.99,169.88,474.93781
1557327780,169.99,169.72,169.93,169.79,103.55174
1557327840,169.86,169.64,169.77,169.78,97.60676
1557327900,170.17,169.74,169.74,170.17,240.39722
1557327960,170.12,169.86,170.04,169.86,54.80897
1557328020,170.05,169.86,169.98,169.92,181.17383
1557328080,169.97,169.81,169.86,169.83,60.10475
1557328140,169.89,169.79,169.81,169.79,40.16901
1557328200,169.89,169.78,169.8,169.8,117.47075
1557328260,169.94,169.79,169.8,169.94,179.70903
1557328320,169.99,169.89,169.89,169.98,68.32721
1557328380,170,169.84,169.94,169.94,67.97079
1557328440,170.04,169.85,169.91,169.9,47.45089
1557328500,169.95,169.81,169.92,169.86,65.64517
1557328560,169.89,169.79,169.81,169.81,48.5184
1557328620,169.94,169.77,169.83,169.8,66.16761
1557328680,169.9,169.8,169.81,169.9,58.51475
1557328740,169.92,169.78,169.87,169.87,51.55552
1557328800,170.01,169.85,169.91,170.01,121.96209
1557328860,170.09,170,170,170.06,45.22746
1557328920,170.1,170,170.02,170.02,55.77603
1557328980,170.07,169.91,170.05,169.93,110.79028
1557329040,170.23,169.94,169.94,170.04,223.66251
1557329100,170.18,170.01,170.01,170.18,56.63764
1557329160,170.7,170.19,170.2,170.66,239.55959
1557329220,170.82,170.35,170.68,170.35,275.83338
1557329280,170.63,170.32,170.35,170.6,77.33074
1557329340,170.7,170.57,170.57,170.6,75.29423
1557329400,170.69,170.53,170.58,170.67,54.62337
1557329460,170.72,170.6,170.6,170.67,54.42377
1557329520,170.83,170.68,170.72,170.82,61.36315
1557329580,170.91,170.75,170.75,170.86,294.58602
1557329640,171.28,170.75,170.8,171.01,358.18806
1557329700,171.06,170.79,170.97,170.9,259.42038
1557329760,170.92,170.5,170.9,170.64,262.92286
1557329820,170.77,170.58,170.61,170.77,130.22338
1557329880,170.89,170.71,170.71,170.78,58.77672
1557329940,170.84,170.45,170.84,170.46,174.31187
1557330000,170.5,170.26,170.45,170.29,186.6619
1557330060,170.37,170,170.36,170.31,161.00411
1557330120,170.39,170.27,170.32,170.31,59.12577
1557330180,170.33,170.2,170.31,170.23,65.35302
1557330240,170.29,170.1,170.29,170.13,60.71925
1557330300,170.14,170.03,170.13,170.14,51.22321
1557330360,170.23,170.04,170.07,170.12,187.02928
1557330420,170.38,170.09,170.15,170.28,126.5402
1557330480,170.45,170.26,170.34,170.44,63.48217
1557330540,170.53,170.35,170.44,170.51,63.00631
1557330600,170.5,170.28,170.44,170.38,57.03099
1557330660,170.35,170.26,170.28,170.31,49.48205
1557330720,170.48,170.27,170.27,170.48,57.26581
1557330780,170.62,170.27,170.27,170.54,109.73813
1557330840,170.73,170.55,170.61,170.63,112.85508
1557330900,170.7,170.52,170.63,170.54,157.22537
1557330960,170.55,170.25,170.54,170.39,237.77284
1557331020,170.45,170.25,170.42,170.35,61.20944
1557331080,170.35,170.22,170.32,170.33,81.31891
1557331140,170.33,170.23,170.26,170.29,71.7525
