1543161600000,112.91,112.29,112.35,112.91,911.29562651
1543161660000,113.23,112.78,112.90792032,113.04,821.2415256
1543161720000,113,112.71,112.94,112.80275946,563.21281175
1543161780000,112.81,112.35,112.80227785,112.53,905.94109019
1543161840000,112.75,112.48,112.65,112.67,151.53664877
1543161900000,113.02,112.75,112.75,113.02,633.65664978
1543161960000,113.04,112.87,113.02301504,112.87,349.71664579
1543162020000,112.87,112.36,112.87,112.55,346.25976133
1543162080000,112.43,112.43,112.43,112.43,12.49022277
1543162140000,112.53,112.43,112.43,112.5232524,107.75996087
1543162200000,112.52,112.28,112.52,112.28,135.55179721
1543162260000,112.45,112.28,112.29,112.45,77.48249785
1543162320000,112.42,112.34,112.34,112.42,328.32614201
1543162380000,112.44,112.17163496,112.42983456,112.22,586.75764978
1543162440000,112.26,112.06161273,112.22,112.06161273,448.85694006
1543162500000,112.33,112.02077974,112.08,112.33,242.10201604
1543162560000,112.26,112.15,112.26,112.15,128.00074781
1543162620000,112.15,111.21,112.15,111.21,1331.37152854
1543162680000,111.48654807,111.16,111.4,111.42,1121.87182406
1543162740000,111.91642875,111.41,111.41,111.91,660.97014694
1543162800000,112.03,111.88,111.91,112.03,584.80336243
1543162860000,112.23,111.81,112.03098798,112.17,704.66479787
1543162920000,112.43,112.07,112.07,112.4,417.69937818
1543162980000,112.44,112.04,112.4,112.25,980.46945879
1543163040000,114.01,112.28,112.34130016,113.21060779,13229.27717969
1543163100000,113.447666,112.91,113.21060779,112.97457416,1014.87083609
1543163160000,113.06,112.96,112.97457416,112.96,719.69780253
1543163220000,113.22,112.61,112.97,113.01,1171.59590274
1543163280000,113.01,112.65,113.01,112.65,1750.90413816
1543163340000,112.65,112.51,112.65,112.51,242.86237494
1543163400000,112.73,112.51,112.51,112.53,355.54028614
1543163460000,113.64,112.53,112.53607584,113.43,859.73624253
1543163520000,113.3,113.04,113.29,113.04,129.50636552
1543163580000,113.08,112.8,113,112.97,396.13249993
1543163640000,113.56,112.73,112.97,112.94,958.32078986
1543163700000,113.13,112.76,112.94,113.03,314.95684776
1543163760000,113.07903481,112.83,112.92,112.91,93.76770223
1543163820000,113.05,112.85,112.91,112.98,1111.00081229
1543163880000,112.98,112.8,112.97,112.86,195.84557321
1543163940000,112.96,112.87,112.92,112.95,130.66827433
1543164000000,112.91,112.78,112.91,112.78,96.09500898
1543164060000,112.79,112.53,112.78,112.76,193.47510498
1543164120000,112.75,112.5,112.75,112.57,1363.29761391
1543164180000,112.68,112.5,112.58,112.51,201.10857289
1543164240000,112.65,112.54,112.55,112.61,97.10615696
1543164300000,112.62,112.51,112.61,112.56,105.76632836
1543164360000,112.76,112.55,112.59,112.62,120.14300365
1543164420000,112.6,112.52,112.6,112.6,32.620096
1543164480000,113.01,112.6,112.6,113,1241.12397988
1543164540000,113.2,112.59,113,112.97241533,2851.34625352
1543164600000,112.98,112.94,112.97457416,112.94,375.83605275
1543164660000,112.89,112.65117056,112.85,112.7,234.43015289
1543164720000,112.75,112.4,112.69249032,112.49,290.33029218
1543164780000,112.67,112.4,112.49,112.61,409.57397291
1543164840000,112.68,112.61,112.61,112.68,168.50880943
1543164900000,112.72,112.68,112.68,112.7,307.28653788
1543164960000,112.7,112.47,112.7,112.47,352.59363503
1543165020000,112.52,112.29,112.38,112.52,387.54459805
1543165080000,112.52,112.03,112.51,112.03,301.66717354
1543165140000,112.37,112.04,112.04,112.27,142.66579202
1543165200000,112.38,112.19,112.27,112.37,323.95929408
1543165260000,112.66,112.37,112.37,112.51,240.71112393
1543165320000,112.57,112.42,112.57,112.42,112.21186629
1543165380000,112.42,112.29,112.42,112.29,151.78264866
1543165440000,112.43,112,112.28,112.13,3081.91242712
1543165500000,112.16,111.99,112.14,112,622.70925539
1543165560000,111.99,111.92,111.99,111.92,161.05565983
1543165620000,111.92,111.62,111.92,111.76,372.94457436
1543165680000,111.76,111.7,111.75,111.71,91.63238999
1543165740000,111.85,111.65,111.71,111.84,210.60117703
1543165800000,111.91,111.79,111.908489,111.8,198.74788835
1543165860000,111.81,111.62,111.81,111.62,181.11357768
1543165920000,111.66,111.65,111.65006235,111.65,71.77929433
1543165980000,111.62,111.01,111.62,111.03,1348.61511694
1543166040000,111.18,111.01,111.03,111.11,221.47841273
1543166100000,111.12051407,111,111.12,111,1291.54304821
1543166160000,111.01,110.25,111,110.25,4095.17981286
1543166220000,110.25,109.81,110.25,109.98,1722.78848269
1543166280000,110.78,110.07,110.07,110.43,706.15686744
1543166340000,110.44,110.06,110.43,110.06,267.19454479
1543166400000,110.33,110.01,110.05,110.18,556.87693416
1543166460000,110.17,110.02,110.17,110.09,158.85760278
1543166520000,110.18,110.04,110.15,110.05,82.065066
1543166580000,110.46,110.14,110.14,110.20144304,1201.94156804
1543166640000,110.29,110.20144304,110.20144304,110.29,63.68476345
1543166700000,110.29,110.01,110.29,110.08,370.93692661
1543166760000,110.1,109.9,110.1,109.9,119.79757713
1543166820000,109.90767234,109.6,109.90767234,109.6,937.93389033
1543166880000,109.6,109.01,109.6,109.06,1639.0419817
1543166940000,109.55,109.04,109.06,109.55,916.3711628
1543167000000,110,109.41,109.53,109.72,812.04086525
1543167060000,110.07,109.67,109.82,109.67,435.95526188
1543167120000,109.55,109.17,109.55,109.18,456.85903086
1543167180000,109.74,109.26,109.26,109.74,394.23436582
1543167240000,109.96,109.78,109.78,109.94,419.1594602
1543167300000,110.04,109.67,109.89,109.67,406.11384606
1543167360000,109.57080015,109.32,109.57080015,109.32,124.74220257
1543167420000,109.76,109.33,109.33,109.66,521.49131689
1543167480000,109.79,109.60142489,109.78,109.62,195.85082156
1543167540000,109.62,109.46,109.62,109.47,87.79315918
1543167600000,109.72,109.46,109.46,109.51,424.71106539
1543167660000,109.62,109.05,109.62,109.39,2250.36061845
1543167720000,109.47,109.04,109.47,109.06,205.99702071
1543167780000,109.07,108.67,109.06,108.91,856.05054429
1543167840000,109.51,108.91,108.92,109.51,1639.52041771
1543167900000,109.61,109.09,109.51,109.5,2069.36103124
1543167960000,109.30878844,109.18,109.18061821,109.30878844,42.50528315
1543168020000,109.30765419,108.69,109.3,108.77001978,424.45347852
1543168080000,109.11,108.77,108.77001978,109.06,379.02351117
1543168140000,109.22,109.06,109.06,109.09,110.96664037
1543168200000,109.11936872,109.11,109.11936872,109.11,17.967
1543168260000,109.2,109.11,109.11,109.12,160.42742699
1543168320000,109.5,109.12,109.13,109.34,1196.94420287
1543168380000,109.72,109.42,109.42,109.71,576.14038438
1543168440000,109.71,109.7,109.71,109.71,85.8087786
1543168500000,109.71,109.7,109.7,109.7,334.40960511
1543168560000,109.71,109.4,109.7,109.41,150.92214689
1543168620000,109.41,109.29,109.4,109.29,186.24446322
1543168680000,109.43,109.28,109.28043219,109.43,209.16669831
1543168740000,109.81,109.53,109.54,109.81,487.4092897
1543168800000,110.56,109.78,109.79,110.56,1011.26957702
1543168860000,110.95,110.5,110.59,110.5,1572.65709788
1543168920000,110.75,110.48,110.5,110.72,535.47777781
1543168980000,110.97840416,110.72,110.72,110.87,388.60004069
1543169040000,110.99,110.84,110.87,110.88,530.76367812
1543169100000,111.8,110.85,110.87,111.75,1043.82026969
1543169160000,111.86,111.61,111.75,111.7,536.30802107
1543169220000,111.7,111.47066858,111.7,111.48,233.34190499
1543169280000,111.47,111.31,111.44,111.31,311.8525291
1543169340000,111.44,111.23,111.31,111.41,919.22400596
1543169400000,111.63,111.41,111.41,111.48087683,447.90271741
1543169460000,111.5,111.31,111.5,111.31,87.74972058
1543169520000,111.3,110.65,111.3,111.09,1101.031454
1543169580000,111.07,110.67,111.07,110.82,447.10216055
1543169640000,110.91,110.55,110.82,110.85,544.06278556
1543169700000,111,110.75,110.91,110.7606282,208.9706294
1543169760000,110.76,110.42,110.76,110.42,193.74825407
1543169820000,110.6,110.41,110.41,110.54,138.05103838
1543169880000,110.6,110.6,110.6,110.6,42.6
1543169940000,111.20071712,110.6,110.6,111.2,203.48664208
1543170000000,111.20071712,110.93,111.20071712,110.93,172.00182664
1543170060000,111.06,110.6,110.93,111.06,274.5621009
1543170120000,111.08,110.78,111.08,110.91,223.0832321
1543170180000,110.86,110.71,110.85,110.83,112.462525
1543170240000,111.09,110.7,110.82,111.06,257.47852177
1543170300000,111.39,110.94,111.07,111.16,345.21434279
1543170360000,111.18,110.77,111.18,110.98,313.65690086
1543170420000,111,110.83,110.98,110.83,185.09098708
1543170480000,110.89,110.66081421,110.83,110.67,281.28640986
1543170540000,111.06,110.68,110.68,110.87,90.81292266
1543170600000,110.92,110.67,110.77,110.89,219.45411585
1543170660000,111.07,110.73,111.06,110.73,81.08393101
1543170720000,110.92,110.6,110.75,110.64,181.81245252
1543170780000,110.9,110.85,110.85,110.9,40.52301364
1543170840000,110.9,110.85,110.9,110.85,48.4853991
1543170900000,110.86,110.85,110.85,110.86,0.6441
1543170960000,110.85,110.53,110.85,110.53,672.88928417
1543171020000,110.73,110.53,110.53,110.57,53.16941039
1543171080000,110.66,110.54,110.54,110.65,129.79411581
1543171140000,110.65,110.53,110.65,110.53,10.545
1543171200000,110.54,110.53,110.53,110.53,78.10639007
1543171320000,110.8,110.54,110.54,110.79,120.66014069
1543171380000,110.99,110.7107212,110.72,110.86,182.993
1543171440000,111,110.7606282,110.8,110.93,334.15700418
1543171500000,110.92,110.81,110.92,110.81,28.9864
1543171560000,110.86,110.86,110.86,110.86,21
1543171740000,110.87,110.86,110.87,110.86,8.72480182
1543171800000,111.06,110.87,110.87,111.06,25.128004
1543171860000,111.11,111.07,111.07,111.07,95.1429
1543171920000,111.25,110.9,111.25,110.9,309.78606651
1543171980000,111.23,111.05,111.05,111.23,82.39387701
1543172100000,111.1,111.1,111.1,111.1,2
1543172160000,111.26,111.11,111.11,111.26,26.01472621
1543172220000,111.25,111.25,111.25,111.25,0.2
1543172280000,111.26,111.25,111.26,111.25,11.10719946
1543172340000,111.25,110.66,111.25,110.66,430.52020785
1543172400000,110.75,110.46,110.63,110.56,549.76253011
1543172460000,110.7560912,110.57,110.57,110.75,34.20829012
1543172520000,110.75,110.5780137,110.75,110.5780137,30.31409545
1543172640000,110.57,110.57,110.57,110.57,3.4965
1543172700000,110.57,110.57,110.57,110.57,0.09944815
1543172760000,110.84,110.58,110.58,110.84,162.9420837
1543172820000,110.93,110.84,110.84,110.88,91.85559779
1543172880000,110.94,110.87,110.87,110.87,49.40730244
1543172940000,110.91,110.67215671,110.87,110.91,143.57749934
1543173000000,110.99,110.78,110.98861241,110.8,135.45513279
1543173060000,110.8,110.79,110.8,110.79,25.56037068
1543173120000,110.91,110.8,110.8,110.91,85.64172258
1543173180000,111.88,111.03161809,111.03161809,111.88,911.91964507
1543173240000,114.19,111.93,111.95,114.06,4444.41812087
1543173300000,114.59,113.6,114.11,113.63,4770.21995888
1543173360000,113.63,113.14,113.63,113.52,839.59816717
1543173420000,113.59,113.2,113.59,113.2,508.61082489
1543173480000,113.72,113.19,113.2,113.72,468.34817405
1543173540000,114.3,113.51,113.71,113.8,3011.30652382
1543173600000,113.78,113.56,113.78,113.56,78.273
1543173660000,113.57,113.40923969,113.56,113.40923969,130.97710183
1543173720000,113.98,113.41,113.41,113.83,288.44474394
1543173780000,114.59,113.73,113.74,114.59,659.21306226
1543173840000,115.79,114.57,114.57,114.92,6541.41695893
1543173900000,115.45528816,114.54,114.79,114.68,1913.54633403
1543173960000,114.68,114.35,114.68,114.35,784.54571282
1543174020000,114.6046008,114.02,114.29,114.54,485.32420815
1543174080000,114.55,114.21,114.55,114.38,583.28589243
1543174140000,114.39,113.91,114.39,113.91,749.82220367
1543174200000,114.13,113.89,113.89,113.98,251.08614105
1543174260000,115,113.91,113.99,114.96,1337.53491642
1543174320000,115.74,114.98,114.98,115.43,1809.36384621
1543174380000,115.44,114.86,115.44,114.95,2056.62344626
1543174440000,114.94487575,114.46,114.88,114.87,384.77994712
1543174500000,115,114.88,114.88,114.99,452.90983101
1543174560000,115,114.5,115,114.6,1006.93677703
1543174620000,114.62,114.42,114.6,114.61,1127.26964137
1543174680000,114.62,114.12,114.62,114.15,507.32226932
1543174740000,114.56,114.25,114.27,114.27,233.64901844
1543174800000,114.5,114.28,114.4,114.33,247.38959557
1543174860000,114.62,114.33,114.33,114.61,711.69712451
1543174920000,114.8,114.61,114.62,114.73,311.30929437
1543174980000,114.79,114.41,114.67,114.41,328.5814015
1543175040000,114.62,114.29,114.41,114.62,208.33918479
1543175100000,114.61,114.38,114.38,114.46,83.36325021
1543175160000,114.69,114.42,114.49,114.42,210.63064912
1543175220000,114.76,114.41,114.42,114.51,485.97371834
1543175280000,114.55,114.42,114.55,114.42,72.65204896
1543175340000,114.42312083,114.34,114.42,114.34,49.99866
1543175400000,114.35,113.77,114.34,114.03,1146.94538334
1543175460000,114.27,113.37,114.06,113.39,783.67601532
1543175520000,113.65,113.43,113.43,113.64,158.14066297
1543175580000,113.64,113.03706728,113.64,113.33083827,975.05535904
1543175640000,113.65183068,113.34,113.34,113.6,312.41346074
1543175700000,113.6,113.41,113.6,113.41,71.48502916
1543175760000,113.41,113.03,113.41,113.21,353.20858346
1543175820000,113.43,113,113.3,113.41,510.43596539
1543175880000,113.43,113.16,113.29,113.43,137.09243172
1543175940000,113.33,113.18,113.33,113.21,56.60765535
1543176000000,113.30928752,113.18,113.24,113.18,128.52136623
1543176060000,113.47,113.1,113.18,113.33,639.73628378
1543176120000,113.42,113.26,113.29,113.34,250.42097867
1543176180000,113.69,113.34,113.35,113.69,416.7749045
1543176240000,114.23,113.69,113.69,113.84,1004.8778303
1543176300000,113.92,113.5,113.76,113.92,481.37112595
1543176360000,114.04,113.8,113.92,114.03,255.03680947
1543176420000,114.04,113.58,114.03,113.69,310.93634546
1543176480000,113.86,113.63,113.69,113.79,151.2319
1543176540000,113.98,113.7,113.83,113.95,369.11553943
1543176600000,114.3,114,114.05,114.12,582.0903391
1543176660000,114.14,114.04,114.11,114.06,198.55254928
1543176720000,114.14,113.88118328,114.03,113.88118328,257.76264719
1543176780000,114.18,113.94,114.02,114.02,219.83663773
1543176840000,114.09,113.99,114.01,114,198.69670231
1543176900000,114.27,113.96,113.97,114.09,264.23576942
1543176960000,114.14,114.02,114.13,114.03,89.14088875
1543177020000,114.13,113.96,114.09,114.09,147.10120964
1543177080000,114.27,113.97,114.1,114.15,234.49641101
1543177140000,114.29,114.09,114.17,114.12,140.97035886
1543177200000,114.11,114.11,114.11,114.11,3.58816781
1543177260000,114.27,114.11,114.11,114.27,51.90144772
1543177320000,114.43,114.25,114.25,114.43,593.22912229
1543177380000,115,114.43,114.43,114.99,853.45509363
1543177440000,115,114.8,114.96,114.8,468.095936
1543177500000,115,114.85,114.85,115,332.13581905
1543177560000,115.44,115,115,115.43,175.04902345
1543177620000,115.99,115.33,115.33,115.88,571.07015606
1543177680000,116.62,115.88,115.88,116.1,2074.02446354
1543177740000,116.08,115.86,116.03,115.86,376.19317228
1543177800000,115.87,115.21,115.87,115.68,831.89232014
1543177860000,115.79,115.51,115.78,115.56024436,186.21130689
1543177920000,115.94,115.5,115.51076423,115.94,447.3265035
1543177980000,116.19,115.96,115.96,116.18,520.79069006
1543178040000,116.18,115.84,116.18,116.07,625.80655685
1543178100000,116.08,115.92,116.06,116.03,398.62837151
1543178160000,116.25,115.95,116.09,116.25,575.76149716
1543178220000,117,116.26,116.26,117,2672.56005744
1543178280000,117,116.99,117,117,2423.47747761
1543178340000,118.4,116.99860453,117,118.32,7255.6490226
1543178400000,118.84,118.04,118.3,118.16,4055.87560503
1543178460000,118.12,116.71,118.12,116.91,4855.56181563
1543178520000,116.91,116.19,116.91,116.4963768,1777.76206623
1543178580000,116.98,116.34,116.49,116.35,1613.27140637
1543178640000,116.84,116.36,116.43,116.71,289.71714818
1543178700000,117.27,116.54,116.55,117.16,744.21635286
1543178760000,117.36,116.81,117.15,117,1330.02956131
1543178820000,116.99,116.38,116.99,116.74,774.9590692
1543178880000,116.9,116.51,116.63,116.83,550.95207603
1543178940000,117,116.69,116.83,116.8,661.89715252
1543179000000,117.97,116.87,116.87,117.97,1574.40545674
1543179060000,118.15,117.91,117.97,118.13,1391.22181614
1543179120000,119.66,118.13,118.14,119.5808716,5837.24726358
1543179180000,119.9,118.2,119.63,118.28,4455.8900964
1543179240000,118.26,117.72,118.18,117.95,2493.53112064
1543179300000,118.13,117.72,117.95,118.08,1307.71848559
1543179360000,118.09,117.51,118.08,117.56,1780.26128427
1543179420000,118,117.35,117.53901814,118,837.23190033
1543179480000,117.92,117.06,117.92,117.06,931.94844479
1543179540000,117.72,116.79,117.03,117.1,1383.10698705
1543179600000,117.77,117.04,117.04,117.52,355.1547609
1543179660000,117.55,117.1,117.54,117.17,297.38211616
1543179720000,117.39,116.79,117.26,116.95,354.20305408
1543179780000,117.27,116.7,116.9,117.03,480.72394784
1543179840000,117.02,116.85,117.02,116.96,241.03432822
1543179900000,116.98,116.96,116.96,116.97,253.78513827
1543179960000,116.97,116.34,116.96,116.34,650.72774028
1543180020000,116.79,116.08,116.31,116.08,870.21270746
1543180080000,116.56,115.89,116.08,116.56,1024.96255837
1543180140000,116.59,116.17,116.59,116.38,168.35306951
1543180200000,117,116.3,116.3,116.95,448.99672441
1543180260000,117.69,116.87,116.87,117.39,643.40191607
1543180320000,117.4,117.04,117.4,117.28,343.0463265
1543180380000,117.28,116.86,117.28,117.04,195.11235808
1543180440000,117.48,117.04,117.04,117.2,226.96741307
1543180500000,117.27,117.07,117.14,117.11,457.33480626
1543180560000,118.02,117.16,117.16,118.02,295.0688323
1543180620000,118.49,118,118.03,118.31,897.08995242
1543180680000,118.3,117.82,118.29,118.17,930.33989505
1543180740000,118.47,117.82,118.12,118.08,844.95255479
1543180800000,118.83,118.07,118.08,118.83,818.56727878
1543180860000,118.91,118.67,118.89,118.71,631.56149871
1543180920000,118.99,118.49,118.71,118.85985474,520.51382061
1543180980000,119.07,118.69,118.7,119.07,439.78002873
1543181040000,119.82,119.07,119.07,119.45,1054.65329153
1543181100000,119.6,119.18,119.46,119.26,667.76748614
1543181160000,119.24961452,118.85,119.07,118.93,928.95607977
1543181220000,119.22,118.94,118.94,119.21,158.79407021
1543181280000,119.8,119.22,119.22,119.8,525.13463128
1543181340000,120.24,119.81,119.81,119.87,4717.03790782
1543181400000,120,119.72,119.88,119.91,1191.85222645
1543181460000,119.90744956,119.48,119.90744956,119.56,727.35373695
1543181520000,119.64,119.22,119.57,119.27,429.57790917
1543181580000,119.28,119.07,119.28,119.12,272.69780604
1543181640000,119.12,118.48,119.12,118.94,803.50531101
1543181700000,118.91,118.57,118.91,118.65,550.20840339
1543181760000,119.49,118.5,118.65,119.49,1098.46224855
1543181820000,119.49,119.21,119.49,119.31,549.76477854
1543181880000,119.3,118.87,119.3,118.87,550.9733
1543181940000,118.96,118.19,118.95,118.74,961.33130675
1543182000000,118.74,118.49,118.73,118.72,277.01414443
1543182060000,119,118.42,118.48,118.74,445.40362427
1543182120000,118.99,118.64,118.64,118.92,179.80286431
1543182180000,119.38,118.69,118.69,119.38,390.776497
1543182240000,119.5,119.06,119.43,119.25,423.574922
1543182300000,120.03,119.49,119.49,119.77,1054.65796526
1543182360000,120.95,119.77,119.77,120.45,3504.11998436
1543182420000,121.81,120.52,120.53,121.81,8321.56677319
1543182480000,122.18,120.86,121.81,120.9,3852.01038624
1543182540000,121.23,120.26,120.97359601,121.19,4434.59845814
1543182600000,121.81,121.18,121.19,121.6,859.74037197
1543182660000,122.12,121.08,121.6,121.11,2334.04758009
1543182720000,121.54,120.78,121.11,121.3,1438.75450211
1543182780000,121.5,120.82,121.39,120.92685588,1110.97691317
1543182840000,121.16,120.38,120.89,120.4,1163.36741409
1543182900000,120.79075362,120.12,120.4,120.32,798.94520542
1543182960000,120.32,119.87,120.32,119.99,621.61806072
1543183020000,120.4,119.87,119.88,120.18,1459.12490778
1543183080000,120.18,119.92,120.18,120.07,644.48598211
1543183140000,120.06,119.53,120.06,119.67,520.58577661
1543183200000,119.70193556,119.48,119.56,119.69,556.49263018
1543183260000,119.69,119.38,119.68,119.42973104,535.16626999
1543183320000,119.42,118.63,119.42,118.89,920.38742365
1543183380000,119.14,118.82,118.89,119.14,1149.46199839
1543183440000,119,118.45325684,118.95,118.52,333.7247756
1543183500000,118.62,118.17,118.44,118.17,665.64570718
1543183560000,119.12,118.16,118.17,119,1505.95384911
1543183620000,119.27,119,119,119.22449597,773.59309901
1543183680000,119.58,119.22,119.22,119.47,708.09507087
1543183740000,119.53,119.33,119.39,119.49,664.62641233
1543183800000,119.48,119.16,119.48,119.16,158.03768171
1543183860000,119.8,119.25,119.25,119.8,1216.49629931
1543183920000,120,119.79,119.79,120,736.46824709
1543183980000,120,119.83,120,119.88115067,2616.08962039
1543184040000,119.96,119.75,119.9,119.88,253.11571094
1543184100000,119.85,119.63,119.84,119.68,74.00474595
1543184160000,119.69,119.31,119.69,119.31,324.02083398
1543184220000,119.31,119.22,119.31,119.29,1019.00797418
1543184280000,119.39,118.93,119.29,119.3,1616.87855863
1543184340000,119.43,119.29,119.29,119.43,135.30594296
1543184400000,119.55,119.42,119.43,119.52,239.76717877
1543184460000,119.53,119.15,119.53,119.24,487.18250689
1543184520000,119.31604272,119.25,119.25,119.31604272,40.51482854
1543184580000,119.74,119.31,119.31,119.74,216.69982321
1543184640000,119.94,119.65,119.65,119.94,117.58963087
1543184700000,121.04,119.94617258,119.94617258,121,2111.02349303
1543184760000,121.16,120.52,121.01,120.6,2030.85725584
1543184820000,120.61,120.6,120.6,120.6,4.57569966
1543184880000,120.61,120.26,120.61,120.26,423.21774236
1543184940000,120.26,120.08,120.26,120.2,161.15127033
1543185000000,120.19,119.96,120.19,120.11,120.61107859
1543185060000,120.1,119.86,120.1,119.96,845.99666702
1543185120000,119.97,119.76,119.96,119.76,124.99608759
1543185180000,119.75,119.33,119.75,119.54,320.89536001
1543185240000,119.3932215,119.09,119.39,119.09,843.63349901
1543185300000,119.22,119.09,119.09,119.2,763.12808781
1543185360000,119.28,119.07,119.2,119.1,765.48207336
1543185420000,119.26,119.09,119.09,119.26,85.70181262
1543185480000,119.34,119.28,119.28,119.31,117.91420383
1543185540000,119.24,119.14,119.23,119.14,156.45776262
1543185600000,119.19,119.18,119.19,119.18,20.26071152
1543185660000,119.7,119.07,119.19,119.19,2691.92075036
1543185720000,119.21,119.2,119.2,119.21,157.19228153
1543185780000,119.38,119.3,119.37,119.32,63.13175739
1543185840000,119.31,119.09,119.31,119.09,378.07777279
1543185900000,119.1,119,119.09,119.01,237.93575805
1543185960000,119,118.77,119,118.8,471.55320938
1543186020000,118.8,118.14,118.8,118.23,665.90889156
1543186080000,118.42,118.15183016,118.24,118.2,499.46519628
1543186140000,118.25,118,118.19,118,1387.33752125
1543186200000,118,117.71,118,117.81,1035.98007875
1543186260000,117.88,117.8,117.8,117.87,1614.59244008
1543186320000,117.84,117.8,117.8,117.81,355.25281378
1543186380000,117.82,117.81,117.81,117.81,100.39648283
1543186440000,117.81,117.8,117.81,117.81,266.15880797
1543186500000,118.32,117.8,117.81,118.05,1425.60123207
1543186560000,118.06,118.04,118.05,118.04,410.44688144
1543186620000,118.06,117.81,118.06,117.81,180.71509613
1543186680000,117.81,117.8,117.81,117.8,593.73098348
1543186740000,117.8,117.6,117.8,117.73,592.21508246
1543186800000,117.71,117.6,117.61638359,117.7,311.6014678
1543186860000,117.74,117.71,117.71,117.73,69.52694606
1543186920000,117.74,117.73,117.74,117.73,45.39345253
1543186980000,117.74,117.73,117.73,117.74,35.00106995
1543187040000,118.55,117.74,117.74,118.19,3091.12816705
1543187100000,118.56,118.18,118.19,118.24916004,935.11891461
1543187160000,118.33,118.25,118.33,118.3,14.60406689
1543187220000,118.7,118.37,118.38,118.68,263.2641908
1543187280000,118.92,118.68,118.7,118.71390463,227.44364159
1543187340000,118.71390463,118.51,118.71390463,118.56,237.55206225
1543187400000,118.5,118.5,118.5,118.5,9.5
1543187460000,118.51,118.34,118.5,118.47,445.04988887
1543187520000,118.54,118.47,118.48,118.54,53.5944
1543187580000,118.78,118.55,118.55,118.74,49.35370968
1543187640000,118.81,118.55,118.76,118.55,134.15374021
1543187700000,118.55,118.16,118.55,118.16,394.24236525
1543187760000,118.17,118,118.17,118,424.02170942
1543187820000,118.03,118,118,118,148.65836424
1543187880000,118.16,118,118,118.07,162.49536896
1543187940000,118.17,117.94,118.17,117.94,580.98383344
1543188000000,117.94,117.52,117.94,117.53,284.95890294
1543188060000,117.57,117.41,117.57,117.44,494.40716524
1543188120000,117.86,117.44,117.44,117.8,298.89413393
1543188180000,117.88,117.81,117.81,117.87,46.35953028
1543188240000,117.87311509,117.87,117.87,117.87,90.75190819
1543188300000,117.89,117.87,117.87311509,117.88,200.47585713
1543188420000,118.22,117.89,117.89,118.2,350.33617254
1543188480000,118.21,118,118.21,118,166.92186648
1543188540000,117.95,117.88,117.95,117.95,71.36163618
1543188600000,118.1,117.88,117.89,118.1,245.07096007
1543188660000,118.09,118.02,118.09,118.04,126
1543188720000,118.01,118,118.01,118,114.82092295
1543188780000,118.55,118.01,118.01,118.54,722.09093311
1543188840000,118.54,118.25,118.54,118.31,650.08510534
1543188900000,118.32,118.32,118.32,118.32,160.5
1543188960000,118.53,118.33,118.33,118.53,184.2135593
1543189020000,118.53,118.52,118.52,118.53,35.56736015
1543189080000,118.52,118.22,118.52,118.23,223.99598153
1543189140000,118.3,118.22,118.22,118.3,45.48
1543189200000,118.47444207,118.3,118.3,118.46,166.1015579
1543189260000,118.58,118.46,118.46,118.58,138.11118866
1543189320000,118.58,118.57644819,118.58,118.58,116.08430084
1543189380000,119.02,118.58,118.58,119.01,237.54446683
1543189440000,119.64,119.02,119.02,119.64,268.68597516
1543189500000,119.68,119.09,119.67,119.09,674.04551139
1543189560000,119.45,119.09,119.09,119.43,121.85828853
1543189620000,119.4,118.78382556,119.4,118.78382556,300.38791357
1543189680000,119.04,118.79,118.79,118.85,202.48576275
1543189740000,119.49,118.91,118.91,119.12,628.0790701
1543189800000,119.13,118.99,119.13,118.99,179.35281986
1543189860000,119,118.84,119,118.88583457,104.85750096
1543189920000,119.11,118.85,118.8631659,119.03,55.844944
1543189980000,119.71,119.03,119.03,119.27,748.8504551
1543190040000,119.34,119.09,119.33774783,119.09,146.34066951
1543190100000,119.09,118.75,119.09,118.81,529.4947891
1543190160000,118.85,118.51,118.85,118.51,51.45596832
1543190220000,118.71,118.52,118.52,118.7,182.59204
1543190280000,118.79,118.62,118.71,118.71,342.94784984
1543190340000,118.86,118.64,118.78,118.72,129.94197711
1543190400000,118.89,118.62,118.73,118.89,261.68876349
1543190460000,119,118.75,118.89,119,249.12081951
1543190520000,119.34,119.14,119.14,119.28,607.26923227
1543190580000,119.27,118.92,119.27,118.92,169.48523931
1543190640000,119.06,118.94,118.94,119.06,44
1543190700000,119.07,118.87,118.88,119.07,138.39689329
1543190760000,119.74,119.07,119.07,119.21,1272.79545658
1543190820000,119.44,119.20041733,119.21,119.22,250.00855663
1543190880000,119.55,119.25,119.25,119.42,377.94056789
1543190940000,119.42,119.4158466,119.42,119.42,130.33751841
1543191000000,119.42,119.4158466,119.42,119.42,62.63764155
1543191060000,119.44,119.4158466,119.4158466,119.44,70.15534417
1543191120000,120.1,119.43852336,119.44,119.78,2939.57214399
1543191180000,119.79,119.64,119.77,119.79,182.44664534
1543191240000,120.23,119.79,119.79,120.03,1716.00360832
1543191300000,120.02,119.78,119.97,120.01,664.02011977
1543191360000,120.01,119.38,120.01,119.67,1045.60587633
1543191420000,119.67,119.53,119.67,119.64,416.56014397
1543191480000,119.92,119.69,119.69,119.91,295.51955596
1543191540000,119.92,119.91,119.92,119.91347865,46.52338312
1543191600000,119.91,119.41,119.91,119.41,1730.05065993
1543191660000,119.57692312,119.41,119.41,119.5,136.74943811
1543191720000,119.69,119.5,119.51,119.5,438.4992486
1543191780000,119.63,119.5,119.52,119.51,165.33764274
1543191840000,119.52,119.52,119.52,119.52,71.30785
1543191900000,119.77,119.51,119.57,119.72,234.15480446
1543191960000,119.75,119.71,119.71,119.75,87.63207982
1543192020000,120.03,119.8,119.8,120.01,863.48551171
1543192080000,120.31,120.01,120.01,120.31,593.34769343
1543192140000,120.68,120.11,120.29,120.68,1169.61673755
1543192200000,121.07,120.35,120.48,121,3217.09435368
1543192260000,120.89,120.45,120.78,120.87,962.99027447
1543192320000,121.49,120.89,120.89,121.44,1109.63099348
1543192380000,121.32,120.83,121.32,121.06,1236.14289146
1543192440000,121.27,121.03451376,121.04089766,121.264351,151.57719679
1543192500000,121.264351,120.66,121.264351,120.79,1419.56362096
1543192560000,120.8,120.62,120.8,120.62,205.12541462
1543192620000,120.87,120.62,120.62,120.86,422.50041639
1543192680000,120.86,120.31,120.86,120.42,1007.92814711
1543192740000,120.43,120.25,120.42,120.42,1932.41218735
1543192800000,120.43,119.82,120.42,120.05,1204.48363065
1543192860000,120.36,119.83,120.05,120.17,1251.62146209
1543192920000,120.18,119.94,120.18,120.05,248.95828617
1543192980000,120.35,120.16,120.1608793,120.35,283.17053475
1543193040000,120.41,120.35,120.35,120.41,129
1543193100000,120.41,119.81,120.41,119.85,353.90764351
1543193160000,119.86,119.8,119.86,119.8,72.75129871
1543193220000,119.76,119.68,119.76,119.68,74.13454001
1543193280000,119.69,119.68,119.68,119.68,60.143156
1543193340000,119.68,119.5,119.68,119.5,1121.94132208
1543193400000,119.69,119.45,119.5,119.69,236.85984357
1543193460000,119.69,119.45,119.69,119.55,228.46297696
1543193520000,119.51,119.37,119.51,119.39,119.51917539
1543193580000,119.8,119.49,119.49620075,119.79,444.47146982
1543193640000,119.79,119.65,119.79,119.65,165.43913649
1543193700000,119.65,119.29,119.65,119.29,92.62166178
1543193760000,119.5,119.39,119.39,119.49,101.7577704
1543193820000,119.5,118.64,119.49,118.75,2237.87390574
1543193880000,118.96,118.29,118.83,118.77,1515.98692564
1543193940000,118.9,118.61,118.9,118.82,98.91705069
1543194000000,118.88,118.54,118.88,118.54,92.54436464
1543194060000,119,118.54,118.54,118.57,1106.0665038
1543194120000,118.55,118.4,118.49,118.47,287.53897302
1543194180000,118.47,118.11871726,118.47,118.19,299.65657531
1543194240000,118.65,118.1,118.19,118.5,483.00373201
1543194300000,118.6,118.24,118.51,118.42234544,467.58631822
1543194360000,118.54,118.23209672,118.5023864,118.23209672,283.22801715
1543194420000,118.35,118.12,118.19,118.35,515.75901821
1543194480000,118.39,118.34,118.34,118.39,174.73779556
1543194540000,118.64,118.39,118.39,118.64,421.42298036
1543194600000,118.67,118.31,118.64,118.32,577.93564727
1543194660000,118.4,118.26611055,118.4,118.26611055,83.95904805
1543194720000,118.26611055,118.15,118.26611055,118.2,593.57982586
1543194780000,118.17,118.11,118.17,118.11,584.85069161
1543194840000,118.57,118.11,118.11,118.57,467.90327947
1543194900000,118.60382083,118.3,118.60382083,118.43,657.60501819
1543194960000,118.43,118.28,118.42,118.28,66.32864813
1543195020000,118.54,118.28,118.28,118.3,348.30030105
1543195080000,118.56,118.35,118.35,118.38,209.80708919
1543195140000,118.37713157,118.20781224,118.37713157,118.20781224,178.3834044
1543195200000,118.2,118.1,118.2,118.10510446,845.56594756
1543195260000,118.1,117.79,118.1,117.79,1850.01006585
1543195320000,117.76,117.45,117.75,117.65,316.69031074
1543195380000,118.12,117.65,117.65,117.98,436.43129252
1543195440000,117.94,117.85,117.94,117.85,114.33204171
1543195500000,117.76,117.6,117.75,117.61,355.63414308
1543195560000,117.92,117.53,117.61,117.91909566,522.0414031
1543195620000,117.9,117.83,117.86,117.89,169.47081812
1543195680000,118.1,117.94,117.95,118.04,721.33319141
1543195740000,118.05,118.04,118.04,118.04,95.80794568
1543195800000,118.05,118.04,118.04,118.04,64.13988766
1543195860000,118.05,117.87,118.05,117.9,406.72585321
1543195920000,117.92,117.9,117.91,117.9,95.11653567
1543195980000,117.9,117.9,117.9,117.9,89.39204864
1543196040000,118,117.91,117.91,117.96,322.20808117
1543196100000,118.07,117.9,117.96,118.07,951.47465527
1543196160000,118.15,117.92498284,118.07,117.93,345.06484479
1543196220000,118.15,118.05,118.05,118.15,273.28968665
1543196280000,118.15,118.14025712,118.15,118.14025712,54.57
1543196340000,118.16,118.14,118.15,118.14,187.12830931
1543196400000,118.14025712,118.14,118.14,118.14025712,10.80825822
1543196460000,118.14025712,118.14,118.14,118.14,48.34444383
1543196520000,118.24,118.14,118.14,118.24,298.0535776
1543196580000,118.24,118.24,118.24,118.24,18.64078181
1543196640000,118.24,118.24,118.24,118.24,3
1543196700000,118.24,118.23,118.24,118.23,56.3051894
1543196760000,118.24,118.1,118.24,118.1,654.50421142
1543196820000,118.14,117.94,118.1,118.02,292.577217
1543196880000,118.13,117.97,118.02,118.1,46.54782528
1543196940000,118.1,118.09,118.09,118.1,72.9437564
1543197000000,118.25,118.17,118.17,118.25,183.11164695
1543197060000,118.26,118.07,118.25,118.09,330.66252806
1543197120000,118.05,117.89,118.05,117.89,105.647116
1543197180000,118,117.78,117.8,117.96,702.92509779
1543197240000,117.95,117.75,117.95,117.75,223
1543197300000,117.95314778,117.79966778,117.84,117.79966778,589.245462
1543197360000,117.8,117.79,117.79412174,117.8,129.11679628
1543197420000,117.8,117.79,117.8,117.79412174,3.87868548
1543197480000,117.79412174,117.67,117.79412174,117.68,311.59269976
1543197540000,117.67,117.49,117.67,117.5,1134.86652517
1543197600000,117.5,116.98,117.49,117.17,2331.41751672
1543197660000,117.18,117.06,117.18,117.16,429.27402905
1543197720000,117.16,117.02,117.15,117.02,373.22565801
1543197780000,117.02215721,116.69,117.02,116.71,653.71279088
1543197840000,116.97,116.7,116.71,116.85,273.21822977
1543197900000,116.92849039,116.69,116.92849039,116.69,430.56625404
1543197960000,116.69,116.52,116.69,116.56,437.95217061
1543198020000,116.6,116.55,116.57,116.6,116.68321426
1543198080000,117.02,116.58,116.58,116.81,632.36040057
1543198140000,117.05,116.85,116.89,117.04,254.89112089
1543198200000,117.11,116.82,117.05,116.82,213.93637485
1543198260000,116.97,116.74,116.91,116.74,173.50709434
1543198320000,116.74,116.52,116.73,116.54,154.29683921
1543198380000,116.6,116.46,116.51,116.46,240.59847212
1543198440000,116.61,115.99,116.43,116.17,3400.50031086
1543198500000,116.48791252,115.93,116.17,116.16,2337.82893047
1543198560000,116.22,115.97,116.16,116.21,785.37250001
1543198620000,116.22,116,116.22,116.17,197.12363663
1543198680000,116.22,115.94,116.16,116.22,241.24248443
1543198740000,116.32,116.09,116.21,116.32,128.10534479
1543198800000,116.31,115.9941342,116.3,115.9941342,1400.99914425
1543198860000,116.54,116,116,116.54,948.93731418
1543198920000,116.94,116.54,116.54,116.8,864.13420625
1543198980000,116.78,116.72562066,116.73,116.78,85.1799989
1543199040000,116.83,116.78,116.78743164,116.83,71.26103641
1543199100000,116.84,116.83,116.84,116.84,38.626
1543199160000,117.33,116.98,116.98,117.29178512,275.6320652
1543199220000,117.3,116.91,117.3,116.91,121.19035648
1543199280000,117.03,117,117,117.01,67.91750768
1543199340000,116.91,116.9,116.9,116.91,1.5002034
1543199400000,116.91,116.90222346,116.90222346,116.91,9.04
1543199520000,117.12,116.84,117.12,116.85,197.4211
1543199580000,116.96,116.85,116.85,116.96,44.04135794
1543199640000,116.97,116.96,116.96,116.97,9.67825494
1543199700000,117.07,116.97,116.97,117.07,69.375
1543199820000,117.06,117.06,117.06,117.06,10
1543199880000,117.07,117.07,117.07,117.07,50
1543199940000,117.07,117.06,117.06,117.07,23.0757196
1543200000000,117.23,117.06,117.06775272,117.23,388.12564729
1543200060000,117.23,117.22,117.23,117.22,19.83702017
1543200120000,117.23,117.22,117.23,117.22,40.95
1543200180000,117.37,117.23,117.23,117.35179476,37.294297
1543200240000,117.36,117.35,117.36,117.35179476,11.70000028
1543200300000,117.35179476,117.35,117.35179476,117.35,357.5885
1543200360000,117.35,117.01,117.35,117.01,323.15804561
1543200420000,117.01,116.86,117.01,116.86,110.122
1543200480000,116.87,116.87,116.87,116.87,71.90087859
1543200540000,116.97,116.88,116.97,116.88,45.1781
1543200600000,116.88,116.82,116.88,116.82,628.75037558
1543200660000,116.83,116.83,116.83,116.83,59.08944602
1543200720000,116.85,116.83,116.83,116.85,12.5402
1543200840000,116.86,116.86,116.86,116.86,9
1543200900000,116.86,116.86,116.86,116.86,2.41464008
1543200960000,116.86,116.86,116.86,116.86,1
1543201020000,117.29,116.86,116.86,117.28,687.24193995
1543201080000,117.36,117.12,117.13,117.3,231.69526894
1543201140000,117.3,117.2,117.3,117.21,51.49170767
1543201200000,117.20655238,117.20655238,117.20655238,117.20655238,0.4
1543201260000,117.21,117.21,117.21,117.21,22
1543201320000,117.86,117.21,117.21,117.86,1369.87407274
1543201380000,118,117.67,117.83,117.72,1250.41434244
1543201440000,118.01,117.70570776,117.71,117.76,1093.17493233
1543201500000,117.98,117.76,117.76,117.97,119.13287859
1543201560000,117.97,117.96,117.97,117.96629408,131.52919455
1543201620000,118.46,117.97,117.97,118.15,2226.69591183
1543201680000,118.44,117.89831504,118.14,118.15,1478.22981226
1543201740000,118.15,117.9436344,118.15,117.99,318.9215128
1543201800000,118,117.99,117.99,118,3.22142827
1543201860000,117.99,117.77,117.99,117.79,515.86519126
1543201920000,117.79,117.71,117.79,117.73,78.56961928
1543201980000,117.76,117.75,117.75,117.76,10.44809656
1543202040000,117.75573807,117.75,117.75,117.75573807,55.21875998
1543202100000,117.75,117.48,117.75,117.48,258.90522493
1543202160000,117.58,117.4156984,117.49,117.4156984,123.24855522
1543202220000,117.69,117.47,117.47,117.54,148.66153139
1543202280000,117.58,117.51,117.58,117.52,36.1
1543202340000,117.52,117.33,117.52,117.43836771,191.99499204
1543202400000,117.41,117.20033994,117.41,117.35,160.16866275
1543202460000,117.39,117.38,117.38,117.39,114.83412505
1543202520000,117.39,117.38,117.39,117.38169443,12.7984027
1543202580000,117.43,116.99,117.38821425,117.33,1205.18111136
1543202640000,117.31,117.23,117.23,117.28,220.4748
1543202700000,117.34,117.21,117.34,117.34,148.22924867
1543202760000,117.47,117.34,117.42,117.34,319.50426136
1543202820000,117.47,117.46,117.46,117.46,19.32308155
1543202880000,117.46,117.24085586,117.46,117.25,328.14329453
1543202940000,117.91,117.11,117.19,117.69,2163.29044307
1543203000000,117.96,117.19,117.69,117.78,3784.94494744
1543203060000,117.84,117.78,117.78,117.8,208.99882729
1543203120000,117.97,117.42,117.86,117.45,382.8836
1543203180000,117.64,117.41,117.58,117.41,131.4227859
1543203240000,117.39,117,117.39,117.1,369.05842638
1543203300000,117.29,117.11,117.17,117.11,119.5
1543203420000,117.48,117.16,117.18,117.29,192.98834705
1543203480000,117.34,117.27,117.34,117.3,73.1
1543203540000,117.59,117.39,117.42,117.39,108.12099
1543203600000,117.62,117.4,117.4,117.61,13.1
1543203660000,118,117.55,117.59,117.76,1308.43705671
1543203720000,118,117.76,117.76,118,1486.71393347
1543203780000,118,117.87,117.92,117.89,118.353
1543203840000,117.99,117.7,117.88,117.85,733.74458788
1543203900000,117.85,117.64,117.85,117.68,91.3102744
1543203960000,117.64,117.64,117.64,117.64,11.698
1543204020000,117.91,117.65,117.65,117.91,104.02734
1543204080000,118.15,117.84,117.94,118.15,345.1836326
1543204140000,118.21,118.06,118.16,118.06,300.8653258
1543204200000,118.12,118,118.04,118,147
1543204260000,117.89,117.88,117.88,117.89,35.2
1543204320000,117.89,117.88,117.89,117.88,73.23366274
1543204380000,118.1,117.89,117.89,118.1,140.89506879
1543204440000,118.21,118.2,118.2,118.21,132.79364688
1543204500000,118.23,118.22,118.22,118.23,38.84989346
1543204560000,118.22,117.86,118.22,117.91,569.49097752
1543204620000,117.9,117.62,117.9,117.79,1301.82447301
1543204680000,117.78,117.78,117.78,117.78,0.84797366
1543204740000,117.9,117.79,117.79,117.9,24.05386175
1543204800000,117.91,117.88,117.90118241,117.88,451.77727526
1543204860000,117.92,117.7,117.7,117.91,83.00474981
1543204920000,117.92,117.7,117.79,117.72,134.03199138
1543204980000,117.8,117.58,117.8,117.58,547.06935557
1543205040000,117.59,117.48,117.58,117.48,1311.87637261
1543205100000,117.48,117.48,117.48,117.48,1.51968699
1543205160000,117.49,117.48,117.48524191,117.49,107.38632571
1543205220000,117.48524191,117.47,117.48,117.48524191,153.16
1543205280000,117.48524191,117.48524191,117.48524191,117.48524191,4.99
1543205400000,117.49,117.48,117.49,117.48,12.46749574
1543205460000,117.49,117.48,117.48,117.49,43.64804621
1543205520000,117.5,117.49,117.49,117.5,294.11465839
1543205580000,117.6,117.59,117.6,117.59,208.7447491
1543205760000,117.6,117.6,117.6,117.6,0.1
1543205880000,117.79,117.6,117.6,117.78,529.86838574
1543205940000,117.78,117.01,117.78,117.45,4310.30765817
1543206000000,117.46,117.28748541,117.46,117.28748541,152.17386466
1543206060000,117.33736938,116.75,117.33736938,116.98128138,2685.94457735
1543206120000,117.25,116.93,117,117.23015689,380.27059366
1543206180000,117.1,117.07297962,117.1,117.07297962,39.36018005
1543206240000,117.07,116.85,117.07,116.86,528.97761139
1543206300000,116.87,116.23,116.86728521,116.58,995.4791068
1543206360000,116.72,116.17,116.57,116.33431777,628.99549792
1543206420000,116.36,116.18,116.34,116.32,139.86559871
1543206480000,116.32,116.2,116.32,116.23,63.51612548
1543206540000,116.34,116,116.18,116,1610.60657615
1543206600000,116.22,116,116,116.18,620.71099272
1543206660000,116.17,116.16,116.17,116.16422178,116.86648139
1543206720000,116.16422178,116.08,116.16422178,116.09,76.20637096
1543206780000,116.09,116.08487337,116.09,116.08487337,16.7158
1543206840000,116.08491632,115.65,116.08491632,115.67,714.87299995
1543206900000,115.8,115.7,115.7,115.8,318.87265887
1543206960000,115.79,115.7,115.79,115.7,110.08382271
1543207020000,115.70514978,115.53,115.70491557,115.63,250.54477868
1543207080000,115.74,115.63,115.63,115.74,680.63545481
1543207140000,115.73,115.7,115.73,115.73,2437.78475559
1543207200000,116.04,115.7,115.73,115.9,493.43599937
1543207260000,116.4,115.89,115.9,116.33,2008.42624889
1543207320000,116.41169218,116.26,116.33,116.26,456.28481172
1543207380000,116.3,116.08,116.26,116.08,445.76337053
1543207440000,116.13,115.9,116.13,116,295.00381259
1543207500000,116.22,116,116,116.22,132.29754493
1543207560000,116.69,116.21,116.22,116.33,437.59928159
1543207620000,116.48,116.12,116.33,116.48,438.39718717
1543207680000,116.43,116.16,116.43,116.2,117.274904
1543207740000,116.17,116,116.17,116.08,51.28459656
1543207800000,116.28,116.07,116.08,116.28,62.88114699
1543207860000,116.34,116.06,116.34,116.32,188.90587967
1543207920000,116.31,116.08,116.31,116.08,284.94666415
1543207980000,116.27,116.02,116.11,116.11,591.38896374
1543208040000,116.23,116.11,116.11,116.16,158.87504858
1543208100000,116.23,115.99,116.14,116,872.67880497
1543208160000,116,115.99,116,116,34.72010926
1543208220000,116.17,116,116,116.17,194.23425724
1543208280000,116.17,116.17,116.17,116.17,7.05321961
1543208340000,116.25,116,116.25,116,83.06091158
1543208400000,116.14,114.96,116,115.54,6476.6550077
1543208460000,115.78,115.08,115.54,115.74,3420.97259124
1543208520000,115.73,115.73,115.73,115.73,55.17158808
1543208580000,115.72627274,115.72627274,115.72627274,115.72627274,20.22571377
1543208640000,115.72,115.66955529,115.72,115.66955529,162.4483748
1543208700000,115.66,115.21,115.66,115.24,155.92733555
1543208760000,115.27,115.22,115.23,115.22,62.09726129
1543208820000,115.21,115.01,115.21,115.05,152.31853623
1543208880000,115.26,115.01,115.04,115.26,224.22991007
1543208940000,115.56746389,115.26,115.26,115.56746389,251.51428692
1543209000000,115.56746389,115.5,115.56746389,115.5,114.11003484
1543209060000,115.86,115.51,115.51,115.86,716.68168872
1543209120000,116.53,115.84,115.84,116.53,950.53658618
1543209180000,116.74,116.48,116.54,116.48,724.5265884
1543209240000,116.68,116.420258,116.43,116.4309339,260.15722568
1543209300000,116.4309339,116.27207676,116.4309339,116.28,762.14034102
1543209360000,116.43,116.2,116.2789284,116.43,198.15695552
1543209420000,117.09,116.44,116.45,117.09,1390.62575574
1543209480000,117.13,116.84,117,116.861913,222.39861196
1543209540000,116.87,116.8,116.86,116.8,267.41824332
1543209600000,116.91,116.6145862,116.76,116.91,611.45164497
1543209660000,116.8442468,116.74,116.84,116.81,273.39746446
1543209720000,116.8167298,116.72,116.81,116.74957036,486.25643039
1543209780000,116.74,116.41,116.74,116.59,489.50905222
1543209840000,116.6,116.6,116.6,116.6,2.08286338
1543209900000,116.59,116.43,116.59,116.43,182.17958319
1543209960000,116.6,116.5,116.5,116.59,97.23742946
1543210020000,116.59075827,116.59075827,116.59075827,116.59075827,64.081
1543210080000,116.6,116.51,116.6,116.51,58.31608539
1543210140000,116.44,116.34119642,116.44,116.34119642,27.5
1543210200000,116.54,116.34119642,116.34119642,116.54,167.3472262
1543210260000,116.55,116.35,116.55,116.35,171.57255314
1543210320000,116.35,116.35,116.35,116.35,0.34099
1543210380000,116.59,116.41,116.41,116.59,595.42388821
1543210440000,116.6,116.59,116.59,116.6,56.0817
1543210500000,116.6,116.6,116.6,116.6,48.25703485
1543210560000,116.69,116.6,116.6,116.69,514.24744527
1543210620000,116.6892429,116.68,116.68084664,116.68,67.28089191
1543210680000,116.69,116.68,116.69,116.68,52.80348725
1543210740000,117.19,116.69,116.69,117.14,2818.89796214
1543210800000,117.21,117.13,117.15,117.13,292.13987306
1543210860000,117.13,116.94,117.13,116.95,111.80600747
1543210920000,116.99,116.91,116.99,116.94,51.47620542
1543210980000,116.94,116.94,116.94,116.94,25.19313805
1543211040000,116.94,116.87,116.94,116.87,127.2549999
1543211100000,116.85,116.79,116.79,116.85,104.58828
1543211160000,116.94,116.94,116.94,116.94,15
1543211220000,117.1,116.9387631,116.9387631,117.1,211.40205428
1543211280000,117.23,117.1,117.1,117.23,63.98752707
1543211340000,117.78,117.22,117.22725532,117.57898247,2711.17178442
1543211400000,117.44,117.29,117.44,117.29,138.56902468
1543211460000,117.3,117.29,117.29,117.3,296.40395556
1543211520000,117.3,116.81,117.3,117.1,1009.49533553
1543211580000,117.03,116.98,117.02,117.02,35.95432265
1543211700000,117.03,117.02,117.02821822,117.02,42.72176948
1543211760000,117.02821822,116.98,117.02821822,116.99,86.05945386
1543211820000,117.03,116.98,116.98,117.03,129.80400818
1543211880000,117.08,117.08,117.08,117.08,0.620346
1543211940000,117.09,117.09,117.09,117.09,4.3767001
1543212000000,117.48,117.08,117.08496193,117.36,520.09250598
1543212060000,117.44,117.29,117.36,117.3,379.953331
1543212120000,117.29,117.29,117.29,117.29,2.9551
1543212180000,117.29,117.29,117.29,117.29,32.1248119
1543212240000,117.23,117.2,117.23,117.2,28.79952738
1543212300000,117.19986598,116.98,117.19986598,116.99,406.56421449
1543212360000,117.19986598,117.01,117.02,117.07,627.31556907
1543212420000,117.24,117.04,117.07,117.09,460.39635202
1543212480000,117.2,117.09,117.13,117.18,503.60890013
1543212540000,117.2,116.93889232,117.14,116.96,499.82588406
1543212600000,117.08,116.9,116.96,117.07,536.56259135
1543212660000,117.04,116.87081224,117.04,116.91,260.69073774
1543212720000,117.12,116.97,117.02,117.1,337.82493446
1543212780000,117.12,117.04,117.09,117.12,11.43742738
1543212840000,117.12,117.11,117.11,117.11,32.00966043
1543212900000,117.15,117.11,117.11,117.15,76.1648
1543212960000,117.22,117.14,117.14374922,117.22,29.03730754
1543213020000,117.26,117.25,117.26,117.25,2.8720381
1543213080000,117.26,117.26,117.26,117.26,10
1543213140000,117.38,117.26,117.26,117.38,139.82014771
1543213200000,117.39,117.38205386,117.39,117.38205386,1.12
1543213260000,117.42,117.39,117.39,117.42,85.87080608
1543213320000,117.48,117.39,117.39,117.48,139.5959723
1543213380000,117.65,117.5,117.5,117.63,268.90389767
1543213440000,117.72582116,117.63,117.65,117.72582116,346.67846191
1543213500000,117.73,117.67,117.67,117.68043289,124.16366554
1543213560000,117.69,117.68,117.69,117.68,35.85083288
1543213620000,117.68,117.47,117.68,117.55,53.03416202
1543213680000,117.55,117.44,117.55,117.44,24.54571539
1543213740000,117.44,117.43,117.43,117.44,5.52566182
1543213860000,117.54,117.53,117.54,117.54,39.30909753
1543213920000,118.86,117.53638908,117.53638908,118.71,2516.86492253
1543213980000,119.95,118.67436041,118.78,119.6,3080.41227739
1543214040000,120.33,119.31,119.67,119.31,3362.38105022
1543214100000,119.44,119.06018276,119.36,119.4,1098.48611241
1543214160000,119.93,119.37,119.39,119.86,505.78765535
1543214220000,120.84,119.87,119.87,120.18,2372.44335543
1543214280000,120.11,119.61,120.11,119.61,1207.91973172
1543214340000,119.6,119.2,119.6,119.37,908.90413129
1543214400000,119.62,119.38,119.38,119.5,311.17097369
1543214460000,119.73,119.51,119.51,119.73,342.0200057
1543214520000,119.71,119.71,119.71,119.71,107.1971
1543214580000,119.95,119.72,119.72,119.88,834.46302491
1543214640000,119.71,119.37,119.71,119.6,500.99067318
1543214700000,119.73,119.61,119.61,119.63,114.7323
1543214760000,119.63,119.13,119.63,119.26,701.04815589
1543214820000,119.38,119.05,119.26393498,119.26,677.11673584
1543214880000,119.63,119.26,119.27,119.63,274.32594587
1543214940000,119.97616169,119.65,119.65,119.84,1396.7205778
1543215000000,119.96,119.67,119.96,119.71,378.0886054
1543215060000,119.87,119.61,119.71,119.76,159.97261177
1543215120000,119.88,119.6,119.86,119.61,326.4043781
1543215180000,119.78,119.6,119.78,119.61,263.24137478
1543215240000,119.68,119.26,119.68,119.43,370.90308533
1543215300000,119.45,119.43,119.44,119.45,41.69234396
1543215360000,119.43,119.25,119.43,119.26,138.75415437
1543215420000,119.43,119.25,119.25,119.28,102.43135778
1543215480000,119.5,119.27,119.27,119.5,281.277566
1543215540000,119.59,119.3,119.39,119.42,167.51422761
1543215600000,119.48,119.35,119.42348821,119.35,172.017547
1543215660000,119.36,119.22,119.35,119.22,88.70383378
1543215720000,119.36,119.1917044,119.23,119.1917044,565.07827223
1543215780000,119.19,118.51,119.19,118.68,3013.26181625
1543215840000,119.1,118.8,118.8,119.1,503.0061356
1543215900000,119.18,119.01,119.15,119.12,370.97895109
1543215960000,119.07,119.02,119.04,119.02,146.16888092
1543216020000,119.05072695,118.84,119.05,118.99,332.86387664
1543216080000,119,118.82,119,118.85773921,202.75066196
1543216140000,119.32,118.85,118.85,118.99,2046.95034437
1543216200000,119.09,118.99,119,119.09,114.46227036
1543216260000,119.1,119.09,119.09,119.09,70.86778338
1543216320000,119.24,119.1,119.1,119.21,169.35368555
1543216380000,119.31,119.2,119.2,119.2,345.5084826
1543216440000,119.19,118.54,119.05,119.01,2412.86422853
1543216500000,119.22,118.98,118.99,119.22,690.38876441
1543216560000,119.22,118.9,119.22,119.03,1442.99972383
1543216620000,119.09,118.84,119.02,118.98,288.80685964
1543216680000,119,118.87,119,118.87,74.00179396
1543216740000,118.86,118.65,118.86,118.65,122.71334573
1543216800000,118.66,118.65,118.65,118.65,12.47628755
1543216860000,118.79,118.65,118.65,118.79,151.82094923
1543216920000,118.69,118.68,118.68,118.69,81.42089868
1543216980000,118.71,118.03,118.69,118.36,1563.54212372
1543217040000,118.35,118.19249982,118.22,118.35,294.97429378
1543217100000,118.49,118.45,118.45,118.47,152.24652712
1543217160000,118.62,118.47493322,118.47493322,118.62,177.78276519
1543217220000,118.65,118.57,118.62,118.57,78.62466256
1543217280000,118.58,118.57,118.58,118.57716471,39.79691601
1543217340000,118.64,118.58,118.58,118.64,168.3148659
1543217400000,118.73,118.65,118.65,118.73,495.93117815
1543217460000,118.75,118.72,118.72,118.73,676.64384557
1543217520000,118.87,118.75,118.75,118.86,634.23925319
1543217580000,118.87,118.86,118.86196253,118.86,51.40892227
1543217640000,118.86,118.70282823,118.86,118.82,78.6436916
1543217700000,118.87,118.74,118.74,118.84,322.48451547
1543217760000,118.98,118.86,118.86,118.98,432.7085365
1543217820000,119,118.99,119,119,24.121
1543217880000,119,119,119,119,26.85
1543217940000,119,118.99,119,119,523.78109983
1543218000000,118.99,118.83,118.99,118.83,230.37356936
1543218060000,118.8,118.79,118.79,118.8,159.97567917
1543218120000,118.79,118.78,118.79,118.78161074,16.145
1543218180000,118.81,118.79,118.79,118.81,167.402437
1543218240000,118.87,118.81,118.81,118.87,139.72838951
1543218300000,118.88,118.78,118.88,118.8,409.36607982
1543218360000,118.79,118.67,118.79,118.75,299.26981468
1543218420000,118.77,118.64,118.74,118.68,318.66236604
1543218480000,118.65,118.1,118.65,118.1,430.32155125
1543218540000,118.3,118,118.08,118,500.70166598
1543218600000,118.13,117.78,118.12240746,117.99,517.88830729
1543218660000,118,117.97,118,117.97,57.07785533
1543218720000,117.97,117.81,117.97,117.86,47.67468913
1543218780000,118.13,117.87,117.87,118.13,996.95216376
1543218840000,118.08,117.94,118.07,117.94,43.31057063
1543218900000,117.93,117.86,117.93,117.86,65.71550269
1543218960000,117.86,117.7,117.86,117.7,180.83708338
1543219020000,117.72,117.65,117.65,117.72,48.67222595
1543219080000,117.8,117.6,117.79,117.61,1173.74880112
1543219140000,117.65,117.52,117.61,117.65,384.15758478
1543219200000,117.7,117.56,117.65,117.7,288.70521268
1543219260000,117.7,117.56,117.61,117.7,139.57509258
1543219320000,117.76,117.55,117.7,117.63,646.1829
1543219380000,117.59,117.59,117.59,117.59,18.889
1543219440000,117.55152122,117.2,117.55152122,117.2,685.33979653
1543219500000,117.2,117.05,117.2,117.06,151.95758356
1543219560000,117.28,117.05,117.05178528,117.28,169.35671719
1543219620000,117.29,117.28,117.29,117.29,35
1543219680000,117.41,117.26,117.41,117.26,63.58145004
1543219740000,117.26,117.2,117.26,117.25,40.25
1543219800000,117.2,117.12,117.2,117.12,97.79033672
1543219860000,117.12,117.05,117.12,117.05,121.73013651
1543219920000,117.06,117.05,117.06,117.05,209.00459573
1543219980000,117.21,117.06,117.06,117.16,1449.89101575
1543220040000,117.16,117.11,117.16,117.16,92.7758
1543220100000,117.13,117.12,117.13,117.12,15.65453178
1543220160000,117.13,117.13,117.13,117.13,97.6
1543220220000,117.13,117.13,117.13,117.13,20.43689717
1543220280000,117.16,117.13,117.14,117.15,372.276793
1543220340000,117.15,117.13,117.15,117.13,16.054319
1543220400000,117.31481682,117.15,117.15,117.17844388,82.14918865
1543220460000,117.17844388,117.15,117.17844388,117.15,215.0321
1543220520000,117.16,117.15,117.15,117.16,22.54404747
1543220580000,117.16,117.05,117.16,117.05,272.17550596
1543220640000,117.03,116.62,117.03,116.62,383.04630319
1543220700000,116.78,116.62,116.62,116.77,103.87237716
1543220760000,116.69,116.67,116.69,116.68,36.89715755
1543220820000,116.68,116.51,116.68,116.56,655.98356326
1543220880000,116.7,116.55,116.57,116.69,133.17608047
1543220940000,116.77,116.66,116.76,116.76,274.73401912
1543221000000,116.83,116.76,116.76491802,116.77,266.72265415
1543221060000,116.76,116.63,116.76,116.7,100.55705998
1543221120000,116.69,116.68,116.69,116.69,170.77483341
1543221180000,116.71,116.5,116.71,116.51,655.43724293
1543221240000,116.5,116.2,116.5,116.2,1365.74870262
1543221300000,116.2,116,116.2,116.01,1357.74870413
1543221360000,116,115.51,116,115.58,1657.74355736
1543221420000,115.79,114.81,115.52,115.3136616,4515.97269023
1543221480000,115.78,115.39,115.39,115.71,380.86734043
1543221540000,115.72,115.19152124,115.71,115.1989392,287.84613605
1543221600000,115.42,115.13,115.2,115.13,273.05249645
1543221660000,115.04,114.85,115.02,114.95,601.03497897
1543221720000,115.67,115.02,115.02,115.6,670.55437744
1543221780000,115.81,115.6,115.6,115.62,466.87218502
1543221840000,115.91,115.62850081,115.63,115.9,280.22082769
1543221900000,115.9,115.62,115.9,115.62,178.35069406
1543221960000,115.72,115.59,115.62,115.71,152.86557503
1543222020000,115.94,115.6,115.71,115.92,344.57910311
1543222080000,116.57,115.9,115.9,116.25,1442.94992241
1543222140000,116.12,115.84,116.12,115.96,665.30439367
1543222200000,116.18,115.98,115.98,116.01652464,167.86824474
1543222260000,116.23132498,116.02,116.02,116.19,42.25629506
1543222320000,116.2654471,116.18,116.19,116.18,64.07725856
1543222380000,116.18,115.84,116.18,115.94,199.92903002
1543222440000,116.00893751,115.94,115.94,116.00893751,28.42904647
1543222500000,116.1070695,116.01,116.01,116.01,127.10464504
1543222620000,116.39,116.02,116.02,116.2,342.58811726
1543222680000,116.51,116.25,116.25,116.49,155.0527722
1543222740000,116.71,116.47,116.49,116.63,724.15698679
1543222800000,116.78,116.58,116.58,116.77,67.84796343
1543222860000,116.7,116.6,116.7,116.6,50.03764471
1543222920000,116.66,116.46,116.52,116.54,143.23745007
1543222980000,116.51,116.36,116.51,116.40319881,130.05805802
1543223040000,116.4,116.4,116.4,116.4,36.78132
1543223100000,116.4,116.09,116.4,116.17,420.6652391
1543223160000,116.17,116.09624634,116.17,116.11,56.72840008
1543223220000,116.58,116.11,116.11,116.58,1348.8002322
1543223280000,116.69,116.49,116.58,116.68,214.60214749
1543223340000,116.5,116.13035217,116.5,116.23,987.75563273
1543223400000,116.21,116.13,116.21,116.21,336.93930059
1543223460000,116.26,116.13,116.13,116.22,72.01952833
1543223520000,116.13,116.13,116.13,116.13,18.77743347
1543223580000,116.13,116.12,116.13,116.12,5.27379794
1543223640000,116.12,116.02,116.12,116.03,194.91420059
1543223700000,116.04,115.78,116.03844666,115.78,325.26973851
1543223760000,116.04,115.64,115.77,116.03,380.27407293
1543223820000,116.05,115.73,115.92,116.05,158.79363146
1543223880000,116.22,116.05,116.05,116.19,122.41561
1543223940000,116.33,116.25,116.33,116.32,105.9991271
1543224000000,116.33,116.11,116.33,116.11,441.66882215
1543224060000,116.11,116.1,116.11,116.1,50.36330137
1543224120000,116.29,116.11,116.11,116.28,47.49231422
1543224180000,116.22,116.05,116.22,116.06,116.40298048
1543224240000,116.18,116.06,116.06,116.13,32.811182
1543224300000,116.11,116.1,116.1,116.11,11.61579798
1543224360000,116.19,116.1,116.1,116.13,245.18495096
1543224420000,116.12,115.94,116.12,115.94,601.81520105
1543224480000,116,115.85,115.95,116,350.77277869
1543224540000,116.13292111,116,116.01,116.06,322.4109313
1543224600000,116.21,116.03,116.05330011,116.21,361.50128752
1543224660000,116.29,116,116.21,116.07,1581.13282316
1543224720000,116.2,116.11,116.12,116.12,149.32487968
1543224780000,116.2,116.12,116.12,116.2,203.79085725
1543224840000,116.26,116.2,116.2,116.26,376.34715838
1543224900000,116.28,116.08,116.28,116.08,111.71982045
1543224960000,116.09,115.85,116.08,115.85,1169.06601575
1543225020000,116,115.85,115.85,116,269.83695007
1543225080000,116.01,116,116,116.01,322.14320716
1543225140000,116,115.85,116,115.85,707.29174179
1543225200000,115.78,115.77,115.78,115.77,25.02778849
1543225260000,115.84,115.77,115.77,115.83,102.16867844
1543225320000,115.83,115.69,115.83,115.73,29.86870327
1543225380000,115.74,115.65535605,115.72,115.69,378.74809725
1543225440000,115.7,115.18,115.68,115.24,1176.89991914
1543225500000,115.25,114.75,115.25,114.8,1302.23143985
1543225560000,114.82,114.52,114.77,114.68,1271.26701875
1543225620000,115.02,114.52,114.68,114.95,1313.7400149
1543225680000,115.06,114.85,114.95,115.06,120.62647597
1543225740000,115.41,115.04,115.04,115.27,754.64302444
1543225800000,115.33,115.22,115.33,115.31,37.60037202
1543225860000,115.2,114.93,115.2,115.03,113.07153178
1543225920000,115.22,115.03,115.03,115.08,155.34067716
1543225980000,115.19,115.1,115.19,115.11,38.45295999
1543226040000,115.12,115.1,115.11,115.12,52.99339286
1543226100000,115.14,115.13,115.13,115.14,1.2
1543226160000,115.2,115.14,115.14,115.2,62.08971254
1543226220000,115.54,115.2,115.20498748,115.54,711.74793203
1543226280000,115.57,115.43,115.5,115.43,311.06646735
1543226340000,115.56,115.43,115.43,115.5,251.4743
1543226400000,115.5,115.44,115.5,115.44,96.4395425
1543226460000,115.44,115.34,115.44,115.34,420.53124748
1543226520000,115.26356078,115.15,115.26,115.21,116.69305553
1543226580000,115.23,115.22,115.22,115.22,12.9279
1543226640000,115.23,115.22,115.23,115.23,71.80156989
1543226700000,115.68,115.23,115.23,115.53,253.05195764
1543226760000,115.58,115.53,115.53,115.58,54.11754632
1543226820000,115.59,115.5,115.59,115.5,572.81399608
1543226880000,115.5,115.25,115.5,115.38,302.78320054
1543226940000,115.31,115.31,115.31,115.31,47.73881776
1543227000000,115.31,114.98,115.31,115.22,3025.27317626
1543227060000,115.21,114.75482565,115.08,115.21,2609.89168344
1543227120000,115.53963891,115.29,115.29,115.53963891,229.17338338
1543227180000,115.71,115.53963891,115.53963891,115.71,514.1489984
1543227240000,116.11,115.71,115.71,116.11,544.2998124
1543227300000,116.3,116.08,116.1,116.09,392.2957874
1543227360000,116.1,116.09,116.09,116.1,32.47523248
1543227420000,116.18,116.04,116.1,116.13,85.11163592
1543227480000,116.13,115.9,116.13,116.07,85.23525507
1543227540000,116.18,116.04,116.06,116.18,200.01550024
1543227600000,116.38,116.18,116.18,116.36,445.54304983
1543227660000,116.78,116.36,116.36,116.78,281.01337727
1543227720000,117.06,116.71,116.8,116.92,1407.59945297
1543227780000,117.28,116.92,116.92,117.27,506.15399111
1543227840000,117.35,117.26,117.27,117.32,460.24122442
1543227900000,117.32,117.02,117.32,117.1,323.27973724
1543227960000,117.12,117.07,117.09,117.08,740.92302954
1543228020000,117.17,116.86,117.07,116.86,522.66601995
1543228080000,116.86,116.26,116.86,116.47,497.19741824
1543228140000,116.56,116.46,116.47,116.56,124.47595189
1543228200000,116.58,116.54,116.58,116.55,30.6552792
1543228260000,116.54,116.38,116.54,116.38,100.88397728
1543228320000,116.37,116.2,116.37,116.35,343.63138436
1543228380000,116.39,116.31,116.34,116.35,114.89975902
1543228440000,116.34,116.09,116.34,116.19,322.9553754
1543228500000,116.63,116.19,116.19,116.56,378.76226203
1543228560000,116.51,116.49,116.49,116.51,31.4982
1543228620000,116.63,116.5,116.51,116.63,202.11007167
1543228680000,116.63,116.62,116.62,116.63,16.96671987
1543228740000,117.12,116.63,116.63,117.12,1249.29412204
1543228800000,117.18,117.05,117.13,117.18,34.44913946
1543228860000,117.16,117.13,117.13,117.15,38.45156469
1543228920000,117.14,117.1,117.12,117.11,90.71533776
1543228980000,117.1,117.02,117.1,117.03,36.1411052
1543229040000,117.17,117.02,117.03,117.16,532.54990753
1543229100000,117.19,117.16,117.16,117.19,27.94370294
1543229160000,117.26,117,117.2,117.21,571.04474154
1543229220000,117.33,117.21,117.21,117.3,144.80225076
1543229280000,117.31,117.1,117.3,117.11,192.49131907
1543229340000,117.12,116.95,117.11,117,70.35890063
1543229400000,117.08,116.99,116.99,117.07,96.02986826
1543229460000,117.07,116.86,117.07,116.86,151.92950096
1543229520000,116.91,116.47054099,116.79,116.62,499.5255781
1543229580000,116.79,116.62,116.62,116.79,99.71568468
1543229640000,116.91,116.79,116.79,116.85,83.70526296
1543229700000,117,116.8,116.85,117,279.80636892
1543229760000,116.91,116.9,116.91,116.9,3.17751029
1543229820000,116.9,116.89,116.9,116.89,53.42
1543229880000,116.77,116.47,116.77,116.58,303.1429271
1543229940000,116.52151147,116.52,116.52,116.52151147,15.84844872
1543230000000,116.52151147,116.08,116.52151147,116.18,757.50708977
1543230060000,116.51,116.15,116.18,116.32,383.07921611
1543230120000,116.42,116.38,116.38,116.41,52.47856273
1543230180000,116.47,116.18,116.47,116.42,63.07091482
1543230240000,116.43,116.42,116.43,116.42,56.14601718
1543230300000,116.34,116.13,116.34,116.17,160.46600073
1543230360000,116.15,115.97,116.15,115.97,648.03853885
1543230420000,115.97,115.87,115.97,115.97,72.91889317
1543230480000,116.0747437,115.97,115.97,116.03,97.05714719
1543230540000,116.35,116.02,116.02,116.35,191.26520952
1543230600000,116.51,116.34,116.34,116.51,1474.77772138
1543230660000,116.49,116.15,116.48,116.15,59.55017841
1543230720000,116.15,115.63,116.15,116,1602.76777154
1543230780000,116,115.91,115.99,115.96,85.43874856
1543230840000,116.17,115.85,115.97,116.17,300.79306477
1543230900000,116.34,116.08,116.08,116.23,316.96949567
1543230960000,116.4,116.23,116.25,116.4,149.35687704
1543231020000,116.39,116.19,116.39,116.19,46.92
1543231080000,116.45,116.2,116.2,116.31,589.16407035
1543231140000,116.54,116.41,116.41,116.54,86.91472684
1543231200000,116.54,116.44,116.54,116.45,188.76234799
1543231260000,116.59,116.45,116.45,116.59,166.32317965
1543231320000,116.59,116.41,116.58704062,116.41,44.88289461
1543231380000,116.41,116.41,116.41,116.41,83.36827
1543231440000,116.45,116.21,116.41,116.44,350.3271555
1543231500000,116.52,116.38175775,116.51,116.38175775,52.33759329
1543231560000,116.59,116.38124616,116.38175775,116.53,36.98627188
1543231620000,116.67,116.45,116.45,116.67,51.05577048
1543231680000,116.78,116.72,116.72,116.77,268.82742428
1543231740000,116.97,116.8,116.8,116.94,412.13395594
1543231800000,117.12,116.93,116.9382574,117.01,577.32676301
1543231860000,117.02,117.02,117.02,117.02,0.0836
1543231920000,117.15,117.01,117.01,117.15,263.52973701
1543231980000,117.5,117.15,117.15,117.5,118.60510673
1543232040000,117.49,117.31,117.49,117.31,98.8934462
1543232100000,117.30335305,117.28,117.30335305,117.28,93.87
1543232160000,117.29,117.28,117.29,117.28,27.15490039
1543232220000,117.57,117.29,117.29,117.45,200.95767454
1543232280000,117.71,117.45,117.45,117.61,427.00307886
1543232340000,117.7,117.32,117.61,117.33,782.26945338
1543232400000,117.47,117.31132336,117.34,117.36,201.74861173
1543232460000,117.78,117.44,117.46,117.57,866.53907414
1543232520000,117.55,117.5,117.51,117.51,184.18403619
1543232580000,117.52,117.26,117.52,117.26,234.15429863
1543232640000,117.33,117.04528027,117.22,117.33,705.10231141
1543232700000,117.28,117.22,117.23,117.28,32.75802188
1543232760000,117.38,117.29,117.29,117.37,104.03230926
1543232820000,117.38,117.37,117.37,117.37,29.706828
1543232880000,117.38,117.08,117.38,117.08,128.769206
1543232940000,117.22,117.08,117.08,117.13,43.06794791
1543233000000,117.12,116.78369379,117.12,116.87,1017.9360689
1543233060000,116.97,116.89,116.92,116.89,72.42306334
1543233120000,116.94,116.93,116.94,116.93,1.51089616
1543233180000,116.93161097,116.76,116.93161097,116.76,139.2797908
1543233240000,116.77,116.76,116.76,116.76,49.25523617
1543233300000,116.87,116.77,116.77,116.79,209.21218521
1543233360000,116.8,116.76,116.8,116.76,77.22663103
1543233420000,116.77,116.76,116.77,116.77,15.60193619
1543233480000,116.79,116.76,116.79,116.78,16.04006991
1543233540000,116.79,116.78127265,116.79,116.78127265,7.23513267
1543233600000,116.87,116.78,116.79,116.78,154.23970365
1543233660000,116.79,116.76,116.79,116.76,59.26973207
1543233720000,116.76,116.76,116.76,116.76,40
1543233780000,116.76,116.76,116.76,116.76,167.76352625
1543233840000,116.76,116.26,116.76,116.36,482.46740929
1543233900000,116.35,116.31,116.34,116.34,247.3542976
1543233960000,116.63,116.26,116.34,116.52,359.86210178
1543234020000,116.52,116.51,116.52,116.51,29.59242505
1543234080000,116.39,116.39,116.39,116.39,0.10118856
1543234140000,116.37,116.37,116.37,116.37,17.13074008
1543234200000,116.47,116.37,116.37,116.47,201.97624172
1543234260000,116.55,116.41,116.41,116.55,200.55
1543234320000,116.64,116.34,116.43,116.51,827.9
1543234440000,116.5,116.5,116.5,116.5,11.60503113
1543234500000,116.5,116.18,116.5,116.18,1223
1543234560000,116.3,116.13,116.3,116.22,334.29470728
1543234620000,116.23,116.17,116.18,116.22,262.4339456
1543234680000,116.22,116.22,116.22,116.22,49.19
1543234740000,116.22,116.09,116.22,116.09,910.2264603
1543234800000,116.09,116.08,116.09,116.08,21.44820356
1543234860000,116.08,116,116.08,116,537.69364731
1543234920000,116.01,116,116,116,2056.27852135
1543234980000,116.14,116,116,116.13,523.57279263
1543235040000,116.5,116.14,116.14,116.45,595.52101921
1543235100000,116.53,116.44,116.44,116.52,86.56982199
1543235160000,116.52,116.52,116.52,116.52,3.2133
1543235220000,116.62,116.52,116.53,116.59,122.18151139
1543235280000,116.69,116.61,116.66,116.69,201.13171976
1543235340000,117.07,116.74,116.74,117.07,850.82495342
1543235400000,117.02,116.9,117.01,116.9,83.00554558
1543235460000,116.92,116.88,116.9,116.88,164.23161042
1543235520000,116.88082899,116.76,116.88,116.76,58.75018767
1543235580000,116.67,116.67,116.67,116.67,2.9156
1543235640000,116.67,116.22,116.67,116.36,2355.3186528
1543235700000,116.42,116.19,116.36,116.4,193.08942433
1543235760000,116.43,116.4,116.41,116.43,24.65225173
1543235820000,116.43,116.42,116.42,116.42,29.72585642
1543235880000,116.43,116.43,116.43,116.43,0.64689161
1543235940000,116.43,116.43,116.43,116.43,3.67379964
1543236000000,116.43,116.42905457,116.42905457,116.43,0.55
1543236060000,116.42012544,116.28766929,116.42012544,116.28766929,83.53319
1543236120000,116.29,116.2849251,116.29,116.2862097,11.1293713
1543236180000,116.28877891,116,116.28877891,116,235.71275111
1543236240000,116.00562165,115.8908258,116,115.9,248.69815804
1543236300000,116.15,115.9,115.9,116.14,470.03196976
1543236360000,116.14,116.14,116.14,116.14,3.42550267
1543236420000,116.14,116.13,116.14,116.13,32.54935189
1543236480000,116.14,116.12,116.13,116.12,20.9980382
1543236540000,116.13,115.65,116.12,115.92,465.67975731
1543236600000,115.86,115.67,115.85,115.67,114.49219567
1543236660000,115.68,115.24,115.68,115.38,555.21182071
1543236720000,115.68,115.39,115.39,115.53,186.3178074
1543236780000,116.07,115.68,115.68,116.05,391.13285096
1543236840000,116.0561592,116.05,116.05,116.0561592,1.1
1543236900000,116.05,115.99,116.05,116,30.58232734
1543236960000,115.99,115.81,115.99,115.81,78.48784328
1543237020000,115.84,115.83,115.83,115.83,1.6
1543237080000,115.8353522,115.69,115.8353522,115.7,201.62116218
1543237140000,115.84,115.67,115.7,115.84,312.07253558
1543237200000,115.96,115.96,115.96,115.96,6.77887002
1543237260000,116.04,115.82,115.96,116.04,492.74424449
1543237320000,116.17,115.95,115.95,116.17,264.43034138
1543237380000,116.2,116.03,116.18,116.04,77.94113609
1543237440000,116.15,116.05,116.05,116.15,26.07836618
1543237500000,116.16,116.1,116.15,116.1,92.93204752
1543237620000,116.07,116.06,116.07,116.06,50.68476916
1543237680000,116.04,115.78188261,116.04,115.96,841.48879448
1543237740000,115.98,115.8,115.98,115.8,118.83942859
1543237800000,115.81,115.68,115.8,115.68,125.3954276
1543237860000,115.69812814,115.66,115.69812814,115.66,58.51604113
1543237920000,115.62,115.56,115.62,115.56,101.98261048
1543237980000,115.56,115.49,115.56,115.5,72.91674078
1543238040000,115.5,115.35599294,115.5,115.47,103.32328484
1543238100000,115.79910175,115.47,115.47,115.74,597.45304409
1543238160000,115.97,115.73,115.74,115.97,207.39896441
1543238220000,115.97,115.78,115.96,115.83,223.60079557
1543238280000,115.92,115.72,115.82,115.92,29
1543238340000,116.0376988,115.92,115.92,116.0376988,54.58135188
1543238400000,116.04,115.89,116.04,115.89,816.37243447
1543238460000,115.89,115.88,115.88,115.88,5.45660882
1543238520000,115.88,115.84,115.88,115.84,37.14672458
1543238580000,115.82,115.58848092,115.81046351,115.6,209.84532808
1543238640000,115.54,115.54,115.54,115.54,50
1543238700000,115.6,115.49,115.6,115.52,418.84949037
1543238760000,115.52,115.45,115.52,115.46,345.28176218
1543238820000,115.4,115.39841148,115.4,115.39841148,142.81197971
1543238880000,115.43,115.29,115.35,115.43,618.93867919
1543238940000,115.58848054,115.29,115.46,115.46,520.70412042
1543239000000,115.47,115.27,115.47,115.31,231.81980407
1543239060000,115.25,115.24,115.25,115.24,147.59699955
1543239120000,115.24,114.88,115.24,114.88,1519.20088395
1543239180000,114.88,114.15,114.88,114.5,4201.1622202
1543239240000,114.97,114.5,114.5,114.61,1162.98364295
1543239300000,114.79,114.6,114.60598619,114.79,354.43409939
1543239360000,114.76,114.15,114.76,114.18,737.74432863
1543239420000,114.18,113.59,114.18,113.98,1605.21255656
1543239480000,114.4,113.98,113.98816467,114.38,460.95477108
1543239540000,114.4,114.37,114.38,114.39,121.4219595
1543239600000,114.58,114.4,114.4,114.43,208.75470603
1543239660000,114.36,114.08,114.36,114.09,250.70070705
1543239720000,114.14,114.07,114.08,114.07,38.68700454
1543239780000,114.07,113.74,114.07,113.75,395.48692359
1543239840000,114.07,113.75,113.75124378,114.07,204.54683994
1543239900000,114.49,114.07,114.07,114.4,1468.22398475
1543239960000,114.4,114.39,114.39943177,114.4,65.02018466
1543240020000,114.4,114.39943177,114.4,114.4,28.60821523
1543240080000,114.39943177,114.24,114.39943177,114.24,188.34620049
1543240140000,114.18336923,114.11,114.11590535,114.12,221.7
1543240200000,114.13,113.81,114.12651066,113.81,186.44135878
1543240260000,113.81,113.6,113.81,113.64,124.69859342
1543240320000,113.64,113.04,113.64,113.04,1040.04507196
1543240380000,113.0120991,112.7,113.01,112.97,1323.37636374
1543240440000,113.47,112.91,112.95,113.37,1496.62908112
1543240500000,113.37,113.14,113.37,113.14,363.70041098
1543240560000,113.14,112.76,113.14,112.77,472.52883937
1543240620000,112.77,112.76,112.77,112.76,32.30737746
1543240680000,112.8,112.76,112.76,112.8,109.59819561
1543240740000,112.91,112.8,112.88,112.8,88.72848621
1543240800000,112.95,112.43,112.8,112.49,945.79453602
1543240860000,113,112.5,112.5,112.99,1192.3535818
1543240920000,113.2,112.98,113,112.98,1063.75168838
1543240980000,112.99,112.98,112.98432909,112.99,37.4380873
1543241040000,113.03,112.99,112.99,113.03,75.15677798
1543241100000,113.2,112.93,113.03,112.93,247.55370649
1543241160000,112.88,112.51,112.87887794,112.55,712.06198566
1543241220000,112.64,112.5,112.54764807,112.64,255.51836215
1543241280000,112.71,112.3,112.64,112.3,1169.40263926
1543241340000,112.38,111.9,112.38,111.9,2113.93310477
1543241400000,111.9,111.78,111.9,111.81,1686.70214191
1543241460000,112.11,111.81,111.81,111.938391,959.51018595
1543241520000,111.94,111.59,111.94,111.59,761.22095033
1543241580000,111.67,111.5,111.59,111.65966924,832.66757086
1543241640000,111.88,111.65966924,111.663078,111.87,317.30201059
1543241700000,112.75,111.86,111.87,112.62,1535.43844359
1543241760000,112.77,112.56,112.62,112.56,476.83852071
1543241820000,112.56,112.04,112.56,112.04,577.01533249
1543241880000,112.21,112.01,112.02,112.04,297.76999944
1543241940000,112.04,112.01,112.04,112.01,81.02754645
1543242000000,112.07,111.99,112.02,112.01,253.78704481
1543242060000,112.09,111.61,112.01,111.61,645.84603053
1543242120000,111.61,111.08,111.61,111.38,1327.64302842
1543242180000,111.45,111.03,111.45,111.03,377.11539512
1543242240000,111.59,111.01,111.01,111.44,979.49443692
1543242300000,111.45,111.34,111.44,111.34388225,339.59032213
1543242360000,111.49,111.34,111.34388225,111.4,736.18468155
1543242420000,111.41,111.15,111.4,111.15,1083.36104203
1543242480000,111.15,110.75,111.15,110.8,1121.37272854
1543242540000,111.18,110.8,110.8,111.15,819.7062459
1543242600000,111.16,110.33,111.15,110.46,1202.42069241
1543242660000,110.45,110.1,110.45,110.3,709.77073186
1543242720000,111.18,110.31060739,110.31060739,111.16,1142.38812738
1543242780000,111.79,111.15,111.16,111.77,1365.08711521
1543242840000,112.43,111.77,111.77,112.29,2266.56371094
1543242900000,112.33,111.57,112.3,111.77,1932.29240089
1543242960000,112,111.78,111.78,112,184.27168848
1543243020000,112.08,111.9,111.9,112.07517498,73.67263627
1543243080000,113.25,112.08,112.08,112.84,4802.99885981
1543243140000,112.84226964,112.63,112.83,112.78,486.71069308
1543243200000,112.64,112.29,112.63,112.56,521.75054149
1543243260000,112.71,112.56,112.57,112.71,321.06407135
1543243320000,112.7,112.36,112.7,112.36087762,164.05413218
1543243380000,112.43,112.32,112.36,112.43,412.34758194
1543243440000,112.64,112.42,112.43,112.64,118.33529117
1543243500000,112.65,112.6,112.65,112.6,95.79961651
1543243560000,112.6,112.1,112.6,112.14,1017.1920895
1543243620000,112.51,112.14,112.15,112.51,333.79896232
1543243680000,112.62,112.51,112.51,112.51,160.19147573
1543243740000,112.43,112.36,112.43,112.36,63.47598407
1543243800000,112.62,112.36,112.36,112.53,189.46001081
1543243860000,113.12,112.53,112.53,113.12,1314.99212089
1543243920000,113.42,112.86,113.12,112.93,611.73667534
1543243980000,112.99,112.75650717,112.93,112.75650717,687.95303146
1543244040000,112.96,112.81,112.83,112.95,91.09808489
1543244100000,113,112.95,112.96,112.99,124.11623631
1543244160000,113,112.94,113,112.94,146.21912212
1543244220000,113.26,112.94,112.94,113.13,1489.0419651
1543244280000,113.05,112.78,113.05,112.78,722.50010687
1543244340000,112.95605607,112.72249183,112.77,112.72249183,223.55082065
1543244400000,112.75,112.71,112.73,112.71,43.78228254
1543244460000,112.68,112.27,112.68,112.27,658.60679906
1543244520000,112.28,112.26,112.28,112.26,75.09987403
1543244580000,112.27,112.13,112.260086,112.13,518.08755034
1543244640000,112.13,111.8,112.13,111.8,799.55855196
1543244700000,112.13,111.81,111.81,112.13,168.76163517
1543244760000,112.13685279,112.01,112.13685279,112.01,99.53943978
1543244820000,112.01,111.7,112.01,111.7,2673.84437605
1543244880000,111.8,111.57,111.63,111.79,303.81094211
1543244940000,111.81,111.61,111.77,111.62,171.68914738
1543245000000,111.62,111.5,111.62,111.61,830.00983588
1543245060000,112.07,111.61,111.61,111.92,785.37508289
1543245120000,112.14,111.89,111.93,112.14,351.44733208
1543245180000,112.26,111.7,112.14,111.7,485.36345865
1543245240000,111.86,111.78,111.79,111.86,117.322989
1543245300000,112.4,111.85,111.85,112.21,3015.88349313
1543245360000,112.13,112.06,112.13,112.06,384.04896221
1543245420000,112.06767549,111.69,112.06,111.74,698.76053304
1543245480000,111.69,111.29,111.69,111.33,1241.45081127
1543245540000,111.64,111.33,111.33,111.64,1161.2286735
1543245600000,111.82,111.61488401,111.64,111.63,392.88685114
1543245660000,111.63,111.53,111.63,111.53,1452.54077871
1543245720000,111.57,111.53,111.53,111.56,793.31403437
1543245780000,111.56,111.5,111.56,111.5,60.39228024
1543245840000,111.74,111.48,111.48665123,111.74,666.71748856
1543245900000,111.98,111.74,111.74,111.82,717.93934635
1543245960000,111.82,111.48,111.82,111.5,395.03927385
1543246020000,111.59,111.45,111.49,111.57,422.75243124
1543246080000,112.51084827,111.55,111.55,112.27,2495.83812547
1543246140000,112.23,112.08589606,112.16,112.12,252.03938845
1543246200000,112.17,112.05,112.12,112.05,203.47441296
1543246260000,112.07,111.84,112.07,112,496.76882444
1543246320000,112.01,111.87,112.00657753,111.87,491.75345811
1543246380000,112.01,111.89,111.89,111.91,254.84492239
1543246440000,111.99,111.83,111.91,111.99,240.51940816
1543246500000,111.98539323,111.53,111.98539323,111.6,1014.35090496
1543246560000,111.73,111.64,111.69,111.65,73.95999836
1543246620000,111.73,111.72,111.73,111.73,39.68215954
1543246680000,111.81,111.72,111.72,111.72,250.55435
1543246740000,111.82,111.59,111.82,111.59,325.62244588
1543246800000,111.59,111.5,111.59,111.5,89.80740528
1543246860000,111.51,111.38,111.5,111.38,522.08501227
1543246920000,111.39,111.38,111.38,111.38,93.35060314
1543246980000,111.39,111.38,111.38,111.39,330.05093746
1543247040000,111.39,111.38,111.39,111.38,35.1077
1543247100000,111.46,111.38,111.39,111.45,224.33024656
1543247160000,111.99,111.45,111.45,111.8,786.45531498
1543247220000,111.86,111.55,111.86,111.55,257.58089992
1543247280000,111.65,111.55,111.65,111.55,51.14075659
1543247340000,111.58316234,111.46,111.56,111.55,377.56079841
1543247400000,111.75,111.50616222,111.56,111.51,1447.50420294
1543247460000,111.62,111.43,111.62,111.62,240.56081295
1543247520000,111.63,111.46,111.62,111.5,441.70113858
1543247580000,111.6,111.52,111.52,111.55,5.21927205
1543247640000,111.64,111.55,111.55,111.64,179.04074285
1543247700000,111.73,111.64,111.64,111.72,244.74503666
1543247760000,111.72,111.57,111.72,111.63,377.96082795
1543247820000,111.67,111.62,111.62,111.67,216.7273
1543247880000,111.67,111.62,111.66,111.66,196.80238347
1543247940000,111.67,110.69,111.67,110.71,2107.54484906
