1529510400000,896.09,893.79,894.36,896.09,80.6994858
1529510460000,896.9,896.08,896.09,896.9,47.49932239
1529510520000,897.16,896.57,896.88,897,9.93801545
1529510580000,902.5,897,897,900.89,392.32296844
1529510640000,902.39,899.22,901.17,899.23,53.13083954
1529510700000,899.61,897.6,899.49,897.68,63.10805332
1529510760000,899.61,897.68,897.68,899.61,48.18840651
1529510820000,899.86,898.61,899.51,899.86,3.16759009
1529510880000,899.5,898.78,899.11,898.88,8.31168878
1529510940000,898.9,898.78,898.87,898.9,1.84185063
1529511000000,900.47,898.89,898.9,900.47,90.25960324
1529511060000,902.2,899.75,900.66,902.2,31.51662393
1529511120000,900.53,900.35,900.53,900.35,1
1529511180000,900.61,900.61,900.61,900.61,0.5
1529511240000,903.6,901.4,901.4,902.48,199.19762088
1529511300000,903.85,902.47,903.16,903.31,58.7994369
1529511360000,903.37,903,903.37,903,22.21380587
1529511420000,903.58,903.27,903.27,903.58,1.36157
1529511480000,903.91,903.57,903.57,903.91,9.175334
1529511540000,903.89,903.81,903.81,903.89,5.1
1529511600000,903.98,903.7,903.89,903.8,15.16438256
1529511660000,903.6,900.44,903.6,901.87,189.84840467
1529511720000,902,900.65,901.84,902,35.77855003
1529511780000,902.29,900.28,901.93,902.29,70.55626
1529511840000,902.55,902.53,902.55,902.53,6.595634
1529511900000,908.99,903.7,903.7,906.5,340.6761485
1529511960000,907.97,905.74,905.74,906.65,194.81014816
1529512020000,907.74,904.93,906.65,905.01,145.80218594
1529512080000,906.14,904.04,905.01,904.3,67.6711176
1529512140000,904.99,903.7,904.07,904,35.67512057
1529512200000,906.88,903.15,903.73,905.53,210.30943209
1529512260000,907.04,904.69,905.57,904.7,50.64250403
1529512320000,905.3,903.2,904.54,905.3,78.03330122
1529512380000,905.69,903.9,905.69,903.9,6.02809999
1529512440000,904.56,904.56,904.56,904.56,0.80464
1529512500000,904.82,903.79,904,904.82,38.55500142
1529512560000,904.85,904.81,904.85,904.82,7.13238544
1529512620000,904.81,903.14,904.81,903.14,8.19419948
1529512680000,903.7,903.25,903.62,903.25,1.68531
1529512740000,903.69,903.31,903.31,903.69,1.89280766
1529512800000,903.69,903.32,903.33,903.32,6.63
1529512860000,903.14,899.55,903.13,899.78,282.49264276
1529512920000,899.55,896,899.55,896.98,96.55397283
1529512980000,896.97,895.15,896.53,895.15,4.89287163
1529513040000,895.1,895,895,895.1,61.66582701
1529513100000,895.1,894.27,895,895.1,12.41424571
1529513160000,895.07,894.37,894.38,894.6,5.24601827
1529513220000,896.9,895,895,896.44,204.59691145
1529513280000,896.84,894,896.29,895.46,203.10713667
1529513340000,894.95,894.95,894.95,894.95,5.099
1529513400000,895.16,894.95,894.95,895.04,18.47209481
1529513460000,894.95,893.29,894.95,894.85,41.86476941
1529513520000,894.79,893.21,893.59,894.79,52.82036
1529513580000,894.97,893,894.97,893,24.34195005
1529513640000,892.8,891.11,892.8,892,50.11155336
1529513700000,893.9,891.21,891.5,893.88,64.09381058
1529513760000,893.9,893.9,893.9,893.9,2.95671
1529513820000,893.89,893.24,893.89,893.24,4.18551656
1529513880000,893.91,893.32,893.9,893.9,7.585538
1529513940000,893.9,893.87,893.9,893.9,2.546352
1529514000000,893.9,890.84,893.9,893,254.27229528
1529514060000,892.53,892.53,892.53,892.53,0.3
1529514120000,893,893,893,893,0.13157
1529514240000,893,892.99,893,893,8.47805
1529514300000,893.9,893,893,893.9,6.1438
1529514420000,893.9,893.89,893.89,893.9,0.12426
1529514480000,893.9,892.99,893.18,892.99,15.64346878
1529514540000,893.9,892.99,892.99,893,11.5396282
1529514600000,893.89,893.89,893.89,893.89,0.13157
1529514720000,893.9,893.21,893.21,893.9,4.45700214
1529514840000,893.01,892.98,893.01,893,24.60234765
1529514900000,893.9,893.89,893.89,893.9,9.30475741
1529514960000,893.9,893.72,893.9,893.72,5.81821066
1529515020000,893.72,893.43,893.63,893.61,14.80740182
1529515080000,893.71,892.93,893.4,892.93,38.76355122
1529515140000,892.83,891.79,892.83,891.81,29.00568038
1529515200000,892.4,891.8,891.81,892.4,23.40955925
1529515260000,892.4,892.37,892.4,892.4,35.777897
1529515320000,892.4,889.3,892.4,890.11,177.52635287
1529515380000,892.3,891,891.83,891,14.82319399
1529515440000,892.3,892.22,892.29,892.3,6.92045567
1529515500000,892.21,891.55,892.02,891.55,14.73723102
1529515560000,891.24,891.24,891.24,891.24,21.4029
1529515620000,891.24,891.24,891.24,891.24,0.12426
1529515680000,892.22,889.2,891.29,890.76,42.48950113
1529515740000,890.75,889.12,890.75,890.03,40.32480329
1529515800000,890.22,890.19,890.22,890.19,25.2180752
1529515860000,890.2,890.19,890.2,890.2,27.78730761
1529515920000,890.2,890.2,890.2,890.2,9.099369
1529515980000,890.2,890.2,890.2,890.2,21.072972
1529516040000,890.2,889.6,890.2,889.78,44.0360757
1529516100000,890.2,887.79,889.78,890.15,36.04820741
1529516160000,890.12,890.1,890.11,890.12,6.99583
1529516220000,890.17,890.16,890.17,890.16,7.318339
1529516280000,890.2,889,890.2,890.1,33.42712527
1529516340000,889.65,889.65,889.65,889.65,1.94
1529516400000,889.7,889.01,889.56,889.5,39.05154495
1529516460000,889.5,889.5,889.5,889.5,10.04268
1529516520000,889.5,889,889.5,889.5,13.518772
1529516580000,889.75,889.37,889.5,889.75,8.74339308
1529516640000,889.75,889.75,889.75,889.75,6.349211
1529516700000,890,889.75,889.75,890,1.78171844
1529516760000,890,890,890,890,0.22326
1529516820000,889.58,889.58,889.58,889.58,7.89711
1529516880000,889.53,889.53,889.53,889.53,9.55
1529516940000,889.53,889.53,889.53,889.53,19.11921974
1529517000000,889.53,889.53,889.53,889.53,0.50810134
1529517120000,889.53,889.53,889.53,889.53,0.13157
1529517180000,889.48,889.48,889.48,889.48,0.0800296
1529517240000,889.53,889.53,889.53,889.53,13.05368
1529517300000,889.79,889.53,889.53,889.63,42.83554493
1529517360000,889.62,889.11,889.6,889.62,1.0464
1529517420000,889.61,889.6,889.61,889.61,5.75604288
1529517480000,890.2,889.63,889.63,890.2,16.40399138
1529517540000,892.6,890.1,890.19,891.68,252.82478235
1529517600000,892.38,890.94,890.94,892.38,19.53153204
1529517660000,892.3,892.2,892.21,892.3,33.75460034
1529517720000,893.69,892.67,892.67,893.46,41.31357867
1529517780000,893.46,892.9,893.46,892.9,9.51049394
1529517840000,892.89,892.89,892.89,892.89,0.0384
1529517900000,892.21,892.21,892.21,892.21,5.73621616
1529517960000,892.21,892,892.21,892,5.13266
1529518020000,893.9,892,892.01,892.32,150.6908421
1529518080000,895.43,893.68,893.68,895,365.16997966
1529518140000,895,894.8,894.8,895,5.1264945
1529518200000,895.11,895.11,895.11,895.11,1.9158531
1529518320000,894.99,894.99,894.99,894.99,0.00000046
1529518380000,894.99,894.33,894.99,894.33,25.75780529
1529518440000,894.32,894.32,894.32,894.32,4.96946471
1529518500000,895.3,894.33,894.33,895.3,1.57798094
1529518620000,895.37,894.73,894.73,895.37,15.13157
1529518680000,895.3,895.28,895.28,895.3,0.47
1529518800000,894.97,891.8,894.97,891.8,51.95942467
1529518860000,892.99,891.96,892.99,892.87,36.81566041
1529518920000,894.19,894.18,894.18,894.18,13.7708841
1529518980000,893.87,892.97,893.87,892.97,0.9096
1529519040000,893.83,893.01,893.01,893.19,2.29027873
1529519160000,893.34,893.27,893.34,893.27,4.28133005
1529519220000,892.88,892.88,892.88,892.88,0.25583
1529519400000,895,892.92,892.92,894.88,227.2525351
1529519460000,894.89,894.61,894.61,894.61,10.64989211
1529519520000,895,894.41,894.65,895,15.99681251
1529519640000,894.23,894.23,894.23,894.23,1.03497085
1529519700000,894.56,894.23,894.23,894.5,7.34311563
1529519880000,893.92,891.67,893.92,891.67,74.52983095
1529519940000,893,893,893,893,2.2626
1529520060000,893,892.99,892.99,893,2.05973631
1529520180000,892.67,891.98,892.67,891.98,62.45737808
1529520240000,891.97,888.84,891.97,888.94,117.13456246
1529520300000,889.56,888.92,888.94,889.55,41.78585993
1529520360000,889.56,889,889,889.56,2.71994
1529520420000,889.04,889.04,889.04,889.04,0.12426
1529520480000,889.53,888.01,889.05,888.01,13.31421402
1529520660000,889.46,889.03,889.03,889.46,2.82455343
1529520720000,888.85,886.3,888.15,887.21,78.37106954
1529520780000,887.3,887.14,887.3,887.14,6.56938
1529520840000,887.21,887.08,887.14,887.21,14.62373483
1529520900000,888.41,886.61,887.2,887.83,29.08904651
1529520960000,889.17,887.85,888.76,887.85,1.13157
1529521020000,889.6,889.15,889.21,889.15,6.96
1529521140000,888.33,888.33,888.33,888.33,0.13157
1529521200000,888.34,885.21,888.34,886.58,188.86859284
1529521260000,887.33,886.3,887.33,886.3,12.20869938
1529521320000,887,886.28,886.3,887,144.33040968
1529521380000,886.99,886.99,886.99,886.99,0.31778431
1529521440000,887,886.99,886.99,887,4.44232
1529521500000,887,887,887,887,9.44474997
1529521560000,887,886.99,887,887,16.82485529
1529521620000,887,886.99,887,887,2.75238063
1529521680000,887,887,887,887,0.0903
1529521740000,886.99,886.99,886.99,886.99,0.13157
1529521800000,887,886.99,887,886.99,0.43051577
1529521860000,887,886.6,886.99,887,77.600988
1529521920000,887,887,887,887,1.042012
1529521980000,887,887,887,887,30.951391
1529522040000,887,887,887,887,0.218
1529522100000,887,887,887,887,25.9195693
1529522160000,887,887,887,887,10.135
1529522220000,887,886.99,886.99,887,0.15257
1529522280000,889.19,887,887,889.19,29.68756203
1529522340000,889.13,888.88,888.88,889.13,5.74155695
1529522400000,889.13,889.12,889.12,889.13,0.49265931
1529522520000,888.75,887.91,888.75,888.03,11.02505609
1529522580000,888.43,887.97,888.43,887.97,30.78993457
1529522640000,887.96,887.95,887.95,887.96,6.68888
1529522700000,887.96,887.95,887.95,887.96,0.98822841
1529522760000,888.35,885.9,887.96,888.35,34.546441
1529522820000,886.96,886.96,886.96,886.96,0.12426
1529522880000,887.66,886.99,886.99,887.66,0.76248
1529522940000,887.65,887.65,887.65,887.65,0.33434317
1529523000000,888.89,887.88,888.45,887.89,19.39140842
1529523300000,887.92,885.56,887.92,887.92,37.58828942
1529523360000,887.98,887.93,887.93,887.98,1.4777
1529523480000,887.25,887.25,887.25,887.25,0.13157
1529523660000,887.26,887.12,887.13,887.26,3.22179344
1529523780000,887.13,887.13,887.13,887.13,0.09073537
1529523840000,887.13,887.13,887.13,887.13,3.58529
1529523900000,887.13,886.33,887.13,886.33,33.360331
1529524020000,887.42,887.42,887.42,887.42,0.12426
1529524080000,887.42,887.42,887.42,887.42,0.06
1529524140000,887.6,887.42,887.42,887.46,4.68324
1529524260000,887.46,887.46,887.46,887.46,1.6510994
1529524320000,887.46,887.45,887.45,887.46,0.28456991
1529524380000,887.51,887.51,887.51,887.51,1.2507
1529524440000,887.5,887.44,887.5,887.44,34.693587
1529524680000,887.99,887.72,887.99,887.72,37.64904706
1529524740000,887.72,887.71,887.72,887.71,4.55548
1529524860000,887.72,887.72,887.72,887.72,10.04436137
1529524920000,887.71,886.5,887.71,886.5,18.63894842
1529524980000,886.89,885.01,885.95,886.89,56.31392209
1529525040000,886.9,886.9,886.9,886.9,0.5
1529525100000,887,886.69,886.75,886.7,11.72424339
1529525220000,886.99,881.34,886.98,881.35,918.70531635
1529525280000,884.88,878.86,881.66,884.88,761.56904881
1529525340000,884.99,884.04,884.9,884.99,11.5172
1529525400000,885.57,884.24,884.99,884.84,5.90783377
1529525520000,885.39,884.47,885.39,884.47,7.95285079
1529525580000,884.52,884.05,884.51,884.05,3.91245881
1529525760000,885.69,884.52,884.52,885.69,64.31580823
1529525940000,885.7,885.7,885.7,885.7,0.28879738
1529526000000,885.95,885.94,885.94,885.95,0.80657
1529526060000,886.42,886.14,886.42,886.14,2.24942327
1529526120000,886.11,885.34,886.11,885.34,6.78893393
1529526180000,884.84,884.28,884.84,884.28,0.13157
1529526240000,885.96,885.8,885.8,885.91,11.9035
1529526300000,886.33,885.23,886.2,885.34,24.93039603
1529526360000,884.96,884.84,884.86,884.84,36.66372227
1529526420000,884.87,884.84,884.84,884.87,1.90798
1529526480000,884.87,884.87,884.87,884.87,16.70472
1529526540000,884.87,884.84,884.87,884.87,12.508
1529526600000,884.87,884.83,884.87,884.87,14.23966554
1529526660000,885.09,884.89,885.06,884.89,2.50277
1529526720000,885.29,885.05,885.05,885.29,2.8397
1529526840000,885.29,885.28,885.28,885.29,0.33157
1529526900000,885.32,883.4,885.31,883.41,23.49433597
1529527020000,884.06,884.06,884.06,884.06,0.1148404
1529527080000,885.03,883.69,883.92,885.03,37.24893351
1529527140000,884,883.71,883.99,883.71,13.725245
1529527200000,883.76,883.74,883.74,883.76,5.54715765
1529527260000,883.76,883.75,883.76,883.75,8.54731
1529527320000,883.76,883.76,883.76,883.76,5.8837
1529527380000,884,884,884,884,2.1514
1529527440000,884,883.99,883.99,884,1.20607
1529527500000,884,884,884,884,1.41581823
1529527560000,883.99,883.78,883.99,883.78,21.58626
1529527680000,883.8,883.79,883.79,883.8,7.9627
1529527740000,883.8,883.8,883.8,883.8,10.12777935
1529527860000,883.8,883.79,883.79,883.8,0.62866314
1529527920000,883.79,883.79,883.79,883.79,0.13157
1529527980000,883.79,881.2,883.79,882.76,79.633714
1529528040000,883.85,882.52,882.52,883.84,15.627698
1529528100000,883.84,882.93,882.93,883.83,2.83184694
1529528160000,884,883.43,883.43,884,9.05989758
1529528220000,884,884,884,884,1.4854
1529528340000,883.86,883.58,883.58,883.86,5.3737
1529528400000,883.42,883.25,883.42,883.25,15.31786719
1529528520000,883.42,883.42,883.42,883.42,2.83
1529528580000,883.42,883.42,883.42,883.42,5.83689125
1529528640000,883.55,881.8,883.55,881.8,40.895354
1529528760000,884,883.8,883.8,884,11.80688551
1529528880000,883.89,883.89,883.89,883.89,0.16284864
1529529000000,883.65,883.54,883.65,883.54,9.60200868
1529529060000,883.54,882.42,883.44,882.42,2.80746191
1529529120000,882.97,881.43,882.27,882.2,24.32627366
1529529180000,882.51,882.03,882.2,882.19,35.13539328
1529529240000,882.2,882.11,882.11,882.2,6.26624
1529529300000,882.2,882.2,882.2,882.2,4.6027077
1529529360000,882.2,882.2,882.2,882.2,3.2369
1529529420000,882.2,882.2,882.2,882.2,21.83502
1529529480000,883.79,882.2,882.2,883.79,3.26748056
1529529540000,883.8,883.6,883.6,883.8,2.09
1529529720000,883.6,883.09,883.5,883.6,8.4812
1529529780000,883.9,883.89,883.9,883.89,4.1945
1529529960000,883.62,883.62,883.62,883.62,5.35590074
1529530020000,883.62,883.62,883.62,883.62,0.1223
1529530080000,883.62,883.61,883.61,883.62,1.5091
1529530200000,883.62,882.51,883.62,882.51,42.37796506
1529530260000,882.34,882.32,882.34,882.34,17.96834652
1529530320000,882.51,882.01,882.34,882.01,33.65198009
1529530380000,882.01,881.46,882.01,881.47,24.90729392
1529530440000,881.47,881.47,881.47,881.47,1.15
1529530500000,881.47,881.47,881.47,881.47,4.07462363
1529530680000,884,883.41,883.78,884,7.5307
1529530740000,884,884,884,884,0.8063
1529530800000,884,884,884,884,1.92569681
1529530860000,884,883.84,883.84,884,6.6754
1529530920000,884,884,884,884,15.1008
1529530980000,884,884,884,884,2.385
1529531100000,883.79,883.79,883.79,883.79,2.65199313
1529531160000,883.79,883.79,883.79,883.79,2.4082204
1529531340000,884,883.78,884,883.78,40.414719
1529531400000,884,881.5,883.87,883.39,65.02389787
1529531460000,882.66,881.31,881.31,881.33,3.30793197
1529531520000,881.24,881.14,881.14,881.24,8.70533131
1529531580000,882.48,881.14,881.14,881.54,7.94466869
1529531640000,881.55,881.3,881.55,881.3,14.02592
1529531700000,882.54,880.8,881.6,882.51,5.76602002
1529531760000,880.84,880.7,880.84,880.73,2.273
1529531820000,880.73,880.72,880.72,880.73,0.32726934
1529532060000,881.55,881,881,881.43,44.63883181
1529532120000,883.11,881.5,881.51,883,33.42392351
1529532180000,882.89,882.89,882.89,882.89,0.02
1529532240000,882.79,882.22,882.79,882.31,6.57678254
1529532300000,882.51,880.74,882.21,880.74,26.46595936
1529532420000,881.64,880.6,881.64,880.6,20.45111381
1529532480000,880.61,880.61,880.61,880.61,0.96
1529532600000,881,880.81,880.81,881,8.41257
1529532660000,883.12,883.11,883.11,883.12,1.132
1529532840000,883.31,882.95,883.13,882.95,3.5634
1529532900000,883.89,882.57,883.26,883.89,26.63336211
1529532960000,884,883.71,883.8,883.71,31.92000037
1529533020000,883.59,882.59,883.59,882.59,28.41577064
1529533140000,883.89,883.89,883.89,883.89,3.80118124
1529533260000,884,883.43,883.43,884,3.73514164
1529533320000,884,883.99,884,884,11.31656453
1529533380000,884,883.98,884,883.98,5.92300736
1529533440000,884,883.99,883.99,884,0.25
1529533560000,884,884,884,884,0.04765972
1529533620000,884,883.99,884,884,19.75266059
1529533680000,884,884,884,884,18.1319
1529533740000,884,884,884,884,2.40163766
1529533800000,886.58,884.24,884.24,886.58,6.92050855
1529533980000,885.5,885.47,885.5,885.48,2.73456295
1529534040000,885.49,885.48,885.49,885.48,1.68072018
1529534100000,885.49,885.48,885.48,885.49,16.44023728
1529534160000,885.49,885.49,885.49,885.49,4.64783018
1529534280000,885.9,885.59,885.59,885.66,19.01868824
1529534340000,885.9,885.58,885.58,885.9,17.454544
1529534400000,886,885.84,885.84,886,7.43715251
1529534460000,886.94,885.74,886.74,885.74,2.7506
1529534580000,886.95,886.95,886.95,886.95,0.05
1529534820000,888.49,886.98,886.98,888.4,54.25172698
1529534940000,888.49,888.38,888.49,888.45,1.08
1529535000000,888.12,888.12,888.12,888.12,0.40115518
1529535060000,888.12,888.12,888.12,888.12,0.32231136
1529535120000,888.13,888.09,888.09,888.13,13.9632
1529535180000,888.22,886.93,888.01,888.22,31.20377371
1529535360000,888.77,888.77,888.77,888.77,0.225
1529535480000,888.77,888.77,888.77,888.77,0.08
1529535540000,889,888.77,888.77,889,0.6784
1529535600000,889.79,888.94,889,889.79,8.53266279
1529535780000,889.6,889.6,889.6,889.6,0.4
1529535840000,889.79,889.79,889.79,889.79,0.0445
1529535960000,889.84,889.79,889.79,889.83,0.13571011
1529536080000,889.83,889.83,889.83,889.83,3.3714305
1529536140000,889.99,889.79,889.79,889.99,4.8856
1529536260000,889.99,889.98,889.99,889.99,1.36670917
1529536320000,890.81,889.99,889.99,890.81,7.66765932
1529536380000,890.85,890.8,890.8,890.85,2.4552621
1529536440000,891.54,890.84,890.84,891.54,2.87016557
1529536500000,891.69,891.07,891.69,891.14,1.25112245
1529536560000,890.99,890.99,890.99,890.99,0.07
1529536620000,891.03,890.99,891,891.01,10.87816835
1529536740000,891.74,891.63,891.74,891.65,0.95799952
1529536800000,891.65,891.45,891.65,891.45,1.1765546
1529536860000,891.65,891.22,891.45,891.22,24.30458992
1529536920000,891.23,891.23,891.23,891.23,5.7148317
1529536980000,891.23,891.22,891.23,891.22,5.20819566
1529537040000,891.08,891.08,891.08,891.08,0.0666
1529537160000,890.73,890.63,890.73,890.64,1.11089721
1529537220000,890.63,890.63,890.63,890.63,0.30676667
1529537340000,891.08,891.08,891.08,891.08,0.03890336
1529537400000,892.7,890.63,891.1,890.74,182.923393
1529537460000,890.73,890.71,890.71,890.73,0.1444
1529537580000,890.64,890.64,890.64,890.64,6.9667
1529537640000,891.8,891.54,891.54,891.8,1.069
1529537700000,892.59,891.4,891.4,892.59,8.40937348
1529537760000,892.59,892.29,892.59,892.29,8.9518
1529537940000,892.29,892.25,892.28,892.29,2.4398
1529538000000,892.48,891.84,892.42,892.29,5.42540575
1529538060000,892.29,892.27,892.29,892.29,5.9556
1529538120000,893.12,891.7,891.7,893.12,26.21545867
1529538180000,893.28,892.66,893.14,892.66,3.03088731
1529538240000,892.8,892.8,892.8,892.8,0.1241
1529538300000,892.88,892.67,892.87,892.88,0.45386021
1529538420000,892.8,892.8,892.8,892.8,0.02
1529538480000,892.8,892.8,892.8,892.8,14.0632
1529538540000,892.8,892.8,892.8,892.8,9.9003
1529538660000,892.8,892.67,892.8,892.67,12.33851529
1529538720000,892.67,892.66,892.67,892.66,15.884674
1529538780000,891.1,891.1,891.1,891.1,0.8533
1529538840000,891.87,891.24,891.24,891.87,0.7748
1529538900000,891.87,891.1,891.1,891.87,8.05431852
1529538960000,892.47,891.87,891.87,892.39,5.1113
1529539020000,892.47,892.4,892.45,892.47,11.36781986
1529539080000,892.56,892.47,892.47,892.56,6.24102088
1529539140000,892.67,892.54,892.54,892.56,8.11966846
1529539200000,892.71,891.12,892.56,891.12,5.08556971
1529539260000,891.13,891.13,891.13,891.13,0.60468953
1529539380000,891.87,889.59,891.87,890.31,4.23261
1529539440000,890.4,890.4,890.4,890.4,5
1529539560000,891.7,889.36,890.65,891.7,56.52366517
1529539620000,891.57,891.54,891.57,891.54,0.46104705
1529539680000,891.76,891.4,891.4,891.76,3.68617768
1529539740000,892,891.9,891.9,892,17.88887448
1529539800000,892.87,892,892,892.87,3.54385835
1529539860000,892.96,892.83,892.83,892.96,4.62621936
1529539920000,893.1,892.97,892.97,893.1,1.02280961
1529539980000,893.7,893.26,893.26,893.47,20.15038366
1529540040000,893.58,893.48,893.48,893.58,25.42371603
1529540100000,893.58,893,893.49,893.36,54.60796313
1529540160000,893.49,893,893.36,893,24.79993014
1529540280000,892.3,892.3,892.3,892.3,0.52
1529540340000,893.45,893.45,893.45,893.45,0.10986475
1529540400000,893.27,892.87,893.27,892.87,0.37609407
1529540460000,893.85,892.75,893.26,893.85,4.86809228
1529540580000,893.63,893.63,893.63,893.63,0.4494
1529540640000,895,893.85,893.85,895,47.640063
1529540700000,894.99,894.99,894.99,894.99,1.05669759
1529540760000,895,894.99,894.99,894.99,10.01812675
1529540820000,897.29,894.9,894.99,895.54,93.579
1529540880000,895.47,895.09,895.09,895.46,3.1525
1529540940000,896.25,896.25,896.25,896.25,2
1529541000000,896.69,894.9,895.57,896.69,26.69464194
1529541120000,897.7,897.41,897.41,897.7,3.06555413
1529541180000,897.77,897.77,897.77,897.77,4.7194
1529541240000,897.73,897.73,897.73,897.73,0.025
1529541300000,897.37,896.86,897.25,897.37,5.7201493
1529541360000,896.92,896.92,896.92,896.92,0.4
1529541420000,896.92,896.92,896.92,896.92,3.1253
1529541480000,897.36,896.01,897.36,896.01,19.66061
1529541600000,896.21,896.2,896.21,896.2,20.52794
1529541900000,896.11,896.1,896.11,896.1,1.4857867
1529541960000,896.11,894.96,896.11,894.97,38.74372222
1529542020000,894.95,893.48,894.95,893.53,29.31034232
1529542080000,894.46,894.46,894.46,894.46,0.13181
1529542140000,894.28,894.1,894.1,894.28,1.8152
1529542320000,895.35,895.04,895.31,895.04,3.05101228
1529542380000,895.2,895.2,895.2,895.2,2.234
1529542560000,895.57,895.2,895.35,895.57,1.88292774
1529542620000,895.55,895.55,895.55,895.55,0.6484
1529542680000,895.31,895.25,895.31,895.25,4
1529542740000,896.15,895.57,895.57,895.89,1.00981
1529542800000,896.69,896.15,896.15,896.62,5.05120456
1529542860000,896.63,895.99,896.62,896,77.27744069
1529542920000,896,895.71,896,895.9,1.6761
1529542980000,896,895.68,895.89,896,26.95907695
1529543040000,895.8,895.8,895.8,895.8,2.3
1529543100000,895.8,895.7,895.8,895.8,7.68970471
1529543160000,895.89,895.89,895.89,895.89,0.13181
1529543220000,895.89,895.89,895.89,895.89,0.12449
1529543340000,897.2,895.7,895.7,895.9,23.536879
1529543400000,897.1,895.9,896.99,895.98,36.97898681
1529543460000,896.77,895.9,895.9,895.91,4.58759
1529543520000,896.98,895.91,895.91,895.91,11.37677
1529543580000,895.91,895.91,895.91,895.91,4.30306
1529543640000,896.27,895.91,895.91,896.27,9.05337
1529543700000,896.38,896.11,896.38,896.11,23.68580454
1529543760000,896.29,896.29,896.29,896.29,0.274
1529543820000,896.29,896.29,896.29,896.29,0.62981
1529543880000,896.18,896.02,896.18,896.02,20.2176
1529544000000,896.29,896,896.29,896.01,1.66924463
1529544120000,895.9,895.9,895.9,895.9,0.79792
1529544180000,895.91,895.9,895.91,895.9,2.581
1529544240000,895.9,895.89,895.9,895.89,2.93574106
1529544300000,895.9,895.89,895.9,895.89,6.11513105
1529544360000,896,896,896,896,1.321158
1529544420000,896.72,896.29,896.29,896.72,0.2563
1529544540000,896.49,895.9,895.9,895.9,1.66777075
1529544600000,896.49,895.89,896.49,895.89,1.41066457
1529544660000,896.48,895.8,896.48,895.8,1.411
1529544720000,895.8,895.8,895.8,895.8,4.16157
1529544780000,895.81,895.8,895.81,895.8,0.73131
1529544840000,896.5,895.8,895.8,896.49,2.48784
1529544900000,896.49,895.8,896.49,895.8,1.14043489
1529544960000,895.8,895.8,895.8,895.8,3.86821
1529545020000,896.5,895.8,895.8,896.5,2.00884
1529545080000,897.12,895.81,896.49,895.81,20.60432019
1529545140000,895.8,895.8,895.8,895.8,0.50415
1529545260000,896.59,895.8,896.59,895.8,0.2109158
1529545320000,895.8,895.62,895.8,895.65,1.5316
1529545440000,895.21,895,895.2,895,5.43713077
1529545560000,895.39,895.14,895.39,895.14,3.648264
1529545620000,896.26,896.26,896.26,896.26,0.12449
1529545680000,895.86,895.07,895.07,895.07,4.3779
1529545740000,896.12,895.2,895.2,896.12,4.84689
1529545800000,895.08,895,895.08,895,2.88462853
1529545860000,896.78,896.78,896.78,896.78,0.13181
1529545920000,895.4,895.4,895.4,895.4,0.60303
1529545980000,895.95,895,895.05,895.95,4.44377233
1529546100000,897.41,895.18,896.27,897.41,31.4420182
1529546160000,899.98,897.4,897.4,898.06,262.59544394
1529546220000,897.91,897.9,897.9,897.91,1.82019
1529546280000,897.86,896.91,896.91,897.86,4.63978
1529546340000,897.79,897.79,897.79,897.79,0.13181
1529546460000,897.17,897.05,897.05,897.17,1.47154713
1529546520000,897.81,897.81,897.81,897.81,0.13181
1529546640000,898,897.31,897.4,897.31,20.428
1529546700000,897.32,897.31,897.32,897.31,1.4714426
1529546760000,898,897.39,897.39,898,1
1529546820000,898,897.9,898,898,1.20154599
1529547000000,899.86,898.79,899.86,899.28,1.19678912
1529547060000,899.01,899,899,899.01,2.80790688
1529547120000,900,899.01,899.01,900,50.23181
1529547180000,900,899.89,899.89,900,16.3307206
1529547240000,902.31,899.92,899.92,901.11,256.64930964
1529547300000,902.8,901.22,902.31,902.8,11.58187896
1529547360000,903,902.07,902.68,902.07,13.16743519
1529547420000,905.9,902.88,902.99,904.87,313.00773825
1529547480000,908.18,903.42,904.87,904.12,167.98292357
1529547540000,903.54,902,903.54,902.51,21.18
1529547600000,903.27,901.44,903.27,901.73,5.09386234
1529547660000,901.57,899.47,901.57,899.47,107.27999999
1529547720000,901.57,899.82,899.82,901.57,29.31878
1529547780000,901,901,901,901,0.13181
1529547900000,901.03,900.8,900.87,900.8,8.64962963
1529547960000,900.8,900.8,900.8,900.8,0.2
1529548020000,900.92,900.89,900.92,900.89,3.02949
1529548080000,900.9,900.89,900.89,900.9,2.113
1529548140000,902,900.9,900.9,902,54.07643814
1529548260000,901.39,900.9,901.39,901.3,2.88240961
1529548320000,901.09,901.09,901.09,901.09,0.04
1529548380000,901.09,901.09,901.09,901.09,0.03268164
1529548440000,901.09,901.09,901.09,901.09,0.53181
1529548560000,902.46,902.46,902.46,902.46,1
1529548620000,902.32,902.32,902.32,902.32,2
1529548800000,902.79,900.92,902.79,900.92,43.98681983
1529548860000,902.38,902.38,902.38,902.38,0.13181
1529548920000,902.09,902.09,902.09,902.09,0.07596771
1529548980000,903.12,901.08,901.98,903.01,33.302592
1529549040000,902.78,901.7,901.7,902.71,1.78581
1529549100000,902.63,902.3,902.63,902.63,0.94246311
1529549160000,902.63,902.2,902.63,902.47,18.03058076
1529549220000,903.13,902.5,902.5,903.09,8.0316
1529549280000,903.33,903.1,903.1,903.2,57.85408006
1529549400000,903.21,903.21,903.21,903.21,10
1529549460000,903.2,903.2,903.2,903.2,0.5
1529549520000,903.28,903.1,903.28,903.1,14.67215
1529549580000,903.1,900.01,903.1,902.03,92.51284
1529549640000,902.17,901.92,902,901.92,5.52499999
1529549700000,902.29,901.91,902.29,902.05,0.81896065
1529549760000,902.27,901.91,901.91,902.27,1.04737846
1529549880000,902.27,902.27,902.27,902.27,0.02
1529549940000,902.11,902.11,902.11,902.11,2
1529550000000,903.39,902.1,902.1,903.39,43.32303915
1529550060000,903.3,903,903,903,31.86541039
1529550180000,902.74,902.11,902.74,902.11,0.16421
1529550360000,902.19,902.1,902.15,902.19,5.83021
1529550420000,902.1,901.8,902.1,901.8,6.39366054
1529550480000,901.8,901.8,901.8,901.8,9.86329506
1529550540000,901.8,901.6,901.8,901.6,29.97262273
1529550600000,901.6,901.6,901.6,901.6,0.03959221
1529550660000,901.3,900.5,900.5,901,29.6
1529550720000,900.81,900.48,900.81,900.48,20
1529550840000,900.72,900.49,900.49,900.7,1.109266
1529550960000,900.7,900.7,900.7,900.7,0.18431913
1529551020000,900.7,900.7,900.7,900.7,0.02
1529551140000,900.7,900.5,900.7,900.5,7.56611868
1529551200000,900.49,900.49,900.49,900.49,5.21504726
1529551260000,900.48,900.48,900.48,900.48,0.179
1529551320000,900.48,900.48,900.48,900.48,0.376
1529551380000,900.48,900.48,900.48,900.48,0.18
1529551440000,900.48,900.02,900.48,900.1,19.94184116
1529551500000,900.1,900.1,900.1,900.1,12.32964
1529551560000,900.28,899.79,900.11,899.79,43.238611
1529551620000,899.79,899.79,899.79,899.79,1.946089
1529551680000,899.79,899.79,899.79,899.79,0.1318968
1529551740000,899.79,898.51,899.79,898.51,11.99159289
1529551800000,898.71,898.71,898.71,898.71,1.06998647
1529551860000,900,899.43,899.43,900,45.84485918
1529551920000,900,900,900,900,9.7561
1529551980000,900,900,900,900,36.50758413
1529552040000,900,898.6,900,898.6,25.78309369
1529552100000,898.6,898.6,898.6,898.6,0.41783508
1529552160000,898.85,898.48,898.85,898.48,10.19
1529552220000,899.47,898.79,898.79,899.47,109.30552016
1529552280000,899.94,899.94,899.94,899.94,0.13181
1529552400000,899.91,899.9,899.91,899.9,27.147203
1529552460000,899.5,899.4,899.41,899.5,6.965797
1529552520000,898.78,898.32,898.78,898.32,20.30059545
1529552580000,898.66,898.66,898.66,898.66,0.20229094
1529552700000,898.45,898.33,898.33,898.43,0.30552478
1529552760000,898.43,898.43,898.43,898.43,6.61341307
1529552820000,899.26,898.49,898.49,899.26,29.67152796
1529552880000,899.72,899.71,899.71,899.72,6.80456
1529553000000,899.86,899.85,899.85,899.86,0.15959155
1529553060000,899.85,899.72,899.85,899.72,5.3992
1529553180000,899.8,899.8,899.8,899.8,2.420383
1529553240000,899.79,899.79,899.79,899.79,1.05
1529553360000,899.75,899.74,899.74,899.75,0.1884633
1529553420000,899.86,899.75,899.75,899.86,3.9242156
1529553480000,900.08,899.86,899.86,900.08,5.19796845
1529553540000,900.08,900,900,900.08,3.15681
1529553600000,900.39,900.16,900.16,900.26,3.22741803
1529553660000,900.25,900.16,900.25,900.2,4.0532
1529553720000,900.2,900.16,900.2,900.16,1.8526
1529553900000,900.16,900,900.16,900.09,3.26541442
1529553960000,900.11,900,900.11,900,4.709638
1529554020000,900,900,900,900,6.12449
1529554080000,900,900,900,900,1.53
1529554140000,900.01,900,900,900.01,1.13181
1529554200000,900.01,897.96,900,897.96,96.80286805
1529554260000,898.7,898.11,898.11,898.7,8.22656961
1529554320000,898.3,897.97,897.97,898.3,1.67699296
1529554380000,898.68,898.68,898.68,898.68,0.94274039
1529554500000,898.79,898.78,898.78,898.79,1.63855058
1529554560000,898.79,896.77,898.79,896.92,14.53671202
1529554620000,897.01,896.98,897.01,896.98,3.46615752
1529554680000,896.98,896.17,896.98,896.38,26
1529554740000,898.6,896.57,896.57,898.6,28.937816
1529554800000,898.17,896.93,896.93,898.15,1.75378114
1529554860000,896.51,896.51,896.51,896.51,0.14392
1529554980000,898.9,897.86,897.86,898.9,3.11788199
1529555100000,898.9,898.71,898.72,898.9,1.47730179
1529555160000,898.9,898.9,898.9,898.9,0.00000046
1529555220000,898.9,898.71,898.9,898.71,0.78803
1529555280000,898.71,896.71,898.71,897.78,16.60649458
1529555400000,898.45,896.04,897.9,896.05,32.98270035
1529555460000,896.1,896.1,896.1,896.1,3
1529555580000,896.1,896,896.1,896,12.43
1529555700000,896.18,896,896,896.18,1.049
1529555760000,896.17,895.76,896.17,895.95,26.586
1529555820000,895.76,895.4,895.76,895.4,0.1
1529555880000,895.37,893.33,895.37,893.33,45.58194
1529555940000,893.4,893.4,893.4,893.4,1
1529556000000,893.4,893.4,893.4,893.4,0.1008
1529556060000,894.3,893.42,894.3,893.42,0.49884285
1529556300000,896.24,894.41,894.41,895.1,40.8303
1529556360000,896.92,895.93,895.93,896.92,12.04180261
1529556420000,897.42,895.98,895.98,896.3,1.32529
1529556480000,896.2,895.81,896.2,895.81,0.23221
1529556540000,898.48,896.73,896.73,898.48,39.99999999
1529556600000,898.69,897.67,897.77,898.1,8.9270539
1529556660000,898.1,898.1,898.1,898.1,0.57201
1529556720000,898.1,898.1,898.1,898.1,1.20187
1529556780000,897.06,897.06,897.06,897.06,0.0223
1529557080000,897.2,894.84,897.19,896.47,91.69271389
1529557140000,895.02,894.44,894.44,895.02,0.37852035
1529557260000,895.18,895.08,895.08,895.18,1.25796368
1529557320000,895.08,895.08,895.08,895.08,0.13181
1529557500000,896.39,895.65,895.65,896.39,2.5956717
1529557620000,895.66,895.66,895.66,895.66,0.12449
1529557800000,896.61,896.11,896.11,896.61,0.71131304
1529557860000,895.67,895.67,895.67,895.67,0.959
1529557920000,895.81,895.67,895.81,895.67,11.82971
1529557980000,895.67,895.67,895.67,895.67,0.02
1529558040000,895.69,894.9,895.69,894.9,32.133044
1529558100000,895.64,895.21,895.21,895.64,2.92204422
1529558400000,896.47,895.21,895.54,895.47,10.70998106
1529558580000,895,895,895,895,0.13181
1529558640000,896.12,895.8,895.8,896.12,0.4
1529558700000,896.69,895.23,895.23,896.69,10.14021166
1529558760000,896.59,896.59,896.59,896.59,0.06
1529558820000,896.1,896.1,896.1,896.1,0.12449
1529559000000,896.55,896.3,896.31,896.3,1.22530301
1529559060000,896.3,896.3,896.3,896.3,0.13181
1529559180000,896.39,896.39,896.39,896.39,0.02462328
1529559240000,896.33,896.33,896.33,896.33,0.13181
1529559540000,896.4,896.39,896.39,896.4,0.76755924
1529559660000,896.4,896.38,896.38,896.4,0.68832791
1529559720000,896.68,896.49,896.68,896.49,3
1529559840000,896.53,896.49,896.53,896.49,2.96162012
1529559960000,896.65,896.49,896.49,896.65,7.15761128
1529560020000,896.83,896.79,896.83,896.8,6.25461027
1529560080000,896.87,896.87,896.87,896.87,0.0223
1529560260000,896.79,896.78,896.79,896.79,1.24292229
1529560320000,896.7,896.7,896.7,896.7,0.13181
1529560440000,896.89,896.74,896.74,896.89,12.9320458
1529560500000,896.94,896.9,896.91,896.92,2.45967478
1529560560000,896.92,896.9,896.92,896.9,5.46817
1529560620000,896.91,896.72,896.91,896.89,37.4785609
1529560740000,896.74,896.74,896.74,896.74,0.02
1529560800000,896.74,896.32,896.73,896.32,7.00215148
1529560860000,896.32,896.32,896.32,896.32,0.08925
1529560920000,896.33,896.32,896.33,896.32,6.6942
1529560980000,896.59,896.32,896.32,896.59,1.40265623
1529561040000,896.32,896.32,896.32,896.32,1.08711206
1529561100000,896.58,896.3,896.32,896.3,3.71279084
1529561160000,896.29,896.29,896.29,896.29,0.13119
1529561220000,896.28,896.28,896.28,896.28,0.12391
1529561280000,896.14,896.14,896.14,896.14,1.58976345
1529561400000,896.06,895.23,895.69,895.23,8.95063642
1529561460000,895.23,894.63,895.23,894.63,6.92820184
1529561520000,894.62,893.34,894.62,893.34,5
1529561580000,894.4,893.34,893.35,894.4,3.64825864
1529561640000,894.63,894.62,894.62,894.62,0.63119
1529561700000,895.68,894.63,894.63,895.68,5.25258629
1529561820000,896.1,895.67,895.67,896.1,1.38515579
1529562120000,895.68,895.68,895.68,895.68,0.26795
1529562240000,896.17,895.69,896.17,895.69,27.71340113
1529562420000,895.7,895.68,895.68,895.7,0.92947586
1529562600000,896,895.66,895.66,896,6.05530096
1529562660000,896,895.95,895.95,896,1.11421378
1529562720000,896,895.95,895.95,896,9
1529562900000,896.32,895.84,895.99,895.92,1.43443377
1529562960000,895.85,895.85,895.85,895.85,4.736646
1529563080000,896,896,896,896,0.13119
1529563140000,895.74,894.69,895.74,895.74,6.69969868
1529563200000,895.97,894.72,895.75,894.72,4.96698697
1529563260000,895.3,894.93,894.93,895.12,7.70284159
1529563320000,895.11,895.11,895.11,895.11,3.35154339
1529563500000,895.51,895.51,895.51,895.51,0.42204323
1529563620000,895.51,895.51,895.51,895.51,0.12391
1529563680000,895.16,894.96,895.16,894.96,0.53119
1529563740000,894.96,894.93,894.93,894.96,4.85221749
1529563800000,896.85,894.94,894.95,896.8,29.06513899
1529563860000,897.1,897.04,897.04,897.1,1.5
1529563980000,896.53,896.53,896.53,896.53,0.8538
1529564040000,896.68,896.68,896.68,896.68,1.5
1529564100000,895.89,895.76,895.76,895.89,0.50308454
1529564160000,895.87,895.76,895.87,895.76,1.94743062
1529564340000,896.21,896.08,896.21,896.08,11.68504
1529564400000,896.19,895.89,896.19,895.92,1.59275795
1529564460000,897.1,896.21,896.21,896.65,22
1529564580000,896.78,896.68,896.68,896.78,0.40835379
1529564760000,896.45,896.45,896.45,896.45,0.19746343
1529564820000,896.5,896.5,896.5,896.5,0.12391
1529564940000,896.25,895.99,896.25,895.99,10.484227
1529565000000,895.8,895,895.8,895,5.3186706
1529565060000,895.29,895,895,895.27,5.3282924
1529565120000,895.15,894,895.15,894.99,22.36706064
1529565180000,895,895,895,895,3.04212
1529565240000,895,895,895,895,0.32543
1529565300000,894.9,893.99,894.73,894,25.25670165
1529565360000,894.64,894.38,894.64,894.38,12
1529565420000,894.68,893.21,894.38,893.21,26.26605887
1529565600000,894.86,894.71,894.71,894.85,0.68996
1529565660000,895.49,895,895,895.24,4.35701
1529565720000,895.22,895.22,895.22,895.22,0.29498935
1529565780000,895.23,894.88,895.23,894.88,0.2234
1529565840000,894.8,894.31,894.8,894.31,1.44988958
1529565900000,894.63,894.57,894.59,894.57,0.38902225
1529565960000,894.58,894.58,894.58,894.58,1.1
1529566020000,894.58,894.58,894.58,894.58,0.2551
1529566080000,894.58,894.57,894.58,894.57,1.03750434
1529566140000,893.89,892.23,893.89,892.38,7.473557
1529566200000,893.77,892.09,892.34,892.09,9.03241954
1529566260000,892,890.67,892,891.58,34.9658
1529566320000,891.13,891.13,891.13,891.13,1.1
1529566380000,893.1,893.09,893.09,893.1,19
1529566680000,892.44,891.65,892.44,892.3,0.61474664
1529566740000,891.6,891.6,891.6,891.6,0.63
1529566800000,892.3,892.3,892.3,892.3,0.5077
1529566860000,892.3,892.3,892.3,892.3,0.13119
1529567040000,892.3,892.3,892.3,892.3,3.03
1529567220000,892.3,892.2,892.3,892.2,0.25333201
1529567340000,892.01,891.1,892.01,891.1,6.8628664
1529567400000,891.1,890.1,891.1,890.3,3.97172385
1529567460000,890.89,890.2,890.21,890.89,0.41119
1529567520000,890.4,890.3,890.4,890.3,0.51766704
1529567580000,890.98,890.1,890.97,890.1,2.734
1529567640000,890.1,890,890.1,890,3.48277146
1529567700000,890.46,889.2,890,889.3,21.8121581
1529567820000,889.26,889.25,889.25,889.26,7.63734
1529567880000,889.26,889.26,889.26,889.26,4.492
1529567940000,889.29,889.19,889.29,889.19,1.18309
1529568000000,889.19,889.11,889.19,889.16,0.72008542
1529568060000,889.11,888.83,889.11,888.83,0.3375474
1529568120000,889.19,886.54,888.83,887.43,232.41934909
1529568180000,888.33,886.73,888.33,886.73,6.06967179
1529568240000,887.8,885.4,886.73,887.8,71.92
1529568300000,887.85,886.38,887.82,886.8,23.60526334
1529568360000,887.52,886.8,887.43,886.8,4.997
1529568420000,887.85,887.51,887.73,887.85,6.810423
1529568480000,888,887.81,887.81,888,5.05483385
1529568540000,888.12,888,888.12,888,1.9743
1529568600000,889.11,888.91,889.11,888.91,0.30865457
1529568660000,890.59,888.91,888.91,890.59,3.09999999
1529568720000,890.4,890.4,890.4,890.4,0.02
1529568780000,890.4,890.37,890.39,890.4,4.89709205
1529568840000,891,890.37,890.37,891,2.989028
1529568900000,892.93,891.32,891.33,891.5,30.63091889
1529569140000,891.06,891.06,891.06,891.06,0.33
1529569200000,891.61,891.01,891.61,891.01,17.52309
1529569260000,890.42,890.42,890.42,890.42,0.999
1529569320000,890.53,890.53,890.53,890.53,0.3025
1529569380000,890.5,890,890.2,890.5,5.63119
1529569440000,890.53,888.33,889.9,888.33,68.90735488
1529569500000,887.81,885.9,887.81,885.91,29.88873661
1529569560000,887.86,885.91,886.46,887.86,24.6541
1529569620000,887.85,887.61,887.63,887.61,3.11791
1529569680000,887.51,885.9,887.27,887.29,8.10949388
1529569740000,887.85,886.49,886.98,887.61,17.5527
1529569800000,887.59,883.14,887.58,886.12,198.854127
1529569860000,887.44,886.16,886.16,887.29,15.94437
1529569920000,887.68,887.23,887.68,887.24,3.45092
1529569980000,887.3,886.52,886.52,887.3,10
1529570040000,887.45,887.44,887.45,887.45,2.44694849
1529570100000,886.49,886.49,886.49,886.49,0.47345641
1529570220000,886.39,886.39,886.39,886.39,0.564
1529570280000,887.13,886.38,886.38,887.13,5.01
1529570460000,887.5,886.46,886.5,887.19,22.78597461
1529570520000,886.68,886.36,886.68,886.36,5
1529570580000,886.36,883.05,886.36,884.47,86.58371382
1529570640000,885.18,884.59,884.99,884.59,5.43975197
1529570700000,885.19,884.78,884.78,884.78,0.52240213
1529570760000,884.78,884.76,884.78,884.76,1.37399613
1529570820000,884.77,883.01,884.77,883.01,17.389
1529570880000,884.19,883,883.01,883.88,7.493
1529570940000,883,883,883,883,0.822
1529571000000,883.87,882.64,883,883.87,1.30774
1529571060000,884.57,883.87,883.87,884.57,21
1529571120000,884.28,884.1,884.28,884.1,3.60518839
1529571180000,884.1,881.86,884.1,881.94,51.73600161
1529571300000,883.76,882.37,883.76,882.37,0.36478063
1529571360000,882.99,882.12,882.98,882.12,8.23664474
1529571420000,881.94,881.52,881.94,881.52,5.16098525
1529571480000,881.48,881.09,881.48,881.09,0.80344
1529571600000,881.09,880.72,881.09,880.72,7.69592432
1529571660000,880.67,880.01,880.67,880.01,6.74511776
1529571720000,880.41,880.32,880.41,880.32,15.96800001
1529571780000,882.13,880.36,880.98,880.36,33.07435521
1529571840000,881.33,881.27,881.33,881.27,0.15994963
1529571900000,881.65,881.2,881.2,881.28,37.98375555
1529571960000,882.1,881.3,882.06,881.33,38.34998058
1529572020000,882.14,880.5,882.01,880.51,35.943312
1529572080000,882.4,880.5,880.5,882.4,20.47185
1529572140000,882.13,881.9,882.12,882,5.00283891
1529572200000,882.19,881.9,882,881.9,7.44124336
1529572260000,882.23,882.23,882.23,882.23,0.22142272
1529572320000,882.5,882.19,882.19,882.5,15
1529572380000,881.91,880.72,881.91,881.61,3.11447186
1529572500000,882.01,882.01,882.01,882.01,0.98266453
1529572560000,881,881,881,881,0.13119
1529572740000,882,881.56,881.56,881.99,0.451
1529572800000,881.99,881.25,881.99,881.41,9.27954482
1529572860000,881.5,881.41,881.41,881.5,2.63359343
1529572920000,881.5,881.49,881.5,881.5,1.67688
1529572980000,881.5,874.39,881.5,877.9,1020.85034991
1529573040000,878.19,876.51,877.91,877.34,93.70863418
1529573100000,877.97,877.97,877.97,877.97,0.09946159
1529573160000,877.97,876.97,877.97,877.97,16.36
1529573220000,877.44,877.42,877.44,877.42,0.2551
1529573280000,877.97,877.87,877.87,877.97,49.84840241
1529573340000,878.55,877.91,878.55,878,22.868463
1529573400000,878,877.96,878,877.97,13.90253274
1529573460000,877.98,877.97,877.98,877.97,13.73970415
1529573520000,877.51,876.7,877.51,876.7,109.90211992
1529573580000,877,876.89,876.89,876.9,7.35282565
1529573640000,876.7,876.49,876.7,876.49,9.98659475
1529573700000,876.5,876,876.4,876.39,46.04193697
1529573760000,876.38,876.3,876.38,876.3,0.9012686
1529573820000,876.29,875.99,876.29,876,51.07297713
1529573880000,876,875.99,876,876,55.27759036
1529573940000,876.3,876,876.13,876,9.125274
1529574000000,876,875.4,875.99,875.4,31.92162175
1529574060000,875.4,874.46,875.4,874.46,101.96154046
1529574120000,874.27,873.5,874.27,874,69.08197514
1529574180000,873.8,873.7,873.8,873.7,11
1529574240000,874,874,874,874,5.36302639
1529574300000,875,874,874,874.98,16.38754519
1529574360000,874.95,873.99,874.95,873.99,16.426
1529574420000,873.7,873.5,873.7,873.5,6.87518898
1529574480000,873.32,871,873.32,871,79.58207193
1529574540000,871.95,870.93,871,871.95,57.00306428
1529574600000,872.41,870,872.41,870,35.44238444
1529574660000,870.1,866.17,870,869.34,316.15255511
1529574720000,873.1,869.02,869.33,873.1,62.03472
1529574780000,874.2,871.98,873.11,874.2,46.76250746
1529574840000,876.36,874.19,874.2,875.38,27.21223355
1529574900000,876.21,873.51,875.38,875.97,23.01897541
1529574960000,877.5,875.95,875.95,877.5,17.40917422
1529575020000,880.9,877.73,877.91,880.9,134.12706123
1529575080000,883.54,881.01,881.5,883.01,40.94695358
1529575140000,885,882,882,885,43.27373631
1529575200000,885,883.87,885,884.87,25.90087131
1529575260000,885.4,881.4,884.86,883.08,108.63844924
1529575320000,885.27,883.08,883.08,884.95,12.85344207
1529575380000,884.98,883.48,884.43,884.44,10.02952345
1529575440000,884.09,882.51,882.85,884.09,23.21293985
1529575500000,884.09,882.78,882.78,883.87,1.69238494
1529575560000,884.1,883.87,884.1,883.87,0.38119
1529575620000,884.09,883.99,884.01,884.09,2.12391
1529575740000,883.59,882.29,882.74,883.59,0.34447
1529575800000,884.1,882.87,883.89,883.24,4.99099199
1529575860000,884.01,884.01,884.01,884.01,4.51327
1529575920000,885.5,884.09,884.09,885.5,22.2
1529576100000,884.76,883.35,884.44,883.35,5.25762436
1529576160000,883,883,883,883,2.6208
1529576220000,882.35,880.11,882.11,880.11,14.14828495
1529576280000,881.98,880.11,880.12,881.98,11.26655679
1529576340000,882.4,880.97,881.14,882.4,16.79243301
1529576400000,881.56,881.47,881.56,881.47,0.28863932
1529576460000,883.4,881.47,881.47,883.4,10.60719694
1529576700000,882.9,882.38,882.9,882.38,1.66202765
1529576760000,882.9,882.9,882.9,882.9,1.96
1529576820000,882.9,882.87,882.87,882.89,7.61148
1529576880000,883.32,882.9,882.9,883.32,4
1529576940000,883.32,883.32,883.32,883.32,0.02
1529577000000,884,882.75,883.32,882.75,21.59343159
1529577060000,882.78,882.78,882.78,882.78,0.05
1529577120000,884.25,883.84,883.84,884.25,0.04
1529577180000,884.66,883.83,883.83,884.66,4
1529577240000,885,884.39,884.39,885,29.1542
1529577300000,893.1,884.87,885,891.4,494.7631363
1529577360000,893.53,889.1,891.41,889.69,103.23613203
1529577420000,889.99,889.38,889.98,889.99,35.52283244
1529577480000,890.86,889.99,889.99,890.63,21.62068
1529577540000,890.64,890.22,890.64,890.24,14.259
1529577600000,890.25,889.4,890.25,889.4,48.1330818
1529577660000,890.26,889.41,889.41,889.65,17.346097
1529577720000,889.01,888.02,889.01,888.02,3.0898
1529577780000,889.33,888.87,889.33,888.87,2.59640035
1529577840000,888.76,887.83,887.96,887.83,1.1
1529577960000,887.35,887.16,887.35,887.29,4.7788711
1529578020000,887.85,886.73,887.82,886.99,11.0828104
1529578080000,886.93,885.69,886.76,886.84,8.04365575
1529578200000,885.71,885.69,885.71,885.69,0.333
1529578260000,885.57,885,885.57,885,1.43889412
1529578320000,885,885,885,885,5.5895
1529578380000,885,885,885,885,1.8442
1529578440000,885,884.27,885,884.27,0.80078418
1529578560000,884.7,884.42,884.7,884.42,0.12010917
1529578620000,884.36,884.36,884.36,884.36,0.60107576
1529578740000,884.5,883.76,884.27,883.8,19.27593337
1529578800000,883.9,883,883.9,883.81,86.31671824
1529578860000,883.52,882.79,883.52,882.79,0.11074
1529578920000,883.01,882.79,883.01,882.84,3.18337911
1529578980000,883.07,882.86,882.87,882.87,4.90332861
1529579040000,883.67,883,883.18,883,1.95653624
1529579100000,882.42,882.4,882.42,882.4,2.18197852
1529579160000,882.8,882.04,882.44,882.8,11.89464826
1529579220000,882.8,882.05,882.07,882.1,3.39313743
1529579280000,882.8,882.8,882.8,882.8,6.32656
1529579340000,882.8,882.58,882.7,882.58,4.32291
1529579400000,882.58,881.95,882.58,881.95,10.80563743
1529579460000,882.49,881.9,882.14,881.94,12.36936945
1529579520000,881.97,881.69,881.76,881.93,17.56943359
1529579580000,881.93,881.69,881.93,881.91,12.76586
1529579640000,881.86,881.86,881.86,881.86,6.7906
1529579700000,881.85,881.85,881.85,881.85,5.21215287
1529579760000,881.86,881.12,881.68,881.86,8.49370758
1529579820000,881.84,881.21,881.5,881.66,11.08376436
1529579880000,881.63,879.8,881.62,879.99,50.33181798
1529579940000,880,879.98,879.99,879.99,22.33182756
1529580000000,879.98,879.98,879.98,879.98,0.62071735
1529580060000,879.98,879.98,879.98,879.98,0.4
1529580120000,881.86,879.99,879.99,881.86,40.0999736
1529580180000,881.86,881.44,881.86,881.44,0.15119
1529580240000,882.1,880.58,882.1,880.58,5.88101761
1529580300000,880.62,880.16,880.62,880.16,1
1529580360000,879.98,879.98,879.98,879.98,0.12391
1529580480000,881.86,880.43,880.43,881.86,17.20004896
1529580540000,883,881.86,881.86,881.86,1.32
1529580660000,881.85,881.78,881.85,881.8,2.8219
1529580720000,881.86,881.76,881.86,881.86,2.72172
1529580780000,881.86,881.85,881.86,881.86,0.2084
1529580840000,881.85,881.85,881.85,881.85,0.13119
1529580960000,881.86,881.15,881.86,881.15,0.7470665
1529581020000,880.88,880.88,880.88,880.88,0.0054567
1529581260000,881.79,881.68,881.68,881.79,11.5675334
1529581380000,880.91,880.34,880.91,880.34,1.96
1529581440000,880.65,880.18,880.54,880.18,18.56001
1529581500000,880.65,879.9,880.13,879.9,9.83511123
1529581560000,880.64,879.77,879.94,880.64,18.00543426
1529581620000,880.65,880.12,880.12,880.65,22.02701933
1529581680000,882.22,882.22,882.22,882.22,0.37
1529581740000,882.42,882.42,882.42,882.42,0.3
1529581860000,883.63,882.36,882.36,883.63,14.56580468
1529581920000,883.88,883.53,883.88,883.53,2.58418002
1529581980000,883.25,882.63,883.25,882.63,4.80722969
1529582040000,882.99,882.66,882.66,882.99,2.8961325
1529582100000,882.97,882.97,882.97,882.97,2.55755782
1529582280000,883.26,882.98,882.98,883.26,5.062
1529582340000,883,882.3,883,883,10.76426055
1529582400000,883,881.1,883,881.1,4.84971089
1529582460000,880.34,880,880.34,880.18,7.84833012
1529582520000,880.89,879.69,880.25,879.87,18.45792804
1529582580000,879.87,879.66,879.87,879.69,20.55681965
1529582640000,879.67,879.66,879.66,879.67,10.79711539
1529582820000,880.56,880.3,880.55,880.39,4.98043926
1529583060000,880.36,880.36,880.36,880.36,1.37974418
1529583120000,880.5,880.46,880.46,880.5,1.01916487
1529583180000,880.5,880.5,880.5,880.5,1.12948905
1529583240000,880.5,880.2,880.5,880.2,4.06707147
1529583360000,880.2,880.2,880.2,880.2,0.40045491
1529583420000,880.2,880.2,880.2,880.2,0.72928208
1529583540000,880.2,880,880.2,880,9.22528436
1529583600000,880.06,880,880,880.06,2.42208899
1529583660000,880.01,880.01,880.01,880.01,1.05071378
1529583780000,880.64,880.07,880.07,880.21,14.93827181
1529584080000,880.21,880,880.21,880,3.09981822
1529584200000,880.12,880.11,880.12,880.12,1.75024196
1529584320000,880.12,880.12,880.12,880.12,0.96
1529584560000,880.11,880.11,880.11,880.11,0.09574152
1529584620000,880.12,880.12,880.12,880.12,5.935
1529584680000,880.11,880.11,880.11,880.11,29.67772451
1529584740000,880.01,879.91,879.91,879.91,20.53219482
1529584800000,880.01,879.8,880.01,879.85,9.74010301
1529584860000,879.85,879.57,879.85,879.57,20.78106
1529584920000,880.12,879.56,879.57,880.12,43.58020825
1529584980000,881.77,880.11,880.12,881.77,15.74115259
1529585100000,881.09,881.04,881.05,881.09,2.44351002
1529585160000,881.09,881.09,881.09,881.09,1.80353076
1529585220000,881.1,881.09,881.1,881.09,1.412
1529585340000,880.66,880.57,880.66,880.57,12.1317
1529585400000,880.41,880.4,880.41,880.4,1.24821537
1529585520000,880.49,880.49,880.49,880.49,5
1529585580000,880.46,879.43,880.46,879.73,46.77423
1529585640000,879.74,878.88,879.72,878.92,56.37114365
1529585700000,879.62,878.5,879,878.5,14.93921565
1529585760000,879.48,876.8,878.5,878.19,23.44821905
1529585820000,877.62,876.79,877.62,876.79,8.53667
1529585880000,876.79,875,876.79,876.34,45.47236821
1529585940000,876.49,875.1,876.49,876.18,8.58879
1529586000000,876.44,874.8,876.44,876.29,29.32623762
1529586060000,877.89,876.48,876.49,877.79,11.04437902
1529586120000,877.79,877.2,877.79,877.2,4.60330808
1529586180000,876.91,875.71,876.9,875.71,3.11195633
1529586240000,876.62,876.11,876.23,876.61,7.27248413
1529586300000,877,876.02,876.72,877,10.21188433
1529586360000,877,877,877,877,0.461
1529586600000,876.36,875.74,876.36,875.74,0.6890672
1529586660000,876.49,876.07,876.07,876.49,2.076
1529586840000,876.3,875.41,876.29,876.2,5.90984718
1529586900000,875.8,875.33,875.4,875.8,6.97170961
1529586960000,875.3,875.12,875.3,875.12,0.11141
1529587020000,875.41,875,875.17,875.15,8.79417349
1529587080000,875.15,875,875.15,875.01,6.19093465
1529587140000,875,875,875,875,12
1529587200000,875,874.3,875,874.3,10.23971954
1529587260000,876.57,874.86,874.86,876.57,25.17092203
1529587320000,876.49,875,875.51,875,16.0703
1529587380000,876.34,875.54,875.56,876.34,1.114
1529587440000,875.58,875.01,875.55,875.01,25.64050619
1529587560000,875.59,875.23,875.59,875.23,2.21723206
1529587800000,875.52,875.5,875.51,875.52,2.81942666
1529588040000,875.5,875.5,875.5,875.5,2.09138
1529588220000,875.5,875.5,875.5,875.5,0.30689163
1529588340000,875.5,875.5,875.5,875.5,7.44601731
1529588400000,875,869.42,875,870.96,523.57591837
1529588460000,870.96,868.9,870.96,870.52,144.05644254
1529588520000,870.51,868.99,868.99,870.27,12.096
1529588580000,870.2,869.85,870.2,869.85,13.26253303
1529588640000,870.06,869.39,870.06,869.78,1.26
1529588700000,869.42,868.11,869.42,869.33,28.84223812
1529588760000,870.2,868.15,868.37,870.2,11.03848354
1529588820000,872.78,870.29,870.3,872.78,18.5073047
1529588880000,873.77,873.11,873.11,873.67,8.5672825
1529588940000,874.2,873.72,874.19,873.83,9.23318543
1529589000000,874.2,873.84,874.2,874.2,1.24007703
1529589060000,873.89,873.4,873.89,873.52,0.4924
1529589180000,874.35,874.06,874.24,874.06,1.55034012
1529589300000,874.51,874.14,874.17,874.14,5.72957
1529589420000,874.11,873.59,874.11,873.96,6.77398066
1529589480000,873.89,873.52,873.81,873.89,11.53239865
1529589540000,873.52,873.52,873.52,873.52,0.0320818
1529589600000,873.48,871,873.02,871.1,113.71578971
1529589660000,872,872,872,872,0.057
1529589720000,872.74,872.74,872.74,872.74,0.02
1529589840000,871.83,870.5,871.83,870.5,50
1529589900000,871.58,870.38,871.37,871.52,6.70979321
1529589960000,874,871.47,871.47,874,90.81130918
1529590020000,874,874,874,874,1.7677
1529590140000,873.57,873.57,873.57,873.57,2
1529590260000,872.8,872.8,872.8,872.8,0.4
1529590500000,872.21,871.72,872.21,872.12,2.0229
1529590560000,872.12,871.7,872.12,871.7,5.39924
1529590620000,872.1,871.31,871.62,871.31,6.69765785
1529590680000,872.09,872.09,872.09,872.09,0.3
1529590800000,874,871.37,872,873.9,200.70798684
1529590860000,873.4,872.74,872.74,873.4,24.9
1529590920000,872.38,871.99,872.38,871.99,1.1
1529590980000,872.62,872.47,872.47,872.62,6.34403
1529591040000,872.64,872.62,872.64,872.62,2.39239
1529591100000,872.62,872.62,872.62,872.62,6.96209952
1529591160000,872.62,872.62,872.62,872.62,4.272
1529591220000,872.62,872.62,872.62,872.62,0.02
1529591280000,872.59,872.5,872.59,872.5,5.19344493
1529591340000,871.88,871.76,871.88,871.76,11.5738
1529591460000,870.96,869.9,870.53,870.96,12.18
1529591520000,870.53,870.53,870.53,870.53,0.06
1529591580000,870.93,870.93,870.93,870.93,0.32
1529591700000,871.47,870.89,870.92,871.47,4.106
1529591760000,874,871.91,871.91,874,78.81047464
1529591820000,873.73,873.73,873.73,873.73,2
1529591880000,874,873.58,873.58,873.7,25.041
1529592180000,873.17,873.17,873.17,873.17,0.1145
1529592240000,873,871.99,873,872,56.44173075
1529592300000,871.35,870.6,871.35,870.6,16.98319481
1529592360000,870.92,868.5,870.85,870.37,39.09848368
1529592420000,873,870.33,870.34,873,48.49574682
1529592480000,877.8,873,873,876.78,216.57718704
1529592540000,876.77,873.38,876.77,875.34,23.47254059
1529592660000,876.45,875.17,876.45,875.17,20
1529592720000,875.28,874.06,875.16,875.26,0.96840543
1529592780000,877.3,877.16,877.16,877.3,10
1529592840000,875.97,874.9,875.97,874.9,14.273928
1529592900000,877.2,875.67,876.33,875.67,11
1529592960000,875.64,875.63,875.63,875.64,3.66
1529593020000,876.56,875.62,876.33,875.63,9.4082
1529593080000,875.72,874.99,875.72,874.99,1.98399997
1529593200000,875.36,875.02,875.36,875.02,3.87014532
1529593260000,875.02,873.87,875.02,873.87,0.35081707
1529593320000,874.41,871.79,874.41,871.79,4.45805669
1529593380000,871.69,871.66,871.66,871.69,5.2811121
1529593560000,871.69,871.68,871.68,871.68,4.092084
1529593620000,871.8,871.71,871.71,871.8,0.89747573
1529593680000,872.2,872.2,872.2,872.2,0.4913
1529593800000,872.2,872.19,872.19,872.2,4.6804
1529593920000,872.2,872.2,872.2,872.2,2
1529593980000,872.2,872.18,872.2,872.18,6.16443
1529594040000,872.1,871.69,871.69,871.81,4.316509
1529594100000,872.2,871.82,871.82,872.2,6.10424533
1529594160000,871.82,871.82,871.82,871.82,0.13446
1529594220000,871.98,871.88,871.98,871.88,1
1529594280000,872.53,872.51,872.51,872.53,1.91455222
1529594400000,872.83,872.03,872.83,872.12,0.33686983
1529594460000,872.82,872.82,872.82,872.82,0.15
1529594520000,873.02,872.82,872.82,872.82,4.71830527
1529594580000,872.97,872.86,872.97,872.87,4.27861452
1529594640000,872.87,872.32,872.87,872.32,0.24906
1529594820000,873.19,872.71,872.71,873.19,0.35385678
1529594880000,875.45,873.3,873.3,874.19,66.22499999
1529594940000,873.77,873.77,873.77,873.77,3.344928
1529595000000,873.47,872.94,873.47,872.94,1.56789954
1529595060000,875.95,872.1,872.95,872.1,216.41055026
1529595120000,872.22,871.74,871.92,872.22,15.77606375
1529595180000,872.33,872.33,872.33,872.33,1
1529595240000,873.28,873.21,873.28,873.21,0.74324
1529595420000,874.89,873.74,873.74,874.89,1.41500801
1529595540000,875.1,874.89,874.89,875.1,8.80802368
1529595600000,875.06,873.99,874.91,875.06,13.71345359
1529595660000,875.34,875.07,875.07,875.34,8.1
1529595780000,875.16,875.16,875.16,875.16,0.29
1529595900000,874.57,874.57,874.57,874.57,0.30344497
1529595960000,874.58,874.58,874.58,874.58,0.3
1529596020000,874.71,874.71,874.71,874.71,0.12699
1529596080000,874.85,874.61,874.85,874.61,0.15446
1529596380000,875.07,874.59,874.85,874.59,0.54607622
1529596440000,874.59,874.59,874.59,874.59,4
1529596560000,874.63,874.63,874.63,874.63,0.15446
1529596620000,875.01,875.01,875.01,875.01,0.05
1529596680000,874.63,873.24,874.63,873.24,45.185594
1529596740000,873.62,873.52,873.52,873.62,0.32446
