1523980800000,8.8079,8.8028,8.8069,8.807,610.19188903
1523980860000,8.8064,8.8064,8.8064,8.8064,27.18482865
1523980920000,8.8072,8.8063,8.8063,8.807,888.58072923
1523981040000,8.807,8.807,8.807,8.807,4.54184
1523981100000,8.8126,8.8054,8.807,8.8107,1622.03277849
1523981160000,8.8148,8.8129,8.813,8.8129,1231.1758
1523981220000,8.8148,8.8101,8.812,8.8148,441.36233497
1523981280000,8.8178,8.8047,8.8148,8.8048,5980.9024
1523981340000,8.8187,8.8048,8.805,8.8187,350
1523981400000,8.83,8.8188,8.8188,8.83,2265.20604139
1523981460000,8.88,8.83,8.83,8.88,33235.20758057
1523981520000,8.92,8.8603,8.87490799,8.92,28310.91569354
1523981580000,9,8.92,8.92,8.9356,72963.06028401
1523981640000,8.947,8.9306,8.9422,8.938,9311.62754468
1523981700000,8.9435,8.9067,8.938,8.9067,18920.80920222
1523981760000,8.908,8.8781,8.908,8.9,11557.65911109
1523981820000,8.9,8.883,8.8981,8.8881,1607.31069294
1523981880000,8.898,8.8828,8.8966,8.898,2220.9602
1523981940000,8.9,8.8845,8.898,8.8999,2476.00026568
1523982000000,8.9,8.8993,8.8997,8.9,4890.34573888
1523982060000,8.9489,8.9,8.9,8.948,11338.74414369
1523982120000,8.9693,8.9379,8.9489,8.948,15245.60563876
1523982180000,8.97,8.948,8.948,8.95,15130.45798449
1523982240000,8.9687,8.9427,8.95,8.9481,10853.89617643
1523982300000,8.955,8.9404,8.9481,8.9404,8409.53257559
1523982360000,8.9523,8.9336,8.94,8.948,6295.25671083
1523982420000,8.9654,8.9473,8.948,8.9522,30386.66083014
1523982480000,8.963,8.9522,8.9522,8.9522,7412.78077227
1523982540000,8.9527,8.9522,8.9522,8.9522,3046.98225611
1523982600000,8.9526,8.9389,8.9522,8.9389,24732.8819127
1523982660000,8.948,8.9311,8.9389,8.9391,7912.17966601
1523982720000,8.9509,8.9391,8.9391,8.95,3518.48358268
1523982780000,8.963,8.946,8.952,8.9526,5360.87104413
1523982840000,8.9692,8.96,8.96,8.9692,3449.92651323
1523982900000,8.9682,8.9488,8.9598,8.9489,4955.0199822
1523982960000,8.9676,8.949,8.949,8.9655,1818.15374189
1523983020000,8.9553,8.9514,8.9521,8.9514,2284.556
1523983080000,8.964,8.9514,8.956,8.964,952.90072877
1523983140000,9.0061,8.964,8.964,9.0004,36476.99027231
1523983200000,9.0694,8.99,9.0011,9.0044,54233.45103429
1523983260000,9.0663,9.0056,9.01,9.0453,14734.33108004
1523983320000,9.0661,9.0415,9.0457,9.0597,7023.92372526
1523983380000,9.093,9.0467,9.05,9.05,19066.54545753
1523983440000,9.0706,9.0447,9.05,9.0528,12785.05053483
1523983500000,9.0528,8.9933,9.0528,8.9933,15372.71186714
1523983560000,9.0049,8.963,8.9921,8.97,12276.89736834
1523983620000,8.9797,8.9511,8.97,8.9511,7212.37030807
1523983680000,9.039,8.9693,8.9693,9.0316,17367.33586149
1523983740000,9.0545,9.0281,9.0281,9.0356,6284.52408592
1523983800000,9.05,9.0064,9.0394,9.0176,15381.01047711
1523983860000,9.0228,9.0007,9.0228,9.0168,2369.43703245
1523983920000,9.017,9.0022,9.0032,9.0027,1005.36132338
1523983980000,9.012,9.002,9.012,9.003,3869.84641728
1523984040000,9.011,8.9946,9.0021,9,15635.65825798
1523984100000,8.9994,8.9832,8.9946,8.9901,4881.73722538
1523984160000,8.999,8.99,8.9901,8.999,910.83304221
1523984220000,9,8.99,8.9999,8.9901,1119.00000009
1523984280000,8.9983,8.9632,8.9901,8.9642,14606.93633119
1523984340000,8.9718,8.952,8.9642,8.9708,5344.29570335
1523984400000,8.981,8.9586,8.9586,8.9789,6734.69173086
1523984460000,8.98242104,8.97,8.979,8.98242104,1746.05343094
1523984520000,8.9935,8.98242104,8.98242104,8.9836,4906.38904178
1523984580000,8.9999,8.9636,8.9977,8.9636,8674.27905372
1523984640000,8.97,8.9499,8.9637,8.95,7970.27181558
1523984700000,8.9643,8.9402,8.9501,8.9505,9458.23016897
1523984760000,8.9505,8.9167,8.9505,8.9343,49956.20999272
1523984820000,8.9372,8.9168,8.9201,8.9372,7288.37147122
1523984880000,8.9368,8.9232,8.9368,8.9318,2142.15215837
1523984940000,8.9458,8.9233,8.9233,8.9292,5098.17252137
1523985000000,8.9462,8.9203,8.9462,8.9339,3664.86550779
1523985060000,8.934,8.9211,8.9324,8.9211,1032.12215021
1523985120000,8.93382878,8.9212,8.922,8.93382878,700
1523985180000,8.9427,8.93,8.93,8.9427,841.41194354
1523985240000,8.9469,8.9302,8.9393,8.9302,1166.7675
1523985300000,8.9409,8.922,8.9302,8.9404,3678.61755053
1523985360000,8.939,8.9307,8.9341,8.9307,24
1523985420000,8.95,8.9379,8.9379,8.95,836.68689705
1523985480000,8.95692493,8.948,8.948,8.9569,5070.81931828
1523985540000,8.96,8.96,8.96,8.96,45.47103788
1523985600000,8.9646,8.9622,8.9622,8.9646,1307.64843348
1523985660000,8.9768,8.9708,8.9708,8.9768,40.89151317
1523985720000,8.97527512,8.9625,8.972,8.9625,1922.64101389
1523985780000,8.962,8.9616,8.962,8.9616,689.87660153
1523985840000,8.96955838,8.955,8.955,8.96955838,4722.38614
1523985900000,8.969,8.9676,8.9681292,8.969,399.59477016
1523985960000,8.969,8.9626,8.9682,8.9626,2484.12394712
1523986020000,8.97,8.9626,8.9626,8.97,370.66191255
1523986080000,8.9699,8.9628,8.9699,8.9628,567.36266693
1523986140000,8.9698,8.9613,8.9613,8.9698,1870.4441
1523986200000,8.9698,8.9631,8.9698,8.9631,530.21308084
1523986260000,8.968,8.966,8.968,8.968,671.4913292
1523986320000,8.968,8.9638,8.9679,8.968,2048.4907985
1523986380000,8.9798,8.8998,8.9798,8.9,120677.90528666
1523986440000,8.9022,8.86,8.9,8.8795,28202.10893706
1523986500000,8.8795,8.8587,8.87,8.8672,11270.51901047
1523986560000,8.8962,8.872,8.8747,8.88,6406.69648622
1523986620000,8.8822,8.88,8.8822,8.88,400
1523986680000,8.8952,8.8801,8.8947,8.8945,1418.02256457
1523986740000,8.9089,8.8942,8.8942,8.9089,3230.76803223
1523986800000,8.9065,8.8891,8.9065,8.9045,2312.31256104
1523986860000,8.90500789,8.8901,8.8901,8.9,303.82632751
1523986920000,8.8901,8.89,8.8901,8.89,562.33338327
1523986980000,8.8996,8.89,8.8996,8.89,633.09386133
1523987040000,8.8946,8.89,8.89,8.8946,1240.33402085
1523987100000,8.906,8.8901,8.8901,8.8901,2737.61118516
1523987160000,8.906,8.9,8.9,8.9001,1594.75390417
1523987220000,8.9,8.9,8.9,8.9,3024.08185549
1523987280000,8.90377177,8.889,8.89,8.90253565,5285.5171836
1523987340000,8.9037,8.9001,8.9037,8.9001,176.50875415
1523987520000,8.91,8.8959,8.9,8.8961,37.44981157
1523987580000,8.8962,8.8911,8.8962,8.8957,1791.56156456
1523987640000,8.8957,8.8957,8.8957,8.8957,20
1523987820000,8.88,8.863,8.88,8.8694,2558.66126218
1523987880000,8.8717,8.8054,8.863,8.8348,31828.74055137
1523987940000,8.8346,8.8329,8.8346,8.8343,1634.57145312
1523988000000,8.8392,8.8303,8.8343,8.8338,3130.94525573
1523988060000,8.8301,8.7671,8.8301,8.78,80699.02806063
1523988120000,8.8,8.7435,8.78,8.7605,28275.69884658
1523988180000,8.7887,8.715,8.7732,8.7561,48882.83020646
1523988240000,8.7795,8.7481,8.7628,8.75,16963.16638603
1523988300000,8.7616,8.7456,8.75,8.7495,3851.9899744
1523988360000,8.7675,8.7399,8.7495,8.7599,15140.41366886
1523988420000,8.77892366,8.7509,8.7535,8.7789,2823.54607457
1523988480000,8.782,8.7766,8.7799,8.7766,1654.98758925
1523988540000,8.7827,8.769,8.782,8.7801,2171.29864401
1523988600000,8.7801,8.7728,8.78,8.7728,4166.71211533
1523988660000,8.7887,8.7614,8.7703,8.7887,1612.5574236
1523988720000,8.7811,8.7684,8.781,8.7705,2050.78975213
1523988780000,8.7803,8.72,8.7739,8.7579,28301.70515876
1523988840000,8.7999,8.7432,8.7432,8.7963,11324.5
1523988900000,8.8211,8.7966,8.8,8.798,14099.13562035
1523988960000,8.804,8.7913,8.7913,8.7955,2928.52671686
1523989020000,8.8097,8.79,8.8,8.79,4290.53604013
1523989080000,8.79,8.758,8.79,8.77,14802.82388864
1523989140000,8.761,8.7414,8.761,8.76,11883.36226907
1523989200000,8.76,8.7385,8.76,8.75,8800.68543775
1523989260000,8.7499,8.7292,8.7499,8.74,14302.39643933
1523989320000,8.74,8.7299,8.74,8.732,8097.46255979
1523989380000,8.7334,8.7251,8.733,8.73,9222.49157253
1523989440000,8.7507,8.7331,8.7331,8.7404,6652.58819284
1523989500000,8.7541,8.7407,8.7507,8.7537,601.08230518
1523989560000,8.7541,8.7541,8.7541,8.7541,428.26994109
1523989620000,8.763,8.754,8.7576,8.763,3445.09855288
1523989680000,8.7679,8.7614,8.7632,8.7646,5864.84143889
1523989740000,8.7679,8.765,8.7679,8.765,252.184527
1523989800000,8.7783,8.7569,8.7629,8.7782,5202.56386325
1523989860000,8.7852,8.7782,8.7782,8.7852,2794.99999999
1523989920000,8.7921,8.7852,8.7852,8.7921,1186.76300453
1523989980000,8.7921,8.7894,8.79,8.7921,222.9043
1523990040000,8.792,8.7894,8.792,8.792,348.36811256
1523990100000,8.792,8.7744,8.792,8.7744,1759.74145267
1523990160000,8.78,8.7671,8.7762,8.78,4575.40261448
1523990220000,8.78,8.76,8.7695,8.7718,5536.58433333
1523990280000,8.763,8.7562,8.763,8.76,4179.88174909
1523990340000,8.7734,8.76,8.76,8.7734,662.23790348
1523990400000,8.7639,8.7635,8.7635,8.7639,111.23250583
1523990460000,8.7799,8.7777,8.7777,8.7799,65
1523990520000,8.765,8.7642,8.765,8.7642,61.88
1523990580000,8.769,8.75,8.769,8.75,10005
1523990640000,8.7662,8.7662,8.7662,8.7662,530
1523990700000,8.7675,8.7628,8.7661,8.7628,1361.8995469
1523990760000,8.7685,8.7601,8.7601,8.7603,666.66586008
1523990820000,8.7698,8.7632,8.7632,8.7698,422.72322796
1523990940000,8.7698,8.7669,8.7698,8.7698,648.54230763
1523991000000,8.762,8.7552,8.7603,8.762,3521.5342567
1523991060000,8.7671,8.7584,8.7663,8.7671,114.96372717
1523991120000,8.7570783,8.6801,8.7570783,8.6998,46592.10901282
1523991180000,8.6953,8.6127,8.6953,8.6628,44690.39619777
1523991240000,8.6628,8.6,8.6579,8.6257,46170.19984666
1523991300000,8.6474,8.5806,8.6268,8.6119,59751.01448706
1523991360000,8.6197,8.5845,8.5972,8.594,12238.72970087
1523991420000,8.6033,8.588,8.594,8.591,9660.19181467
1523991480000,8.6325,8.5909,8.591,8.6325,12104.70287612
1523991540000,8.6702,8.6327,8.6331,8.6327,21965.98212003
1523991600000,8.6446,8.595,8.6351,8.6007,8806.67622745
1523991660000,8.6117,8.5276,8.5966,8.5287,55481.92514917
1523991720000,8.5479,8.4166,8.5288,8.4961,175657.58446484
1523991780000,8.5136,8.40453805,8.4961,8.4728,164217.39480123
1523991840000,8.4981,8.41,8.453,8.4794,59704.52712385
1523991900000,8.482,8.4333,8.4795,8.46808511,25610.77369084
1523991960000,8.4764,8.4524,8.4524,8.4744,10605.45546649
1523992020000,8.5013,8.4581,8.4581,8.4864,9015.7369773
1523992080000,8.52,8.49,8.4966,8.52,9350.92163305
1523992140000,8.52,8.515,8.5195,8.5179,6675.39274675
1523992200000,8.5179,8.4652,8.5179,8.492,23669.61060388
1523992260000,8.5,8.4903,8.492,8.4999,6002.14989275
1523992320000,8.5271,8.4999,8.4999,8.5163,6203.28055082
1523992380000,8.5341,8.5181,8.5271,8.533,5621.59092277
1523992440000,8.533,8.5211,8.5329,8.5211,2351.5982235
1523992500000,8.533,8.4941,8.5201,8.5003,12036.21875757
1523992560000,8.511,8.4878,8.5099,8.4919,8912.30973993
1523992620000,8.5148,8.491,8.492,8.5148,6452.05408167
1523992680000,8.51,8.4992,8.4992,8.51,496.06411666
1523992740000,8.51,8.5,8.50170034,8.5,2767.39787872
1523992800000,8.5022,8.4726,8.5022,8.4781,14399.5015209
1523992860000,8.4781,8.45,8.4727,8.4713,17154.91168624
1523992920000,8.4979,8.48,8.48,8.48,922
1523992980000,8.4909,8.4801,8.4895,8.4881,1167.72310402
1523993040000,8.5267,8.4881,8.4881,8.52170434,11879.41886177
1523993100000,8.53599291,8.516,8.52548243,8.53,22008.37475907
1523993160000,8.54027948,8.5233,8.533,8.5345,12216.34563009
1523993220000,8.5239,8.49169834,8.5234,8.49169834,12891.35419322
1523993280000,8.5,8.4991,8.5,8.4991,405.631
1523993340000,8.5075,8.491,8.5,8.495,4370.7259823
1523993400000,8.54,8.4963,8.5085,8.535,8010.82038098
1523993460000,8.56,8.5298,8.53908956,8.56,10412.73501194
1523993520000,8.5699,8.5433,8.56,8.5433,6162.02951867
1523993580000,8.5650668,8.5404,8.5496,8.5614,1843.88027683
1523993640000,8.57,8.5602,8.5602,8.57,2130.63784255
1523993700000,8.5897,8.5652,8.5656,8.57,5788.0258692
1523993760000,8.5702,8.5609,8.5701,8.5609,1566.85401315
1523993820000,8.56,8.5216,8.56,8.5217,17250.21199999
1523993880000,8.5357,8.5161,8.5357,8.523,1353.15864206
1523993940000,8.5195,8.4941,8.5195,8.5117,6200.22543254
1523994000000,8.5286,8.49,8.4902,8.5125,10986.84175401
1523994060000,8.5363,8.5194,8.5194,8.5347,1376.2883802
1523994120000,8.5289,8.526,8.5289,8.526,13.40718808
1523994180000,8.5536,8.5201,8.526,8.5536,2057.95929444
1523994240000,8.5537,8.5326,8.5537,8.5519,426.13652429
1523994300000,8.5537,8.5405,8.5537,8.5407,360.52959573
1523994360000,8.56,8.5537,8.5537,8.554,870.18691588
1523994420000,8.5596,8.5425,8.5429,8.5528,76.14030722
1523994480000,8.56,8.5533,8.56,8.5533,109.81308411
1523994540000,8.57,8.5541,8.56,8.5612,4097.65311285
1523994600000,8.554,8.5319,8.554,8.5419,3844
1523994660000,8.5467,8.5249,8.5467,8.5249,2261.44548969
1523994720000,8.5597,8.543,8.5467,8.543,2855.43844179
1523994780000,8.5482,8.5482,8.5482,8.5482,100
1523994840000,8.5374,8.5365,8.5374,8.5365,1000
1523994900000,8.5374,8.5224,8.5374,8.5224,482.91795429
1523994960000,8.5283,8.522,8.5224,8.5283,835.61123699
1523995020000,8.522,8.5128,8.522,8.5149,241.10488904
1523995080000,8.5312,8.5163,8.5197,8.5312,2351.16238321
1523995200000,8.5273,8.527,8.5273,8.527,2269.27640542
1523995260000,8.5271,8.5271,8.5271,8.5271,156
1523995320000,8.5183,8.50170034,8.5183,8.50170034,7954.61981857
1523995380000,8.5009,8.4656,8.5009,8.4656,16399.25066237
1523995440000,8.4928,8.4544,8.46883662,8.49169834,12304.10030349
1523995500000,8.5073,8.4838,8.49169834,8.5006,1907.12247751
1523995560000,8.5001,8.4857,8.4857,8.5001,735.00995492
1523995620000,8.51806037,8.4902,8.4902,8.51806037,579
1523995680000,8.52,8.45992083,8.5168,8.4918,25604.63409213
1523995740000,8.4932,8.45740577,8.492,8.4813,14500.49193416
1523995800000,8.51806037,8.477,8.477,8.508,15371.61279432
1523995860000,8.5261,8.5013,8.52,8.5261,3844.27
1523995920000,8.5455,8.48,8.5231332,8.5135,14882.2050973
1523995980000,8.5143,8.4905,8.5004,8.4905,2031.03563155
1523996040000,8.4931,8.49,8.4931,8.49,24.5
1523996100000,8.5,8.49,8.499,8.5,976.2432879
1523996160000,8.525,8.501,8.501,8.5071,2144.62795
1523996220000,8.53,8.5068,8.522,8.5219,7761.35263733
1523996280000,8.5631412,8.5285,8.5286,8.5631412,11383.02981845
1523996340000,8.589,8.5494,8.5524,8.55,12765.24904028
1523996400000,8.5799,8.5463,8.5499,8.5799,9833.77367702
1523996460000,8.586,8.5534,8.56,8.586,8929.70541234
1523996520000,8.6069,8.5738,8.586,8.5867,12215.18925538
1523996580000,8.5974,8.5639,8.5867,8.5776,3526.65874646
1523996640000,8.5777,8.5542,8.5701,8.5542,1655.96071505
1523996700000,8.5575,8.5491,8.5531,8.5522,1765.23915066
1523996760000,8.561,8.5493,8.5493,8.5509,227.1383257
1523996820000,8.555,8.5217714,8.555,8.535,13113.80999574
1523996880000,8.538,8.535,8.538,8.5352,399.42050196
1523996940000,8.5462,8.5242,8.538,8.5244,2189.58317555
1523997000000,8.5249,8.5033,8.5245,8.5033,5998.4393326
1523997060000,8.5707,8.5113,8.5198,8.5513,12060.02552389
1523997120000,8.5793,8.5496,8.5671,8.5531,7582.06564369
1523997180000,8.5598,8.5346,8.5488,8.536,5445.99163705
1523997240000,8.5529,8.5356,8.5389,8.5529,3092.16834319
1523997300000,8.5542,8.5325,8.5526,8.5325,3703.27763939
1523997360000,8.5399,8.50884463,8.5273,8.5399,10598.45540016
1523997420000,8.5398,8.5146,8.538,8.5338,3128.91396285
1523997480000,8.548,8.5338,8.5338,8.5471,1019.48946815
1523997540000,8.56,8.5473,8.5473,8.55,1404.50087188
1523997600000,8.5594,8.548,8.555,8.5482,1359.50184866
1523997660000,8.5487,8.5419,8.5481,8.544,2924.43388207
1523997720000,8.5411,8.5324,8.5411,8.5392,2584.155
1523997780000,8.5482,8.5387,8.5387,8.543,427.69714
1523997840000,8.5551,8.539,8.5487,8.5551,1106.83432
1523997900000,8.5537,8.5214,8.5537,8.5214,3102.75204726
1523997960000,8.5306,8.516,8.5219,8.5161,3879.33825817
1523998020000,8.5298,8.511,8.5161,8.5146,8677.08196939
1523998080000,8.526,8.4978,8.5145,8.4978,5279.40876947
1523998140000,8.5058,8.48,8.4968,8.48,10953.28831702
1523998200000,8.4968,8.48,8.4801,8.484,6899.82880404
1523998260000,8.4989,8.482,8.484,8.4862,4047.12618708
1523998320000,8.49,8.486,8.4863,8.4892,1223
1523998380000,8.5177,8.4977,8.4977,8.5177,3924.23488707
1523998440000,8.5199,8.5088,8.5199,8.5088,41.83572
1523998500000,8.5336,8.5098,8.5199,8.5211,2096.0412153
1523998560000,8.5386,8.5216,8.5217,8.527,520.60666568
1523998620000,8.5391,8.5172,8.5391,8.5176,2800.86272167
1523998680000,8.5249,8.49966019,8.52,8.5206,7871.3650218
1523998740000,8.5314,8.5139,8.516,8.5147,905.7261794
1523998800000,8.5292,8.5113,8.5139,8.5114,497.55850815
1523998860000,8.5175,8.5062,8.5062,8.5152,526.82703285
1523998920000,8.5147,8.5046,8.5046,8.5128,618.61689537
1523998980000,8.514,8.5002,8.51,8.514,2490.83853217
1523999040000,8.5121,8.5013,8.5121,8.5013,176.2277534
1523999100000,8.5139,8.5004,8.5139,8.5004,312.60897263
1523999160000,8.5149,8.5045,8.5045,8.5045,931.75932973
1523999220000,8.5055,8.5045,8.5045,8.5045,2016.08676685
1523999280000,8.5045,8.5045,8.5045,8.5045,28.05824216
1523999340000,8.5045,8.5045,8.5045,8.5045,274.30740658
1523999400000,8.51,8.5045,8.5045,8.5055,595.7780429
1523999460000,8.5179,8.5045,8.5056,8.5048,757.78167414
1523999520000,8.5213,8.5047,8.5048,8.5054,1192.67069857
1523999580000,8.5053,8.4975,8.5053,8.4975,1531.00278493
1523999640000,8.4975,8.4872,8.4975,8.4872,1349.32961436
1523999700000,8.5086,8.4876,8.4975,8.5078,1480.51181861
1523999760000,8.4916,8.4878,8.4892,8.4878,1241.65259495
1523999820000,8.4892,8.4881,8.4888,8.4882,2393.85432908
1523999880000,8.5255,8.4874,8.4882,8.5255,7024.2873325
1523999940000,8.53170634,8.5057,8.5057,8.5117,6858.17038451
1524000000000,8.515,8.5098,8.5112,8.5142,718.39608645
1524000060000,8.5146,8.5002,8.5145,8.5102,717.06325296
1524000120000,8.505,8.5016,8.5016,8.505,78.35741
1524000180000,8.5148,8.5012,8.5147,8.5023,276.55057077
1524000240000,8.515,8.5028,8.5028,8.5052,919.24375029
1524000300000,8.52,8.5051,8.5193,8.5056,1172.44116216
1524000360000,8.5179,8.5051,8.507,8.5051,800.30765019
1524000420000,8.5157,8.505,8.5157,8.5053,512.46405438
1524000480000,8.5238,8.5058,8.5145,8.5058,1509.07882205
1524000540000,8.5187,8.4975,8.5059,8.5183,5291.67304808
1524000600000,8.5029,8.4988,8.5024,8.4988,963.53263228
1524000660000,8.5128,8.4968,8.5128,8.4968,746.3840077
1524000720000,8.5107,8.4948,8.4967,8.495,559.89771119
1524000780000,8.4951,8.494,8.4951,8.4941,1581.97164524
1524000840000,8.507,8.4925,8.4941,8.4925,1755.62657134
1524000900000,8.5084,8.4904,8.4925,8.491,747.50902305
1524000960000,8.506,8.4913,8.4913,8.4921,842.73999225
1524001020000,8.5069,8.488,8.4921,8.5069,1150.18075582
1524001080000,8.5059,8.4876,8.4915,8.5,901.06960456
1524001140000,8.505,8.5,8.5,8.505,41.85603489
1524001200000,8.5145,8.4935,8.5043,8.4959,1850.64280089
1524001320000,8.5016,8.5016,8.5016,8.5016,10
1524001380000,8.52,8.5001,8.5028,8.52,2906.91296116
1524001440000,8.5353,8.52,8.52,8.53456406,1121.65852373
1524001500000,8.54599491,8.528,8.53456406,8.5281,10392.08575943
1524001560000,8.5459,8.528,8.5307,8.5296,5744.72075312
1524001620000,8.5331,8.528,8.5291,8.528,5233.63504879
1524001680000,8.5306,8.528,8.528,8.5306,2618.27691481
1524001740000,8.5289,8.528,8.5281,8.5289,618.86771529
1524001800000,8.5309,8.5286,8.5286,8.5309,646.01094688
1524001860000,8.532,8.528,8.532,8.528,877.03359506
1524001920000,8.5323,8.5295,8.5302,8.5295,1756.34381804
1524001980000,8.5295,8.5285,8.5295,8.5285,971.74514965
1524002040000,8.5415,8.5239,8.532,8.524,1479.02159975
1524002100000,8.5264,8.5115,8.5264,8.5246,3102.53664574
1524002160000,8.5244,8.5091,8.5093,8.5244,884.47824508
1524002220000,8.5141,8.5081,8.5122,8.5118,1397.62034035
1524002280000,8.5141,8.5084,8.5141,8.5084,412.79942005
1524002340000,8.5133,8.4926,8.5084,8.5054,7099.7330959
1524002400000,8.5097,8.488,8.5034,8.5053,8874.55495578
1524002460000,8.5018,8.4912,8.4978,8.4912,2023.60359293
1524002520000,8.4912,8.487,8.4911,8.491,3596.4757959
1524002580000,8.4881,8.4796,8.4881,8.4798,8286.31423797
1524002640000,8.4799,8.4603,8.4798,8.4799,12192.45720637
1524002700000,8.48,8.4668,8.47,8.48,3655.03475488
1524002760000,8.4794,8.4676,8.4794,8.47,894.35726955
1524002820000,8.48,8.4782,8.4782,8.48,2991.03976814
1524002880000,8.48,8.477,8.48,8.48,3117.25028
1524002940000,8.4814,8.47,8.48,8.4814,1890.7639305
1524003000000,8.4879,8.4722,8.4814,8.4879,1740.15907411
1524003060000,8.48797702,8.48797702,8.48797702,8.48797702,494.97585514
1524003120000,8.4912,8.48797702,8.48797702,8.4912,2348.778957
1524003180000,8.4912,8.468,8.4912,8.4717,12451.71522729
1524003240000,8.5199,8.484,8.4901,8.5077,17880.5580535
1524003300000,8.52757108,8.5088,8.5187,8.5093,4913.31216543
1524003360000,8.519,8.5073,8.51,8.5073,395.44320978
1524003420000,8.5182,8.5003,8.5181,8.5003,555.56950736
1524003540000,8.5004,8.5004,8.5004,8.5004,44
1524003600000,8.5135,8.5,8.5134,8.5,283.14512493
1524003660000,8.5137,8.5126,8.5126,8.5137,1761.0594
1524003720000,8.5136,8.5076,8.5135,8.5076,314.90637181
1524003780000,8.515,8.5128,8.5137,8.5149,1046.672
1524003840000,8.515,8.4988,8.5149,8.4988,3434.80557583
1524003900000,8.4942,8.4925,8.4942,8.4925,4825.76937361
1524003960000,8.5065,8.4925,8.4925,8.5065,605.35
1524004020000,8.5059,8.4892,8.4901,8.5034,5801.074848
1524004080000,8.52,8.5045,8.506,8.51884663,8174.012241
1524004140000,8.505,8.5021,8.505,8.5021,1650.80408282
1524004200000,8.5112,8.4887,8.5021,8.4992,2573.40029005
1524004260000,8.5109,8.4926,8.4926,8.4943,2087.74685947
1524004320000,8.494,8.4933,8.494,8.4934,1381.76938
1524004380000,8.5064,8.4892,8.4933,8.4893,5394.87365153
1524004440000,8.5069,8.4893,8.4893,8.4994,2542.76789141
1524004500000,8.5002,8.4961,8.4961,8.5002,253.62014844
1524004560000,8.4998,8.4949,8.4998,8.4987,6849.38994285
1524004620000,8.501,8.4968,8.4968,8.5006,352.36060999
1524004680000,8.5006,8.4884,8.4991,8.4965,6814.57315559
1524004740000,8.5001,8.4876,8.4965,8.4876,5542.78709991
1524004800000,8.4992,8.4864,8.4874,8.498,5935.09898955
1524004860000,8.4979,8.4865,8.4979,8.4865,301.15594519
1524004920000,8.4874,8.4865,8.4865,8.4874,251.87319339
1524004980000,8.4872,8.4617,8.4872,8.4703,6502.52989364
1524005040000,8.4703,8.455,8.47,8.4655,2495.82554942
1524005100000,8.4685,8.44590832,8.4507,8.4509,3600.5735766
1524005160000,8.468,8.4511,8.4653,8.4511,420.50478955
1524005220000,8.464,8.4528,8.4528,8.4535,40.82994
1524005280000,8.464,8.46,8.46,8.464,1090.35283581
1524005340000,8.4752,8.4603,8.464,8.4604,568
1524005400000,8.4907,8.4633,8.478,8.4798,1382.61211183
1524005460000,8.4835,8.4705,8.4802,8.4705,2405.10076735
1524005520000,8.4706,8.4706,8.4706,8.4706,113
1524005580000,8.49169834,8.4841,8.4841,8.49169834,4970.18939666
1524005640000,8.49169834,8.49169834,8.49169834,8.49169834,300
1524005700000,8.49026948,8.4725,8.49026948,8.4725,1656.06219624
1524005760000,8.4894,8.4687,8.4763,8.4894,4243.370307
1524005820000,8.4896,8.4892,8.4892,8.4896,52.54
1524005880000,8.4982,8.4867,8.4887,8.4982,2300.60469683
1524005940000,8.5,8.4852,8.4999,8.5,669.45857903
1524006000000,8.4999,8.4826,8.4999,8.4826,3907.35618541
1524006060000,8.4845,8.472,8.4817,8.4845,3745.96130224
1524006120000,8.4834,8.46,8.4834,8.47983882,6919.66635675
1524006180000,8.48,8.4737,8.4737,8.48,323.05008735
1524006240000,8.483,8.4736,8.4737,8.483,340.04008016
1524006300000,8.48,8.474,8.48,8.4743,254.00510458
1524006360000,8.4739,8.468,8.4739,8.4681,2144.91109161
1524006420000,8.4698,8.468,8.4682,8.4698,8417.87066012
1524006480000,8.4793,8.4667,8.4694,8.4667,696.55458086
1524006540000,8.4693,8.4692,8.4692,8.4692,74
1524006600000,8.485,8.4693,8.4693,8.485,201.58776822
1524006660000,8.4706,8.4703,8.4706,8.4703,129.88
1524006720000,8.499,8.48,8.48,8.499,1550.38515061
1524006780000,8.49455605,8.493,8.4945,8.4931272,1168.39670034
1524006840000,8.48,8.48,8.48,8.48,46.54217
1524006900000,8.4895,8.4711,8.4801,8.4711,466.74842906
1524006960000,8.48,8.48,8.48,8.48,191.01
1524007080000,8.4682,8.4458,8.4682,8.4458,7558.76465501
1524007140000,8.4439,8.4148,8.4439,8.42,21125.86142208
1524007200000,8.42,8.4182,8.42,8.4184,4583.53963853
1524007260000,8.42,8.4047,8.42,8.4047,1944.42394214
1524007320000,8.4139,8.4,8.4052,8.4,10839.28084456
1524007380000,8.4195,8.4,8.4001,8.4128,5921.57073881
1524007440000,8.436,8.4116,8.4195,8.4287,2942.55039817
1524007500000,8.4297,8.412,8.4288,8.412,3907.15894731
1524007560000,8.4031,8.372,8.4031,8.3921,18075.6366952
1524007620000,8.3975,8.3606,8.3899,8.3712,9186.77590763
1524007680000,8.4128,8.377,8.379,8.4112,15464.58787521
1524007740000,8.42025548,8.4112,8.4112,8.41882662,11721.98287356
1524007800000,8.4189,8.4014,8.41739777,8.415,1397.66829
1524007860000,8.41739777,8.4116,8.4116,8.41596891,712.78452923
1524007920000,8.4116,8.4,8.405,8.4,2106.51637188
1524007980000,8.4074,8.4,8.4,8.4,2159.41222902
1524008040000,8.4077,8.38,8.4077,8.4006,14107.80188642
1524008100000,8.3982,8.391,8.3982,8.391,1156.71813872
1524008160000,8.3906,8.3893,8.3906,8.3893,312.58477812
1524008220000,8.391,8.379,8.391,8.379,5312.64537041
1524008280000,8.391,8.3792,8.3792,8.3832,2473.368471
1524008340000,8.391,8.3824,8.391,8.3909,6690.34322775
1524008400000,8.3909,8.3903,8.3909,8.3904,491.10571361
1524008460000,8.4,8.3907,8.3907,8.4,10665.56650644
1524008520000,8.4086,8.394,8.4,8.4082,1027.8218552
1524008580000,8.4082,8.395,8.4,8.398,624.74703746
1524008640000,8.4,8.3943,8.395,8.4,566.84882782
1524008700000,8.4098,8.3994,8.4,8.4098,775.0431817
1524008760000,8.42,8.4097,8.4097,8.42,2018.35611095
1524008820000,8.421,8.413,8.42,8.421,738.60804581
1524008880000,8.421,8.4154,8.421,8.421,419.58386123
1524008940000,8.421,8.42,8.42,8.421,2560.31322076
1524009000000,8.433,8.421,8.421,8.433,5696.30780693
1524009060000,8.437,8.4243,8.433,8.437,8594.1333212
1524009120000,8.45,8.437,8.437,8.45,7672.86443023
1524009180000,8.4499,8.4344,8.4499,8.4498,3863.15991583
1524009240000,8.48,8.4413,8.4413,8.4798,11042.5644933
1524009300000,8.481,8.4627,8.48,8.4806,6135.23792096
1524009360000,8.4809,8.466,8.4807,8.4809,2690.2306136
1524009420000,8.492,8.4736,8.479,8.491,13167.53347166
1524009480000,8.491,8.4811,8.491,8.4883,736.90589708
1524009540000,8.491,8.4803,8.4883,8.491,1020.69867574
1524009600000,8.491,8.4532,8.49,8.45497305,17009.35092686
1524009660000,8.492,8.4518,8.4717,8.4698,11452.13174508
1524009720000,8.4648,8.4434,8.4629,8.4501,938.82482044
1524009780000,8.4569,8.4414,8.4525,8.4522,9789.14629305
1524009840000,8.4808,8.4402,8.4522,8.4782,1863.36070219
1524009900000,8.48,8.4778,8.4778,8.4799,2785.96048909
1524009960000,8.486,8.4777,8.4792,8.486,4202.37527789
1524010020000,8.4932,8.4788,8.491,8.4923,646.87431295
1524010080000,8.5,8.4819,8.4922,8.5,7387.39501701
1524010140000,8.5498,8.5006,8.5006,8.5498,7285.72666937
1524010200000,8.568,8.54,8.5497,8.568,7915.87028953
1524010260000,8.568,8.5459,8.568,8.568,2371.02686247
1524010320000,8.5793,8.5552,8.5554,8.5793,5133.44657695
1524010380000,8.599,8.5771,8.5793,8.5834,10693.29492058
1524010440000,8.5889,8.5772,8.585,8.5772,3459.34159971
1524010500000,8.5764,8.565,8.5764,8.565,161.38253986
1524010560000,8.5727,8.5523,8.5619,8.5524,5340.28864478
1524010620000,8.582,8.5506,8.5524,8.5806,4051.40540555
1524010680000,8.5825,8.5719,8.5803,8.5825,558.98856981
1524010740000,8.5901,8.568,8.5722,8.59,4484.53292695
1524010800000,8.59,8.5776,8.59,8.5776,1205.97945621
1524010920000,8.5771,8.5771,8.5771,8.5771,70
1524010980000,8.5771,8.577,8.5771,8.577,30.50543999
1524011040000,8.5722,8.5572,8.568,8.5572,6023.22
1524011100000,8.5745,8.5536,8.5537,8.5745,205.21782464
1524011220000,8.57,8.5646,8.5646,8.57,558.44816
1524011280000,8.5695,8.5694,8.5694,8.5695,58.41675
1524011340000,8.5695,8.541,8.5695,8.5617,9916.31126
1524011400000,8.5589,8.5408,8.5443,8.5474,734.79924411
1524011460000,8.5449,8.541,8.541,8.543,2397.15498783
1524011520000,8.5518,8.5412,8.5412,8.55,1449.84567535
1524011580000,8.5499,8.541,8.549,8.541,139.50906953
1524011640000,8.5469,8.5469,8.5469,8.5469,74.1
1524011700000,8.552,8.542,8.5454,8.552,2443.99821765
1524011760000,8.5549,8.547,8.5516,8.5542,159.9893843
1524011820000,8.553,8.5473,8.5473,8.553,188.58986905
1524011880000,8.5474,8.5472,8.5474,8.5472,618.19746831
1524011940000,8.5525,8.54,8.5525,8.54,1284.47306249
1524012000000,8.55,8.5404,8.5491,8.55,1193.54003236
1524012060000,8.5561,8.5482,8.5543,8.5482,1986.44479811
1524012120000,8.5426,8.5342,8.5342,8.5426,395.47306249
1524012180000,8.5525,8.5364,8.5364,8.5525,233.149
1524012240000,8.553,8.5525,8.553,8.5525,29.21960285
1524012300000,8.5626,8.5465,8.5571,8.5511,2747.19936836
1524012360000,8.5511,8.5511,8.5511,8.5511,29.21960285
1524012420000,8.5616,8.5461,8.5559,8.5461,8460.37498561
1524012480000,8.5622,8.547,8.551,8.5622,3347.34051023
1524012540000,8.5619,8.5426,8.5521,8.5426,409.2006689
1524012600000,8.5677,8.5525,8.5597,8.5677,1194.06331422
1524012660000,8.57,8.5578,8.5597,8.5578,171.19395195
1524012720000,8.565,8.5649,8.5649,8.565,500
1524012780000,8.5559,8.5555,8.5555,8.5559,20.99704
1524012840000,8.567,8.567,8.567,8.567,10.8908
1524012900000,8.5667,8.553,8.5571,8.5638,1358.23384284
1524012960000,8.5659,8.5478,8.553,8.5507,923.21578179
1524013020000,8.5694,8.565,8.5667,8.5666,1000.00000049
1524013080000,8.5631,8.5513,8.5513,8.5631,210
1524013140000,8.5629,8.5548,8.5612,8.5629,179.31807696
1524013200000,8.5737,8.5624,8.5631,8.5737,1161.06675772
1524013260000,8.5779,8.5564,8.5564,8.5779,522.98335027
1524013320000,8.5925,8.5652,8.5769,8.5921,4256.87524731
1524013380000,8.5926,8.5717,8.5893,8.5878,2692.70196618
1524013440000,8.5907,8.5715,8.5878,8.5907,3705.10390619
1524013500000,8.62,8.5752,8.5906,8.6164,48153.82381765
1524013560000,8.6277,8.5949,8.6163,8.62224256,16505.2212502
1524013620000,8.6248,8.609,8.6223,8.6248,2127.46105494
1524013680000,8.6264,8.61,8.61,8.6263,2513.36389321
1524013740000,8.6264,8.6199,8.626,8.6264,1020.74032306
1524013800000,8.6354,8.6258,8.6263,8.6275,10532.60365929
1524013860000,8.6486,8.6264,8.6264,8.6396,5382.60751072
1524013920000,8.6646,8.639,8.639,8.66227286,9256.44875893
1524013980000,8.6752,8.6443,8.66227286,8.6752,1868.8848353
1524014040000,8.6753,8.6519,8.661,8.6522,3678.72240715
1524014100000,8.6694,8.6435,8.6524,8.6631,3210.59011205
1524014160000,8.664,8.648,8.6631,8.6638,1518.59862613
1524014220000,8.675,8.6473,8.66,8.6473,4298.37681859
1524014280000,8.6542,8.645,8.6479,8.65,2354.45997524
1524014340000,8.654,8.6446,8.65,8.6469,497.54179709
1524014400000,8.6469,8.623,8.6469,8.6349,4400.76486159
1524014460000,8.641,8.6212,8.6336,8.63657794,1196.27400991
1524014520000,8.6422,8.6214,8.6379,8.63800666,1193.45414882
1524014580000,8.63943537,8.6203,8.6393,8.63514923,1319.68345448
1524014640000,8.6376,8.6201,8.63657794,8.6201,831.21711919
1524014700000,8.6422,8.63372051,8.63372051,8.6422,3019.56420258
1524014760000,8.6522,8.6249,8.6422,8.64372152,3920.16827773
1524014820000,8.654,8.6305,8.6422,8.638,2470.69025258
1524014880000,8.654,8.6377,8.638,8.6405,1304.03577364
1524014940000,8.65874783,8.6462,8.6462,8.65874783,99
1524015000000,8.659,8.6407,8.6407,8.6427,1376.58547995
1524015060000,8.6411,8.6217,8.6409,8.6395,4051.62461656
1524015120000,8.6273,8.613,8.62,8.6273,3002.63838315
1524015180000,8.612,8.587,8.612,8.6086,8520.73159136
1524015240000,8.6197,8.6,8.6,8.6197,1385.9572633
1524015300000,8.62,8.6055,8.62,8.6199,64.7899576
1524015360000,8.62,8.6,8.6022,8.62,1346.78482403
1524015420000,8.6278,8.6009,8.6278,8.6009,520
1524015480000,8.6248,8.6199,8.6199,8.6248,422.80256118
1524015660000,8.625,8.6223,8.6223,8.625,526.674089
1524015720000,8.6248,8.6248,8.6248,8.6248,10
1524015840000,8.6221,8.6221,8.6221,8.6221,5.22464054
1524015900000,8.6246,8.6097,8.6245,8.6239,1727.83299706
1524015960000,8.6246,8.6097,8.6242,8.6097,1306.73486312
1524016140000,8.62,8.6113,8.62,8.6113,184.77242459
1524016320000,8.6217,8.62,8.62,8.62,472.438419
1524016380000,8.6143,8.6143,8.6143,8.6143,4.83373042
1524016500000,8.6166,8.5605,8.612,8.5844,15582.31798951
1524016560000,8.59626299,8.5677,8.5677,8.59626299,3018.9640725
1524016620000,8.6,8.5865,8.59912222,8.5884,85.99773815
1524016680000,8.6018,8.5907,8.5907,8.6018,253.22248962
1524016800000,8.5975,8.5924,8.5925,8.5975,185.45169859
1524016860000,8.5974,8.5838,8.5974,8.5838,685.06324028
1524016980000,8.5962,8.5746,8.5827,8.5834,4478.06957653
1524017040000,8.5994,8.5831,8.5976926,8.5986,2008.23139999
1524017100000,8.5968,8.5779,8.583,8.5779,2243.8355126
1524017160000,8.5934,8.5858,8.5864,8.5934,606.74659854
1524017220000,8.5956,8.5956,8.5956,8.5956,25
1524017280000,8.61,8.5959,8.5959,8.6032,4659.61082426
1524017340000,8.6376,8.60198144,8.60198144,8.63343293,8407.098888
1524017400000,8.64,8.6163,8.63200332,8.6163,4059.41226287
1524017460000,8.6169,8.6069,8.6112,8.607,5273.98204132
1524017520000,8.617,8.6045,8.607,8.617,10071.65037953
1524017580000,8.6374,8.617,8.617,8.6374,3981.43386706
1524017640000,8.6117,8.6117,8.6117,8.6117,2.7
1524017760000,8.6357,8.6222,8.6222,8.6357,1001.62541413
1524017820000,8.638,8.626,8.6355,8.626,185.30349416
1524017880000,8.6446,8.638,8.638,8.6445,412.54744561
1524017940000,8.6517,8.6445,8.6445,8.6517,348.90081121
1524018000000,8.651,8.6445,8.6445,8.6446,418.84127861
1524018060000,8.651,8.63,8.6446,8.651,2182.23447028
1524018120000,8.651,8.6474,8.6475,8.6478,1213.5041
1524018180000,8.651,8.6341,8.6477,8.6508,1426.12944583
1524018240000,8.6378,8.6377,8.6378,8.6377,100.55552818
1524018300000,8.6494,8.649,8.6493,8.649,189.51661545
1524018360000,8.6373,8.6373,8.6373,8.6373,28.55060283
1524018420000,8.6509,8.6373,8.6509,8.6373,89.95035647
1524018480000,8.6441,8.6289,8.637,8.6291,2620.81737377
1524018540000,8.651,8.629,8.6291,8.6508,8707.7849737
1524018600000,8.6509,8.6301,8.6499,8.6508,6709.6826274
1524018660000,8.6509,8.634,8.6509,8.6504,873.61797658
1524018720000,8.6509,8.6339,8.634,8.6509,1204.45578534
1524018780000,8.6509,8.625,8.6357,8.6499,2390.38419949
1524018840000,8.651,8.648,8.6495,8.6486,2453.79506294
1524018900000,8.6488,8.6324,8.648,8.6457,913.39620792
1524018960000,8.6438,8.6201,8.642,8.6371,1277.91610525
1524019020000,8.6419,8.6203,8.637,8.6408,1161.27098532
1524019080000,8.6406,8.6184,8.6404,8.6356,1711.67820077
1524019140000,8.6356,8.6169,8.6355,8.6351,1177.70945701
1524019200000,8.6352,8.6202,8.6352,8.6335,836.22973214
1524019260000,8.6386,8.6336,8.6336,8.6386,737.40783805
1524019320000,8.6378,8.6148,8.6378,8.6309,1872.87179122
1524019380000,8.633,8.6309,8.6309,8.633,345.34111666
1524019440000,8.6318,8.6301,8.6301,8.6318,723.38526376
1524019560000,8.6398,8.6214,8.632,8.6214,213.08719422
1524019680000,8.6205,8.5936,8.6205,8.5936,3222.3736979
1524019740000,8.5914,8.5889,8.5914,8.5889,568.28956066
1524019800000,8.5965,8.5791,8.5961,8.5965,1333.84709538
1524019860000,8.6049,8.5796,8.5965,8.5922,3050.38216164
1524019920000,8.6011,8.5895,8.6011,8.5895,166.44925797
1524019980000,8.605,8.5895,8.5895,8.5906,605.61981076
1524020040000,8.6014,8.579,8.592,8.6008,4755.81855583
1524020100000,8.6,8.565,8.5849,8.571,10805.4244018
1524020160000,8.5965,8.5655,8.571,8.571,9091.10200392
1524020220000,8.59,8.5884,8.5884,8.59,1581.28014652
1524020280000,8.59,8.59,8.59,8.59,3534.16213759
1524020340000,8.5749,8.5743,8.5749,8.5743,959.31413422
1524020400000,8.5899,8.5743,8.575,8.587,1304.81242685
1524020460000,8.5871,8.5751,8.5871,8.58,1010.93999144
1524020520000,8.59,8.5799,8.5799,8.59,79.38930548
1524020580000,8.594,8.58,8.59,8.591,9456.06995228
1524020640000,8.593,8.5801,8.591,8.593,77.39817372
1524020700000,8.591,8.58,8.589,8.582,2629.86755519
1524020760000,8.582,8.582,8.582,8.582,30
1524020820000,8.5954,8.58,8.58,8.5954,2449.29486055
1524020880000,8.5954,8.5954,8.5954,8.5954,110.37490924
1524021000000,8.591,8.591,8.591,8.591,200
1524021060000,8.591,8.5904,8.591,8.5904,48.42311346
1524021120000,8.5904,8.5904,8.5904,8.5904,301.9508419
1524021180000,8.5831,8.5831,8.5831,8.5831,3000
1524021240000,8.5881,8.5866,8.5866,8.5881,125
1524021360000,8.5909,8.5909,8.5909,8.5909,739.8895
1524021480000,8.5905,8.5905,8.5905,8.5905,125.055
1524021540000,8.591,8.591,8.591,8.591,1100.432
1524021720000,8.5904,8.5773,8.5773,8.5904,551.02285543
1524021780000,8.591,8.591,8.591,8.591,500
1524021900000,8.591,8.59,8.59,8.591,1604.83
1524021960000,8.5955,8.5904,8.5905,8.5952,9643.75352121
1524022020000,8.5954,8.5943,8.5954,8.5954,766.2328461
1524022080000,8.5954,8.5952,8.5954,8.5952,1273.19324392
1524022140000,8.5955,8.5714,8.5954,8.5914,4777.33127748
1524022200000,8.5955,8.5719,8.5941,8.5954,793.16012702
1524022260000,8.5954,8.5947,8.5953,8.5954,756.29021171
1524022320000,8.5954,8.5949,8.5954,8.5949,643.39967394
1524022380000,8.5954,8.5787,8.5954,8.5954,806.52955198
1524022440000,8.5954,8.5953,8.5954,8.5954,743.62364131
1524022500000,8.6035,8.582,8.5954,8.6035,4454.04446283
1524022560000,8.61,8.6022,8.6022,8.6095,2071.0703191
1524022620000,8.6064,8.597,8.605,8.6024,444.28521226
1524022680000,8.6094,8.59600273,8.5999,8.6084,759.01391985
1524022740000,8.6099,8.5953,8.6085,8.6086,748.50948745
1524022800000,8.61,8.5959,8.6086,8.6089,1972.72640692
1524022860000,8.61,8.605,8.6089,8.61,4500.56222006
1524022920000,8.61,8.61,8.61,8.61,939.26281742
1524022980000,8.6129,8.6098,8.61,8.6129,6459.02687591
1524023040000,8.6129,8.6109,8.6129,8.6128,1864.54095194
1524023100000,8.6167,8.60994267,8.612,8.61098352,1626.88913241
1524023160000,8.6198,8.6197,8.6197,8.6198,250
1524023220000,8.61533796,8.614,8.61533796,8.614,18.06193277
1524023280000,8.62,8.6199,8.6199,8.6199,2006.5
1524023340000,8.6233,8.614,8.6181,8.619,5483.49509161
1524023400000,8.6231,8.614,8.6175,8.614,1819.1138752
1524023460000,8.6098,8.6098,8.6098,8.6098,1600
1524023580000,8.6092,8.6092,8.6092,8.6092,0.00012301
1524023700000,8.606,8.6057,8.606,8.6057,1579.42032067
1524023760000,8.6098,8.5999,8.6098,8.6,1712.15541808
1524023820000,8.61,8.6,8.6,8.61,17596.02526877
1524023880000,8.613,8.6092,8.61,8.6092,528.8268287
1524023940000,8.6271,8.6171,8.6171,8.6271,1456.5120362
1524024000000,8.6257,8.6115,8.6115,8.6257,4.14191913
1524024060000,8.6239204,8.6047,8.6239204,8.61962918,119.27580668
1524024120000,8.6195,8.5951,8.6195,8.5951,896.74877138
1524024180000,8.6146,8.5942,8.6143,8.5942,155.81225136
1524024240000,8.6199,8.6151,8.6151,8.6198,395.92836233
1524024300000,8.6252,8.6001,8.6191,8.6208,699.77840692
1524024360000,8.6255,8.6047,8.6206,8.62105959,792.88374152
1524024420000,8.62535081,8.6049,8.6208,8.62535081,930.04977577
1524024480000,8.6219,8.602,8.62,8.618,748.61132729
1524024540000,8.626,8.6034,8.62,8.6208,1528.79632508
1524024600000,8.6229,8.605,8.6208,8.6184,930.23148281
1524024660000,8.6185,8.5739,8.6185,8.5945,11050.83285791
1524024720000,8.5918,8.5744,8.5897,8.5918,2031.9074216
1524024780000,8.5919,8.57,8.5752,8.5919,2071.81645314
1524024840000,8.6006,8.5916,8.5919,8.6006,949.78834249
1524024900000,8.6081,8.6,8.6006,8.60532512,1065.77980795
1524024960000,8.61676837,8.5991,8.6038,8.6081,11586.50570003
1524025020000,8.61705012,8.601,8.608,8.601,1257.50629153
1524025080000,8.6316,8.6,8.61533796,8.6253,7071.58185635
1524025140000,8.62678121,8.6239204,8.6253,8.62535081,3885.10016024
1524025320000,8.628,8.6066,8.628,8.6278,345.80671509
1524025440000,8.625,8.6239,8.6239,8.625,577
1524025560000,8.6228,8.6138,8.6138,8.6228,172.01486908
1524025620000,8.63,8.6228,8.6228,8.63,159.39327215
1524025800000,8.6252,8.5833,8.6064,8.5834,10199.77745217
1524025860000,8.5869,8.5833,8.5833,8.5869,276.79472176
1524025920000,8.5929,8.5858,8.5858,8.5929,751.934
1524025980000,8.5895,8.5871,8.5894,8.5871,2226.63542059
1524026040000,8.59,8.5899,8.5899,8.59,2824.50680471
1524026100000,8.59,8.59,8.59,8.59,65
1524026220000,8.59,8.577,8.59,8.59,1726.89961469
1524026280000,8.5807,8.5669,8.5807,8.5669,383.0062634
1524026340000,8.5785,8.565,8.5668,8.5785,1781.20520504
1524026400000,8.5773,8.567,8.5773,8.5678,190.31629813
1524026460000,8.58,8.5679,8.5679,8.58,118.00458194
1524026520000,8.5682,8.5682,8.5682,8.5682,9.16056503
1524026580000,8.5682,8.5678,8.5682,8.5678,17.60398691
1524026640000,8.5698,8.5678,8.5698,8.5678,113.41951372
1524026760000,8.5731,8.5441,8.5678,8.558,8754.78757858
1524026880000,8.5649,8.5649,8.5649,8.5649,607.817
1524026940000,8.5881,8.558,8.558,8.5881,5820.31574038
1524027000000,8.5915,8.5763,8.5914,8.5763,1486.57830413
1524027060000,8.5788,8.5713,8.5788,8.5713,174.154
1524027120000,8.5945,8.575,8.59169732,8.5945,3281.06676694
1524027180000,8.60714547,8.5945,8.5945,8.5949,3238.93259346
1524027240000,8.5946,8.58,8.5945,8.5902,2336.53102457
1524027420000,8.588,8.5845,8.585,8.5845,1794.74103796
1524027480000,8.5845,8.5845,8.5845,8.5845,139.12238631
1524027600000,8.5741,8.5614,8.5741,8.5614,2180.61671417
1524027660000,8.56,8.557,8.56,8.557,1275.2269572
1524027720000,8.5599,8.5599,8.5599,8.5599,2.45190784
1524027780000,8.5473,8.538,8.5473,8.538,5570.85618999
1524027840000,8.5518,8.529,8.5413,8.5469,12130.48229254
1524027900000,8.5517,8.53,8.532,8.53,9734.89481436
1524027960000,8.5492,8.53,8.53,8.5301,6844.16970264
1524028020000,8.5487,8.5435,8.5439,8.5487,582.38571896
1524028080000,8.5314,8.5291,8.5313,8.5314,203.81941822
1524028140000,8.5432,8.5432,8.5432,8.5432,2
1524028260000,8.5763,8.5436,8.5436,8.5763,6846.47110541
1524028320000,8.5749,8.561,8.561,8.5735,375.86037694
1524028380000,8.5611,8.556,8.5611,8.556,500
1524028500000,8.5668,8.5547,8.5668,8.5644,20.55428902
1524028560000,8.5644,8.5644,8.5644,8.5644,10
1524028680000,8.5701,8.57,8.57,8.57,335.85234031
1524028740000,8.5702,8.5702,8.5702,8.5702,46.463
1524028800000,8.58,8.5705,8.5766,8.5705,933.63843763
1524028860000,8.5858,8.57,8.5858,8.57,134.89628163
1524028920000,8.5681,8.5655,8.5681,8.5655,245.76678987
1524028980000,8.5618,8.5563,8.5618,8.5563,428.5440878
1524029040000,8.5791,8.5647,8.5647,8.5791,500
1524029100000,8.5748,8.5547,8.5547,8.5745,172.84463094
1524029160000,8.5543,8.554,8.5543,8.554,113.802
1524029280000,8.5483,8.5483,8.5483,8.5483,82.402148
1524029340000,8.5483,8.5483,8.5483,8.5483,59.0258689
1524029400000,8.554,8.55,8.55,8.5538,333.36182529
1524029460000,8.5552,8.55,8.5551,8.55,338.18
1524029520000,8.555,8.55,8.5546,8.55,515.40314516
1524029580000,8.5613,8.5587,8.5588,8.5613,297.5726
1524029640000,8.55,8.5494,8.55,8.55,4310.45743196
1524029700000,8.55,8.5497,8.5499,8.5497,210
1524029760000,8.5499,8.5493,8.5499,8.5493,332.07588869
1524029820000,8.55,8.5424,8.55,8.5424,65.18412449
1524029880000,8.55,8.542,8.5422,8.548,2089.85250152
1524029940000,8.5587,8.542,8.5426,8.5587,1920.91483318
1524030000000,8.5636,8.5347,8.5468,8.5476,7902.5382071
1524030060000,8.5573,8.5368,8.5368,8.5417,1161.6621
1524030120000,8.5416,8.54,8.5416,8.54,30.9111
1524030180000,8.5378,8.5378,8.5378,8.5378,59
1524030300000,8.547,8.5382,8.5426,8.5382,4380.91373014
1524030360000,8.556,8.5498,8.55,8.5559,1074.58007017
1524030420000,8.558,8.5398,8.5398,8.558,4592.95203916
1524030480000,8.5724,8.557,8.557,8.57208212,1029.98007047
1524030540000,8.5718,8.569,8.5699,8.5718,772
1524030600000,8.5772,8.5627,8.5627,8.57637102,43.59480107
1524030660000,8.5606,8.5572,8.5606,8.5572,1717.33441829
1524030720000,8.5513,8.5471,8.5513,8.5471,118
1524030780000,8.5609,8.5382,8.5609,8.5382,2941.17975861
1524030840000,8.5383,8.5382,8.5383,8.5382,215.96074918
1524030900000,8.5381,8.5378,8.538,8.5378,137.16672223
1524030960000,8.5379,8.534,8.5379,8.534,269.9
1524031080000,8.5343,8.5342,8.5342,8.5343,1483.6007
1524031140000,8.535,8.5342,8.5343,8.535,423.36079387
1524031200000,8.5348,8.534,8.5342,8.5348,535.9378544
1524031260000,8.5347,8.534,8.5346,8.534,277.29051612
1524031320000,8.5347,8.534,8.5347,8.534,142.23243116
1524031380000,8.5481,8.534,8.534,8.5481,1762.99773755
1524031440000,8.534,8.5245,8.534,8.5245,1000
1524031500000,8.5439,8.5291,8.5439,8.5331,39.24332456
1524031560000,8.5436,8.5416,8.5416,8.5436,75.21485747
1524031680000,8.5421,8.542,8.5421,8.542,330.39522968
1524031740000,8.5259,8.5259,8.5259,8.5259,110
1524031800000,8.5453,8.5277,8.534,8.5306,101.61420339
1524031920000,8.5326,8.5208,8.5326,8.5208,1621.10877191
1524031980000,8.5395,8.5245,8.529,8.5395,118.63058116
1524032040000,8.5563,8.527,8.53,8.527,4417.48754976
1524032100000,8.5316,8.5124,8.5271,8.515,5181.49414702
1524032160000,8.5331,8.5122,8.515,8.529,1632.99834467
1524032220000,8.5399,8.5217,8.5399,8.5303,163.37476169
1524032280000,8.5354,8.5236,8.534,8.5354,297.28212596
1524032340000,8.5385,8.5253,8.5346,8.5253,608.76959638
1524032400000,8.5299,8.51008901,8.5297,8.51008901,2686.58259664
1524032460000,8.5216,8.5037,8.51,8.5209,2491.02167441
1524032520000,8.5225,8.5021,8.5197,8.5225,8547.9350824
1524032640000,8.5283,8.5214,8.5214,8.5283,35
1524032700000,8.5454,8.5239,8.5239,8.5387,7105.51055684
1524032760000,8.5403,8.5389,8.5393,8.5403,1435.273167
1524032820000,8.57144084,8.5403,8.5403,8.5506,11929.3697093
1524032880000,8.55087182,8.5437,8.5506,8.55087182,1588.1666
1524032940000,8.5454,8.5388755,8.5439,8.5454,1013.115
1524033000000,8.5454,8.5375,8.5451,8.5375,1634.08691529
1524033060000,8.53867954,8.5328,8.5375,8.5346,4023.34354722
1524033120000,8.5328,8.5218,8.5328,8.5218,2349.12915113
1524033180000,8.5307,8.51368168,8.5307,8.519,1197.5247944
1524033240000,8.5191,8.51,8.5191,8.51,10239.7751
1524033300000,8.5281,8.51,8.51,8.5281,224.69916083
1524033480000,8.5189,8.518,8.5189,8.518,540.17320883
1524033600000,8.5212,8.5094,8.5138,8.5094,4254.49155611
1524033660000,8.5093,8.4998,8.5093,8.5006,19794.24319886
1524033720000,8.4997,8.4876,8.498,8.4997,9352.33221215
1524033780000,8.5162,8.5016,8.5019,8.503,22023.42181985
1524033840000,8.5064,8.5017,8.5061,8.5017,661.90787781
1524033900000,8.5179,8.4993,8.5179,8.4993,668.55856279
1524033960000,8.49015273,8.4602,8.49015273,8.4606,26860.70745408
1524034020000,8.4683,8.449,8.4604,8.4683,15586.45284709
1524034080000,8.4928,8.4529,8.4705,8.4927,5122.2208262
1524034140000,8.52,8.4968,8.4999,8.4984,5596.27315821
1524034200000,8.5824,8.5196,8.5196,8.5824,20574.66721576
1524034260000,8.6603,8.5886,8.5886,8.6589,59731.44229051
1524034320000,8.6982,8.659,8.659,8.6981,15799.07077867
1524034380000,8.7495,8.6984,8.6985,8.7391,49258.63116885
1524034440000,8.732,8.678,8.7216,8.6815,24048.2679617
1524034500000,8.7,8.693,8.6937,8.7,7846.63139704
1524034560000,8.7128,8.6667,8.6855,8.6667,16554.62979265
1524034620000,8.717,8.66904956,8.6691,8.7083,3733.51447649
1524034680000,8.7242,8.7083,8.7083,8.7101,2667.81967989
1524034740000,8.725,8.7156,8.7156,8.725,4453.01762976
1524034800000,8.7466,8.7238,8.725,8.7466,11154.60728586
1524034860000,8.7824,8.7463,8.7463,8.7724,17795.99891961
1524034920000,8.7724,8.7349,8.7723,8.7534,4751.644828
1524034980000,8.7613,8.7612,8.7613,8.7612,131.5394
1524035040000,8.7609,8.7435,8.7609,8.75,3105.4457528
1524035100000,8.7661,8.7408,8.7408,8.7471,7709.95924566
1524035160000,8.7879,8.7485,8.7485,8.7879,14768.94232797
1524035220000,8.7745,8.7505,8.7707,8.7745,8267.86897562
1524035280000,8.7999,8.7599,8.775,8.7755,14124.6861664
1524035340000,8.7873,8.764,8.7709,8.7872,8015.96111415
1524035400000,8.7994,8.7656,8.7869,8.7848,10176.994664
1524035460000,8.85917247,8.766,8.7835,8.81,128824.08568405
1524035520000,8.81,8.7402,8.81,8.7418,14167.61962368
1524035580000,8.80881252,8.7332,8.742,8.7506,70503.85128904
1524035640000,8.7614,8.7421,8.7506,8.7613,2667.81156312
1524035700000,8.8698,8.75,8.75,8.78,72188.79521515
1524035760000,8.7924,8.7625,8.7924,8.7625,5916.31499759
1524035820000,8.7701,8.7549,8.7632,8.7563,2038.4557317
1524035880000,8.7683,8.75,8.7589,8.7646,1278.36420779
1524035940000,8.7622,8.7622,8.7622,8.7622,100
1524036000000,8.7593,8.748,8.75,8.748,833.82018359
1524036060000,8.7499,8.744,8.7498,8.744,1714.256
1524036120000,8.744,8.7237,8.744,8.7259,3274.296
1524036180000,8.7441,8.7367,8.7367,8.743,6462.9634
1524036240000,8.75,8.7338,8.738,8.7338,5406.8767
1524036300000,8.7493,8.735,8.735,8.747,531.02991518
1524036360000,8.7451,8.7281,8.7451,8.7281,452.2905075
1524036420000,8.7371,8.7371,8.7371,8.7371,2
1524036480000,8.73,8.7267,8.73,8.7267,500
1524036540000,8.7267,8.7267,8.7267,8.7267,100
1524036600000,8.7484,8.7352,8.7353,8.7393,4364.19912138
1524036660000,8.7462,8.736,8.74,8.736,1527.94050013
1524036720000,8.7458,8.7236,8.7458,8.7352,2162.63023589
1524036780000,8.7339,8.7126,8.7337,8.7288,3732.80055192
1524036840000,8.7323,8.715,8.7255,8.7289,338.86933724
1524036900000,8.7253,8.7243,8.7243,8.7253,719.58512428
1524036960000,8.7292,8.718,8.7292,8.7291,1423.97363086
1524037140000,8.72,8.6954,8.72,8.6972,11652.27258299
1524037200000,8.7085,8.6939,8.7018,8.7032,2554.36429931
1524037260000,8.719,8.6939,8.7032,8.7,9581.40195595
1524037320000,8.7,8.6894,8.7,8.6976,894.374102
1524037380000,8.699,8.6976,8.6976,8.6976,2076.23053965
1524037440000,8.6976,8.6945,8.6976,8.6945,145.5229286
1524037500000,8.7109,8.69159895,8.6918,8.7032,2764.47838607
1524037560000,8.695,8.6869,8.695,8.6869,5261.966
1524037620000,8.72,8.6837,8.7007,8.6966,12373.51906021
1524037680000,8.7297,8.6988,8.6988,8.7297,1676.73853741
1524037740000,8.7395,8.6993,8.7289,8.7136,9561.846907
1524037800000,8.7271,8.7052,8.709,8.7052,3779.16957376
1524037860000,8.737,8.7073,8.7073,8.737,3231.63467742
1524037920000,8.7357,8.72,8.72,8.7357,513.03133454
1524037980000,8.7316,8.70583865,8.7316,8.70583865,4446.13770574
1524038040000,8.7249,8.711,8.711,8.7249,283.41473302
1524038100000,8.7282,8.711,8.7233,8.7117,3902.52819459
1524038220000,8.712,8.7072,8.712,8.708,858.1223454
1524038280000,8.723,8.7201,8.7202,8.723,575.00288465
1524038340000,8.7379,8.7201,8.7284,8.7379,404.23164388
1524038400000,8.7531,8.728,8.7397,8.7437,8007.58076548
1524038460000,8.7578,8.7436,8.7436,8.75,297.34470471
1524038520000,8.75,8.7498,8.75,8.7498,436.3028
1524038580000,8.75,8.7351,8.7499,8.744,4494.48077674
1524038640000,8.749,8.7379,8.744,8.749,190.02512924
1524038700000,8.7485,8.727,8.7351,8.727,3127.6707291
1524038760000,8.7204,8.7053,8.7204,8.7053,1013.16555503
1524038820000,8.7175,8.7035,8.7036,8.7035,795.00037702
1524038940000,8.7121,8.69612988,8.7,8.7119,117.24004214
1524039000000,8.712,8.6957,8.7115,8.6959,1593.78392828
1524039120000,8.706,8.7,8.7,8.706,103.33832769
1524039180000,8.7001,8.7,8.7001,8.7,116.00385979
1524039240000,8.73017443,8.7035,8.7098,8.7035,4148.95794353
1524039300000,8.7236,8.7235,8.7236,8.7235,100.76774297
1524039360000,8.7248,8.7247,8.7247,8.7248,694.0916
1524039480000,8.721,8.7,8.7209,8.7,1068.49003623
1524039540000,8.7167,8.6997,8.7104,8.6997,382.55988901
1524039660000,8.6994,8.6654,8.69,8.6657,9363.45613888
1524039720000,8.6873,8.6563,8.6659,8.6786,3154.15531411
1524039780000,8.6739,8.6564,8.6739,8.67357418,166.31041054
1524039840000,8.6779,8.6648,8.6776,8.6648,4169.85571253
1524039900000,8.6889,8.6773,8.6773,8.6889,286.24034838
1524039960000,8.6792,8.679,8.679,8.6792,149.9201
1524040020000,8.7,8.6792,8.6888,8.689,4166
1524040080000,8.7,8.6998,8.7,8.6998,125.1594
1524040140000,8.69,8.6881,8.69,8.6881,1197.795
1524040200000,8.699,8.6796,8.6882,8.6796,2234.38344275
1524040260000,8.6999,8.6816,8.6965,8.695,6537.32555632
1524040320000,8.6997,8.6809,8.695,8.6964,4297.7803246
1524040380000,8.7,8.6846,8.6963,8.6972,10473.25634467
1524040440000,8.7018,8.6818,8.68871253,8.7006,5174.88572268
1524040500000,8.7285,8.7101,8.7101,8.7285,8995.74114696
1524040560000,8.7396,8.728,8.728,8.728,7508.38990426
1524040620000,8.7315,8.728,8.73,8.728,2537.91097768
1524040680000,8.7397,8.7134,8.728,8.728,5373.7084581
1524040740000,8.7301,8.7208,8.728,8.7265,2932.67928687
1524040800000,8.7225,8.702,8.7161,8.7092,766.87459618
1524040860000,8.702,8.7,8.702,8.7,151.5785466
1524040920000,8.71,8.7,8.7015,8.7,1242.08890063
1524040980000,8.7001,8.7,8.7001,8.7,105.79986124
1524041040000,8.6921,8.6805,8.6911,8.6805,1966.36365364
1524041100000,8.7011,8.693,8.693,8.6984,274.1561
1524041160000,8.6999,8.69077285,8.6932,8.6999,9369.77827574
1524041220000,8.6987,8.6935,8.6938,8.6935,2323.01463178
1524041280000,8.6934,8.6932,8.6934,8.6932,977.847
1524041340000,8.7,8.6879,8.696,8.6879,5499.33973527
1524041400000,8.7,8.696,8.696,8.7,414.33087856
1524041460000,8.7077,8.7,8.7,8.7075,1531.41547736
1524041520000,8.7105,8.696,8.698,8.6963,1031.63803256
1524041580000,8.6957,8.6668,8.6957,8.6668,3033.03413725
1524041640000,8.6722,8.6649,8.6722,8.6673,428.1
1524041700000,8.6668,8.6654,8.6668,8.6654,3129.75364058
1524041760000,8.665,8.665,8.665,8.665,18.5952
1524041820000,8.6623,8.6623,8.6623,8.6623,81.21
1524041880000,8.66514198,8.66514198,8.66514198,8.66514198,282.93871744
1524042000000,8.6785,8.6651,8.6785,8.6674,491.75774593
1524042060000,8.6785,8.6785,8.6785,8.6785,4
1524042120000,8.6785,8.6688,8.6688,8.6785,849.34439642
1524042240000,8.6907,8.6907,8.6907,8.6907,55
1524042300000,8.6999,8.6989,8.6989,8.6999,137.97226756
1524042360000,8.6922,8.6895,8.6922,8.6895,133.05480552
1524042420000,8.7,8.68308746,8.6999,8.68308746,1172.821
1524042480000,8.6899,8.6864,8.6899,8.6864,505
1524042540000,8.7,8.6865,8.6999,8.6865,2085.2
1524042660000,8.7173,8.6995,8.6995,8.7173,766
1524042720000,8.7001,8.6997,8.6997,8.7,442.61118043
1524042780000,8.715,8.7009,8.715,8.7009,1051.80066303
1524042840000,8.71,8.6989,8.71,8.6989,3201.15664665
1524042900000,8.7069,8.69,8.69,8.7067,323.91778329
1524042960000,8.7021,8.69,8.7004,8.692,2700.38827419
1524043020000,8.7,8.69,8.692,8.69,5978.15767533
1524043080000,8.69,8.69,8.69,8.69,10.00000416
1524043140000,8.7072,8.6984,8.6984,8.7,1840.76309544
1524043200000,8.7178,8.7,8.7,8.7178,4236.55873057
1524043260000,8.7178,8.7041,8.7178,8.7041,600
1524043380000,8.7018,8.7,8.7013,8.7001,2593.26969447
1524043440000,8.7111,8.7,8.7,8.71,2717.09672694
1524043560000,8.7004,8.7,8.7004,8.7,3141.64742497
1524043620000,8.7,8.7,8.7,8.7,0.96417233
1524043860000,8.6989,8.6985,8.6985,8.6989,71.17766399
1524043920000,8.7,8.699,8.699,8.7,55.49973023
1524043980000,8.6996,8.6859,8.6859,8.6996,218.591
1524044040000,8.6948,8.6914,8.6948,8.6914,356.34072
1524044160000,8.7,8.6996,8.6996,8.7,36.29887904
1524044220000,8.7087,8.699,8.699,8.7069,2089.00244787
1524044400000,8.7139,8.7095,8.7098,8.7139,34.703128
1524044460000,8.7123,8.7106,8.7123,8.7106,209.08613272
1524044520000,8.7225,8.715,8.715,8.719,2186.24157716
1524044580000,8.74137763,8.7133,8.7133,8.74137763,1404.01529761
1524044640000,8.73890482,8.7296,8.73643201,8.7311,2435.9608785
1524044700000,8.75,8.7386,8.7386,8.75,2309.193
1524044760000,8.771,8.7441,8.75,8.7482,3225.08030216
1524044820000,8.7669,8.748,8.7483,8.75,215.604661
1524044880000,8.7623,8.75,8.75,8.75,91.62245613
1524044940000,8.7525,8.75,8.75,8.7525,101.31937438
1524045000000,8.76,8.7441,8.75,8.7444,2034.50472731
1524045060000,8.7486,8.74,8.7441,8.74,299.55392371
1524045120000,8.7475,8.74061826,8.7474,8.74061826,106.3780609
1524045180000,8.74,8.7342,8.74,8.7342,6.79
1524045240000,8.7323,8.73,8.732,8.73,414.76314883
1524045300000,8.74,8.73,8.73,8.7356,2157.55319517
1524045360000,8.7356,8.7356,8.7356,8.7356,2
1524045420000,8.73,8.7203,8.73,8.7203,327.04403864
1524045480000,8.7356,8.7138,8.7349,8.7217,280
1524045600000,8.7469,8.7151,8.7152,8.7251,4388.10867628
1524045660000,8.7412,8.73,8.74,8.73,21
1524045720000,8.73,8.7202,8.7202,8.73,40
1524045780000,8.734,8.7299,8.731,8.7335,3799.71787527
1524045840000,8.7395,8.7273,8.7395,8.7273,4804.12375078
1524045900000,8.7363,8.7204,8.7274,8.7363,1758.11764698
1524045960000,8.7362,8.7362,8.7362,8.7362,119.40336783
1524046020000,8.7364,8.7364,8.7364,8.7364,47
1524046080000,8.7295,8.7295,8.7295,8.7295,137.088
1524046200000,8.7544,8.737,8.737,8.7398,1863.84167168
1524046260000,8.753,8.7512,8.753,8.7512,778.80315249
1524046320000,8.752,8.752,8.752,8.752,10
1524046380000,8.7399,8.7274,8.7397,8.7274,467.34469564
1524046440000,8.72691312,8.7267,8.7267,8.72691312,130.131
1524046500000,8.7415,8.725,8.725,8.7412,47.69490001
1524046560000,8.7251,8.7223,8.7251,8.7223,6136.1657
1524046620000,8.7292,8.72,8.72,8.72,659.27232665
1524046680000,8.72,8.72,8.72,8.72,199.8
1524046740000,8.72,8.72,8.72,8.72,98.389
1524046860000,8.7236,8.72,8.723,8.72,90.34756626
1524046920000,8.7322,8.72,8.72,8.7322,1297.2158225
1524046980000,8.7359,8.7263,8.7263,8.7359,271.16128258
1524047040000,8.7215,8.7215,8.7215,8.7215,3.70024265
1524047100000,8.745,8.7213,8.7213,8.745,4050.60483734
1524047160000,8.7321,8.7303,8.732,8.7303,647.65124389
1524047220000,8.7348,8.7315,8.7315,8.7319,1051.48352387
1524047280000,8.7584,8.7265,8.7317,8.7351,7697.58135163
1524047340000,8.736,8.735,8.735,8.735,720.10461043
1524047400000,8.7485,8.7351,8.7353,8.7482,288.93955322
1524047460000,8.7528,8.736,8.7412,8.7362,279.490132
1524047520000,8.7594,8.735,8.7505,8.7365,6198.24237168
1524047580000,8.7516,8.7365,8.7365,8.7516,168.59387056
1524047640000,8.7489,8.7365,8.7381,8.7489,1192.91171571
1524047700000,8.748,8.7365,8.7367,8.7365,572.08178871
1524047760000,8.7365,8.7365,8.7365,8.7365,592.4
1524047820000,8.7365,8.736,8.7365,8.736,809.78
1524047880000,8.736,8.736,8.736,8.736,35.37435406
1524048120000,8.7526,8.7377,8.7401,8.7526,259.31783563
1524048180000,8.7523,8.7365,8.7382,8.7523,482.1024
1524048240000,8.7402,8.7402,8.7402,8.7402,92.920665
1524048300000,8.77,8.7532,8.7532,8.7557,3895.30477831
1524048360000,8.7567,8.753,8.7548,8.7532,2130.5997327
1524048420000,8.7654,8.7437,8.7654,8.7592,1780.23922127
1524048480000,8.7585,8.7468,8.7584,8.7468,531.21095744
1524048540000,8.7694,8.7656,8.7656,8.7694,300
1524048600000,8.8416,8.7603,8.773,8.8201,33533.1921821
1524048660000,8.8229,8.7943,8.811,8.7943,3734.89567581
1524048720000,8.8124,8.8,8.8124,8.8,40.10644004
1524048780000,8.8109,8.8,8.8109,8.8056,1716.67341404
1524048840000,8.8088,8.8,8.8064,8.8001,237.09596833
1524048900000,8.7949,8.7892,8.7943,8.7949,620.1647835
1524048960000,8.801,8.7886,8.8,8.7886,864.61325608
1524049140000,8.79,8.79,8.79,8.79,150
1524049200000,8.7929,8.7801,8.79,8.7801,763.48255963
1524049260000,8.7925,8.7802,8.7802,8.7925,138
1524049320000,8.8,8.7908,8.7908,8.8,5000
1524049380000,8.8,8.7806,8.8,8.7806,5374.03194401
1524049440000,8.7909,8.7701,8.7802,8.77035935,4170.64211398
1524049500000,8.7784,8.77,8.7701,8.7772,1084.12815478
1524049560000,8.7767,8.77,8.77,8.7763,1292.89173493
1524049620000,8.8,8.7717,8.7754,8.7718,11423.12656822
1524049680000,8.7762,8.7745,8.7745,8.7761,1255.77695703
1524049740000,8.7726,8.7725,8.7725,8.7726,98.50527837
1524049800000,8.773,8.77,8.7717,8.77,1462.23694437
1524049860000,8.7822,8.77,8.77,8.7822,5274.82943516
1524049920000,8.7967,8.7825,8.7825,8.7967,2459.63772275
1524049980000,8.7926,8.785,8.792,8.785,7151.51163422
1524050040000,8.785,8.781,8.785,8.781,2855.79756198
1524050100000,8.7822,8.777,8.781,8.7822,1652.29096807
1524050220000,8.7817,8.7814,8.7817,8.7814,1536.91852234
1524050340000,8.8065,8.7932,8.7934,8.8064,679.54360851
1524050400000,8.809,8.7994,8.8083,8.809,156.186407
1524050460000,8.84,8.8097,8.8192,8.8357,15546.0234526
1524050520000,8.867,8.8321,8.8357,8.867,9161.96952471
1524050580000,8.8711,8.8551,8.8653,8.8699,4386.17943958
1524050640000,8.88838372,8.8553,8.8641,8.8817,9007.16205609
1524050700000,8.8833,8.8722,8.8818,8.879,1619.01855637
1524050760000,8.9542,8.8749,8.879,8.8944,70152.85532465
1524050820000,9.05911998,8.8927,8.8945,9,269933.38484131
1524050880000,9.0912,8.9848,9,9,146454.16114531
1524050940000,9.0633,9,9.0032,9.0161,62018.87625917
1524051000000,9.1149648,9.008,9.0159,9.0291,90131.71258532
1524051060000,9.0264,8.9721,9.0105,8.9721,12291.61836327
1524051120000,8.9721,8.93950557,8.9721,8.9465,11345.4353392
1524051180000,8.9522,8.9234,8.9521,8.9466,7019.48546741
1524051240000,8.964,8.9234,8.9439,8.9234,16118.18985565
1524051300000,8.9423,8.9155,8.9234,8.9374,7111.95650509
1524051360000,8.9303,8.9155,8.9188,8.9177,4021.01894926
1524051420000,8.9261,8.9165,8.9228,8.9165,831.857
1524051480000,8.9562,8.9348,8.9349,8.9537,9594.23289667
1524051540000,8.9629,8.95,8.9537,8.9609,6147.68118311
1524051600000,8.9723,8.95,8.95,8.97,8960.12219247
1524051660000,8.9704,8.9569,8.97,8.966,790.04845326
1524051720000,8.97,8.9602,8.966,8.9699,7059.5158
1524051780000,8.97851027,8.9574,8.9575,8.97851027,3765.0735639
1524051840000,8.99,8.979,8.979,8.989,6370.94434102
1524051900000,8.984,8.966,8.9815,8.966,2025.99674999
1524051960000,8.969,8.9597,8.9655,8.96,8483.9855539
1524052020000,8.955,8.9351,8.955,8.938,4462.3758619
1524052080000,8.938,8.92,8.9379,8.92,4383.97844582
1524052140000,8.9271,8.9155,8.9201,8.9271,3123.97463552
1524052200000,8.9431,8.92,8.92,8.9431,3000.56819949
1524052260000,8.9502,8.9429,8.9429,8.94805638,1115.76363917
1524052320000,8.949,8.9375,8.948,8.946,12482.32748624
1524052380000,8.9464,8.9375,8.946,8.9375,2395.83146979
1524052440000,8.9446,8.9289,8.9375,8.9289,6291.49063243
1524052500000,8.9386,8.9118,8.929,8.9232,3793.2963102
1524052560000,8.9224,8.9069,8.9124,8.9069,1473.51849079
1524052620000,8.917,8.901,8.9069,8.917,6035.41557698
1524052680000,8.9185,8.9033,8.9184,8.9183,699.3364107
1524052740000,8.9267,8.9183,8.9183,8.9267,1886.84348101
1524052800000,8.9271,8.914,8.92,8.914,1498.87541952
1524052860000,8.934,8.914,8.914,8.9234,4109.70852339
1524052920000,8.9357,8.9234,8.9234,8.93,5423.57947514
1524052980000,8.937,8.92,8.93,8.9293,6789.21753284
1524053040000,8.9299,8.914,8.92,8.9231,6076.55577169
1524053100000,8.9295,8.92,8.9295,8.92,1971.61350047
1524053160000,8.921,8.9201,8.921,8.9201,100
1524053220000,8.9224,8.92,8.9201,8.92,865.91056925
1524053280000,8.9323,8.9141,8.9233,8.9141,2515.28454034
1524053340000,8.9141,8.9034,8.9141,8.9115,3609.64787713
1524053400000,8.92,8.9032,8.9032,8.92,454.1772003
1524053460000,8.9193,8.904,8.9109,8.904,698.08953923
1524053520000,8.9177,8.9024,8.9091,8.9035,2766.00621931
1524053580000,8.9035,8.8873,8.9035,8.89,6055.35039034
1524053640000,8.8876,8.8852,8.8876,8.887,651.66531747
1524053700000,8.887,8.84,8.8852,8.8414,27268.58641835
1524053760000,8.8597,8.835,8.8439,8.8597,6457.71204935
1524053820000,8.87,8.845,8.86,8.845,5064.13443523
1524053880000,8.8757,8.845,8.845,8.845,7206.59967467
1524053940000,8.8669,8.8461,8.8668,8.8461,511
1524054000000,8.8888,8.8655,8.8655,8.8888,3807.7564287
1524054060000,8.8964,8.8717,8.8878,8.8947,1028.56757016
1524054120000,8.91842018,8.8849,8.8947,8.9066,2851.514
1524054180000,8.8924,8.8924,8.8924,8.8924,49.96
1524054240000,8.8961,8.8948,8.8961,8.8948,42.514
1524054300000,8.90813394,8.8799,8.8952,8.8799,10385.35846994
1524054360000,8.895,8.8801,8.8801,8.895,618.55703774
1524054420000,8.9023,8.8933,8.8934,8.9023,1126.2369048
1524054480000,8.8907,8.8816,8.8907,8.8895,2049.73245106
1524054540000,8.882,8.8601,8.882,8.8794,8307.28800543
1524054600000,8.8876,8.8874,8.8876,8.8875,437.97064163
1524054660000,8.89,8.8895,8.89,8.8898,62.92466731
1524054720000,8.8921,8.89,8.89,8.8921,814.37475912
1524054780000,8.8892,8.8884,8.8892,8.8884,34.79807778
1524054840000,8.8801,8.88,8.8801,8.88,979.43212606
1524054900000,8.8741,8.873,8.8741,8.873,215
1524054960000,8.8669,8.8634,8.8669,8.8634,176.123
1524055020000,8.8765,8.8669,8.8669,8.8765,618.3891
1524055080000,8.8763,8.8607,8.8669,8.8745,1031.58899464
1524055140000,8.8611,8.8606,8.8611,8.8606,466.845
1524055200000,8.8606,8.8501,8.8606,8.8504,884.128
1524055260000,8.8674,8.8501,8.8597,8.8502,2475.45007234
1524055320000,8.8594,8.8503,8.8503,8.8521,686.48188302
1524055380000,8.8521,8.839,8.8521,8.839,4941.11953992
1524055440000,8.8381,8.8265,8.838,8.8265,3566.90809938
1524055500000,8.8267,8.826,8.8265,8.8267,4983.13734584
1524055560000,8.8262,8.8199,8.825,8.82,3889.66751809
1524055620000,8.82,8.8149,8.8199,8.82,4850.54923923
1524055680000,8.82,8.816,8.818,8.816,1723.36199939
1524055740000,8.849,8.82,8.82,8.849,5718.0215139
1524055800000,8.8712,8.8492,8.8531,8.8516,11796.55895077
1524055860000,8.8794,8.8642,8.8642,8.8794,6857.4377205
1524055920000,8.8794,8.87,8.8701,8.8749,1050.61697635
1524055980000,8.8754,8.87,8.8701,8.871,1194.047
1524056040000,8.871,8.87,8.871,8.87,2068.63775181
1524056100000,8.8713,8.87,8.871,8.87,2496.19674824
1524056160000,8.8823,8.87,8.87,8.87,6588.49060614
1524056220000,8.8769,8.87,8.8769,8.87,247.53926751
1524056280000,8.87,8.87,8.87,8.87,596.64940449
1524056400000,8.884,8.8669,8.8802,8.8817,1584.82336689
1524056460000,8.89326226,8.8817,8.8817,8.884,8370.91666787
1524056520000,8.8894,8.886,8.886,8.887,1475.15139707
1524056580000,8.8919,8.8853,8.887,8.8883,3002.01304232
1524056640000,8.9,8.8883,8.8919,8.8992,8936.33944564
1524056700000,8.9109,8.8939,8.8991,8.9078,12620.00996567
1524056760000,8.9085,8.8941,8.9078,8.9049,909.62418542
1524056820000,8.9095,8.8921,8.8981,8.9067,3389.33704722
1524056880000,8.9095,8.9068,8.9095,8.9068,368.4909
1524056940000,8.9095,8.907,8.9094,8.907,520
1524057000000,8.91,8.9055,8.9096,8.9055,1409
1524057060000,8.9074,8.8948,8.9074,8.9043,4010.8748193
1524057120000,8.894,8.893,8.894,8.893,815.59089065
1524057180000,8.893,8.8903,8.893,8.8903,4996.25689601
1524057240000,8.9002,8.8902,8.8902,8.8902,4603.76443153
1524057300000,8.90017354,8.8902,8.891,8.90017354,1734.53966783
1524057360000,8.9029,8.8974,8.8974,8.9016,3507.32168072
1524057420000,8.9019,8.9,8.9008,8.9,1086.03060752
1524057480000,8.90094596,8.8815,8.9,8.8973,6737.19250814
1524057540000,8.8979,8.88,8.8972,8.8878,468.27742942
1524057600000,8.88,8.8692,8.88,8.8692,767.39559837
1524057660000,8.8891,8.8785,8.8785,8.881,2056.66366931
1524057720000,8.8929,8.881,8.8829,8.8929,355.82232535
1524057780000,8.8958,8.88,8.8958,8.88,17698.69905312
1524057840000,8.8615,8.85,8.8615,8.85,526.4507086
1524057900000,8.8611,8.8447,8.8499,8.8514,4769.36915433
1524057960000,8.862,8.8439,8.8611,8.8439,1113
1524058020000,8.859,8.849,8.8499,8.8516,1600.39609513
1524058200000,8.86,8.8504,8.86,8.86,56.67826072
1524058260000,8.86,8.86,8.86,8.86,99.34359584
1524058320000,8.86,8.8513,8.86,8.8513,90.5967053
1524058380000,8.8512,8.837,8.8512,8.837,9081.09573835
1524058440000,8.8369,8.8308,8.8369,8.8308,3260.91773713
1524058500000,8.8347,8.8079,8.8336,8.8344,12560.46564854
1524058560000,8.8345,8.8309,8.8344,8.8343,489.13
1524058620000,8.8358,8.825,8.825,8.8358,1055
1524058680000,8.8493,8.84,8.84,8.8493,3287.38219179
1524058740000,8.8336,8.8336,8.8336,8.8336,3
1524058860000,8.8427,8.8427,8.8427,8.8427,2
1524059040000,8.8486,8.84,8.84,8.8486,12
1524059100000,8.8478,8.8404,8.8478,8.8407,105.51357136
1524059400000,8.8416,8.8403,8.8407,8.8416,2002
1524059460000,8.834,8.8302,8.834,8.8302,200.89628438
1524059520000,8.8396,8.8396,8.8396,8.8396,15
1524059580000,8.8301,8.8228,8.8301,8.8228,285.53818922
1524059640000,8.83,8.8201,8.8201,8.83,335.13826627
1524059700000,8.8404,8.8298,8.8299,8.8404,1495.75040849
1524059760000,8.862,8.82125857,8.845,8.8609,6847.36244392
1524059820000,8.86,8.85992492,8.86,8.85992492,110.69936445
1524059880000,8.8685,8.8501,8.862,8.8501,288.83138705
1524059940000,8.8596,8.8421,8.859,8.8421,193.56675776
1524060000000,8.8498,8.8438,8.8439,8.8448,1120.05783675
1524060060000,8.8676,8.8448,8.8448,8.8676,2338.64166082
1524060120000,8.8677,8.8494,8.8637,8.8675,751.23166249
1524060180000,8.8554,8.8491,8.8554,8.8491,1000
1524060240000,8.8498,8.849,8.8498,8.849,1466.791
1524060360000,8.8421,8.8276,8.8421,8.8379,3285.93347738
1524060420000,8.8414,8.8302,8.8302,8.8414,46.4189711
1524060480000,8.8278,8.8215,8.8278,8.8215,1010.42534284
1524060540000,8.8421,8.84,8.8421,8.8416,335.20212311
1524060600000,8.8434,8.8411,8.8416,8.8434,379.55079059
1524060660000,8.8598,8.8426,8.8434,8.8598,398
1524060720000,8.85930527,8.8589,8.8592,8.859,1070
1524060780000,8.8644,8.8597,8.8597,8.8644,1000
1524060840000,8.855,8.855,8.855,8.855,190
1524060900000,8.8593,8.8589,8.8589,8.8593,45.57944362
1524061080000,8.8588,8.8574,8.8575,8.8588,406.60982324
1524061140000,8.8583,8.8583,8.8583,8.8583,102
1524061260000,8.856,8.856,8.856,8.856,30
1524061320000,8.85,8.8481,8.85,8.8481,150.11299434
1524061380000,8.855,8.842,8.8547,8.855,1461.62585784
1524061440000,8.865,8.858,8.858,8.865,1428.39655697
1524061500000,8.8542,8.85,8.8542,8.85,593.70069211
1524061560000,8.8639,8.8639,8.8639,8.8639,10
1524061620000,8.8649,8.8424,8.86412636,8.8614,5441.7440807
1524061680000,8.8649,8.849,8.8649,8.849,1864.34581305
1524061740000,8.861,8.849,8.86,8.85,3257.32666668
1524061800000,8.8599,8.85,8.8594,8.8599,3574.32954001
1524061860000,8.8599,8.8391,8.849,8.8407,3746.29603371
1524061920000,8.8551,8.8426,8.854,8.8428,2979.66424052
1524061980000,8.852,8.8334,8.8495,8.8335,2004.39168176
1524062040000,8.8478,8.8309,8.8309,8.8478,973.71719853
1524062100000,8.84,8.8341,8.84,8.84,448.98398836
1524062160000,8.84,8.8397,8.84,8.8397,2348.86525627
1524062220000,8.8397,8.83,8.8397,8.83,3090.21802728
1524062280000,8.84,8.8254,8.83,8.84,2263.60579903
1524062340000,8.84,8.8247,8.8271,8.8341,1260.886495
1524062400000,8.8264,8.7802,8.8264,8.8,44348.98227265
1524062460000,8.818,8.7999,8.8,8.8174,10158.79027827
1524062580000,8.8099,8.8037,8.8051,8.809,6146.22314053
1524062640000,8.82,8.809,8.809,8.82,6596.00021869
1524062700000,8.8262,8.8061,8.8198,8.8061,17410.19283653
1524062760000,8.8213,8.79535706,8.804,8.803,6983.11101719
1524062820000,8.8168,8.8067,8.8099,8.8067,1527.97981063
1524062880000,8.8247,8.8067,8.8067,8.8247,1598.0432
1524062940000,8.8177,8.8174,8.8174,8.8177,1204.02665068
1524063000000,8.85,8.8183,8.8186,8.8399,20425.6011386
1524063060000,8.8823,8.8266,8.83506196,8.8305,35654.24448113
1524063120000,8.8452,8.8228,8.8386,8.8228,5495.56199077
1524063180000,8.835,8.8349,8.8349,8.835,150.41740301
1524063240000,8.8266,8.7966,8.8266,8.7966,10000
1524063300000,8.822,8.805,8.814,8.822,4139.10420715
1524063360000,8.8064,8.79,8.8064,8.79,729.62188756
1524063420000,8.79,8.76449833,8.79,8.7646,7656.87432025
1524063480000,8.7647,8.691,8.7647,8.6911,45911.82612918
1524063540000,8.6999,8.6538,8.6911,8.6772,40779.51853574
1524063600000,8.7262,8.66399059,8.676,8.7262,12288.99009336
1524063660000,8.717,8.6647,8.716,8.6648,5274.45194672
1524063720000,8.7153,8.6646,8.6648,8.71427149,12326.1832397
1524063780000,8.70989712,8.6925,8.7026,8.6934,1467.99491
1524063840000,8.7046,8.6777,8.696,8.6788,3338.25866105
1524063900000,8.71,8.6755,8.6888,8.71,8994.16318633
1524063960000,8.72,8.68,8.6982,8.68,8450.68564954
1524064020000,8.6913,8.68005305,8.68005305,8.6913,855.5009234
1524064080000,8.71,8.6971,8.6971,8.6971,712.56349893
1524064140000,8.698,8.6704,8.698,8.6926,17255.14848303
1524064200000,8.6927,8.6798,8.6926,8.6798,751.701
1524064260000,8.6968,8.6601,8.682,8.6941,33731.20107871
1524064320000,8.6815,8.6764,8.6814,8.6764,1005.70784379
1524064380000,8.6977,8.6644,8.6783,8.6967,8390.69412728
1524064440000,8.7091,8.6737,8.6904,8.7091,10747.27498479
1524064500000,8.7074,8.6949,8.7072,8.6949,2213.21557985
1524064560000,8.73657025,8.688,8.6936,8.73657025,16021.60519743
1524064620000,8.745,8.7367,8.7368,8.745,6555.43306132
1524064680000,8.745,8.745,8.745,8.745,14925.03641927
1524064740000,8.745,8.7449,8.745,8.745,17151.45637358
1524064800000,8.75,8.7449,8.7449,8.75,16970.57396812
1524064860000,8.75,8.7499,8.75,8.75,13345.24109142
1524064920000,8.75,8.75,8.75,8.75,5117.67253872
1524064980000,8.75,8.74,8.75,8.74,8262.21783571
1524065040000,8.75,8.74,8.74,8.74,1269
1524065100000,8.74,8.7217,8.74,8.7217,2888.8335
1524065160000,8.722,8.7192,8.722,8.7192,1761.6163793
1524065220000,8.7398,8.7099,8.711,8.7397,5088.56733236
1524065280000,8.74,8.7262,8.7262,8.7388,618.01138099
1524065340000,8.73,8.73,8.73,8.73,280.85728861
1524065400000,8.75,8.7247,8.73,8.75,2620.98858075
1524065460000,8.75,8.7461,8.75,8.75,13963.44130493
1524065520000,8.7839,8.75,8.75,8.7716,29126.22986029
1524065580000,8.7764,8.77,8.7705,8.7764,5970.70566626
1524065640000,8.7848,8.776,8.776,8.7848,8424.15906558
1524065700000,8.7843,8.77,8.7842,8.77,6924.46540593
1524065760000,8.7848,8.77,8.775,8.774,4054.21203291
1524065820000,8.7784,8.76,8.76,8.77,997.96739942
1524065880000,8.769,8.7509,8.769,8.76,1890.30000008
1524065940000,8.7801,8.7672,8.7672,8.7801,2388.40995203
1524066000000,8.782,8.7801,8.7801,8.782,1767.80000046
1524066060000,8.7904,8.7799,8.7819,8.7799,1649.99999983
1524066180000,8.78,8.756,8.779,8.756,1304.95420491
1524066240000,8.7549,8.733,8.7505,8.7398,3917.45568746
1524066300000,8.7534,8.7303,8.74,8.7508,6128.27461292
1524066360000,8.7499,8.7382,8.7499,8.7495,185.5
1524066420000,8.7736,8.7492,8.7492,8.7584,2160.90289564
1524066480000,8.7689,8.7591,8.7591,8.7641,677.59392673
1524066540000,8.7736,8.7712,8.7712,8.7736,317.112339
1524066600000,8.7731,8.7731,8.7731,8.7731,271.8
1524066660000,8.787,8.773,8.7731,8.787,2660.83315611
1524066720000,8.7948,8.787,8.787,8.7948,207.36954213
1524066780000,8.7919,8.78,8.783,8.7919,485.18757469
1524066840000,8.7897,8.7868,8.789,8.7897,1073.57659041
1524066900000,8.7897,8.7883,8.7897,8.7883,95.33992802
1524066960000,8.7888,8.7883,8.7883,8.7883,429.48662455
1524067020000,8.7888,8.7878,8.7883,8.7888,321
1524067080000,8.782,8.782,8.782,8.782,44.4711
1524067140000,8.7887,8.76,8.7887,8.76,1598.1299
