1554739200,82.66,82.42,82.49,82.66,28.35431
1554739260,82.77,82.66,82.66,82.77,82.91163
1554739320,82.91,82.77,82.77,82.82,39.75526
1554739380,82.95,82.67,82.82,82.86,169.1857
1554739440,83,82.82,82.86,82.83,29.73281
1554739500,82.88,82.83,82.88,82.83,23.21913
1554739560,82.93,82.84,82.88,82.93,34.03061
1554739620,82.93,82.84,82.93,82.9,31.34805
1554739680,82.91,82.83,82.87,82.83,63.0537
1554739740,82.9,82.78,82.87,82.89,112.84158
1554739800,82.81,82.73,82.81,82.81,44.91592
1554739860,82.66,82.57,82.59,82.66,11.1864
1554739920,82.55,82.5,82.55,82.5,6.10668
1554739980,82.5,82.23,82.5,82.3,20.2371
1554740040,82.45,82.3,82.3,82.36,27.386
1554740100,82.4,82.28,82.38,82.3,16.83159
1554740160,82.37,82.3,82.3,82.37,26.99218
1554740220,82.38,82.33,82.33,82.37,6.73642
1554740280,82.31,82.15,82.31,82.23,56.24168
1554740340,82.19,82.15,82.19,82.15,12.69473
1554740400,82.48,82.11,82.18,82.46,130.83097
1554740460,82.56,82.48,82.49,82.48,4.13937
1554740520,82.41,82.22,82.41,82.22,19.47051
1554740580,82.22,82.17,82.2,82.22,8.47552
1554740640,82.46,82.16,82.16,82.31,104.51615
1554740700,82.7,82.39,82.39,82.7,7.35689
1554740760,82.91,82.64,82.69,82.89,37.1414
1554740820,82.91,82.85,82.89,82.87,66.9099
1554740880,82.82,82.21,82.82,82.21,143.47952
1554740940,82.22,82.1,82.22,82.16,17.25279
1554741000,82.73,82.17,82.18,82.67,271.13924
1554741060,82.87,82.69,82.72,82.69,11.24651
1554741120,82.8,82.74,82.78,82.79,46.19632
1554741180,82.78,82.49,82.74,82.64,53.2403
1554741240,82.66,82.16,82.63,82.19,53.16316
1554741300,82.25,81.89,82.25,82.05,45.78986
1554741360,82.11,81.91,82,82.07,231.18365
1554741420,82.19,81.87,81.99,81.87,58.98296
1554741480,82.11,81.79,81.87,82.02,63.81688
1554741540,82.07,81.88,82.02,81.9,60.46352
1554741600,82.05,81.9,81.91,82.05,8.21538
1554741660,82.07,81.92,81.92,82.07,88.73989
1554741720,82.04,81.79,82.04,81.92,13.66241
1554741780,81.92,81.62,81.92,81.78,8.12622
1554741840,81.7,81.3,81.65,81.46,136.84241
1554741900,82.37,81.35,81.46,82.02,318.33139
1554741960,82.02,81.85,81.88,81.92,25.21872
1554742020,81.99,81.8,81.8,81.86,34.94759
1554742080,81.84,81.31,81.84,81.61,270.06702
1554742140,82.14,81.72,81.72,82.07,60.39586
1554742200,82.31,81.29,82,81.44,409.57108
1554742260,81.51,81.33,81.48,81.47,93.87568
1554742320,81.55,81.36,81.47,81.38,186.97252
1554742380,81.64,81.42,81.42,81.64,59.49402
1554742440,81.76,81.58,81.59,81.7,51.69273
1554742500,81.97,81.72,81.73,81.97,65.99765
1554742560,82.31,82.02,82.02,82.31,95.19781
1554742620,82.32,82.02,82.31,82.22,76.28801
1554742680,82.61,82.31,82.33,82.56,81.72104
1554742740,82.56,82.34,82.48,82.34,64.03941
1554742800,82.43,81.89,82.43,81.96,303.86805
1554742860,81.96,81.8,81.91,81.85,137.06474
1554742920,81.91,81.81,81.82,81.84,80.47318
1554742980,81.95,81.84,81.87,81.9,85.14913
1554743040,81.95,81.87,81.9,81.9,90.13117
1554743100,81.89,81.74,81.88,81.74,295.20761
1554743160,81.78,81.75,81.77,81.77,61.93328
1554743220,81.78,81.7,81.75,81.73,139.87084
1554743280,81.93,81.72,81.77,81.84,124.39682
1554743340,81.86,81.68,81.86,81.78,67.02847
1554743400,81.87,81.61,81.78,81.69,122.86978
1554743460,81.83,81.67,81.67,81.73,37.52831
1554743520,81.85,81.74,81.74,81.76,171.27656
1554743580,81.82,81.76,81.82,81.81,92.78969
1554743640,81.86,81.78,81.79,81.79,12.38431
1554743700,81.79,81.74,81.79,81.76,46.15406
1554743760,81.75,81.72,81.75,81.72,25.09019
1554743820,81.76,81.72,81.72,81.76,30.88261
1554743880,81.77,81.72,81.75,81.76,15.33288
1554743940,81.81,81.75,81.76,81.79,11.54453
1554744000,81.81,81.8,81.8,81.81,11.22285
1554744060,81.84,81.78,81.84,81.78,18.14909
1554744120,81.78,81.78,81.78,81.78,0
1554744180,81.86,81.79,81.79,81.86,11.00423
1554744240,81.86,81.8,81.8,81.86,64.33525
1554744300,81.78,81.69,81.78,81.69,43.79809
1554744360,81.67,81.67,81.67,81.67,0.58441
1554744420,81.72,81.64,81.68,81.72,16.45219
1554744480,81.72,81.67,81.71,81.71,17.54301
1554744540,81.69,81.64,81.64,81.64,64.51027
1554744600,81.7,81.64,81.65,81.7,28.94845
1554744660,81.72,81.67,81.67,81.67,18.39484
1554744720,82.29,81.73,81.73,82.29,181.24299
1554744780,82.27,82.07,82.2,82.07,34.68366
1554744840,82.14,82.13,82.14,82.13,20.3825
1554744900,82.1,81.99,82.1,81.99,5.99524
1554744960,81.93,81.82,81.91,81.84,16.7696
1554745020,81.83,81.71,81.8,81.72,53.39306
1554745080,81.76,81.7,81.75,81.76,10.45162
1554745140,81.84,81.75,81.75,81.84,6.89965
1554745200,81.81,81.81,81.81,81.81,0.244
1554745260,81.85,81.81,81.85,81.81,6.42767
1554745320,81.86,81.69,81.86,81.75,32.76201
1554745380,81.72,81.7,81.72,81.72,5.99154
1554745440,81.73,81.72,81.72,81.72,5.83451
1554745500,81.75,81.72,81.75,81.72,6.44548
1554745560,81.84,81.72,81.72,81.83,12.77257
1554745620,81.89,81.84,81.85,81.84,38.70324
1554745680,81.88,81.68,81.83,81.74,11.37735
1554745740,81.64,81.64,81.64,81.64,1.6128
1554745800,81.67,81.64,81.64,81.67,2.78177
1554745860,81.69,81.69,81.69,81.69,11.28122
1554745920,81.67,81.65,81.67,81.65,5.07238
1554745980,81.69,81.64,81.65,81.68,11.73106
1554746040,81.71,81.67,81.67,81.71,6.86204
1554746100,81.73,81.68,81.73,81.7,4.15424
1554746160,81.73,81.73,81.73,81.73,0.08401
1554746220,81.79,81.79,81.79,81.79,3.20029
1554746280,81.74,81.66,81.74,81.72,8.1246
1554746340,81.71,81.71,81.71,81.71,2.78376
1554746400,81.73,81.7,81.71,81.73,56.25402
1554746460,81.87,81.76,81.8,81.84,13.16882
1554746520,81.88,81.8,81.85,81.88,8.76598
1554746580,81.9,81.88,81.9,81.9,13.82939
1554746640,81.93,81.89,81.89,81.93,12.78704
1554746700,82.01,81.91,81.94,81.94,14.92955
1554746760,81.87,81.86,81.87,81.86,4.80978
1554746820,81.86,81.83,81.86,81.84,8.04144
1554746880,81.86,81.8,81.85,81.86,32.35474
1554746940,82.09,81.87,81.87,82.02,26.10732
1554747000,82.15,82.04,82.05,82.14,127.92723
1554747060,82.14,81.88,82.12,81.97,134.67197
1554747120,82.01,82.01,82.01,82.01,2.41188
1554747180,81.98,81.92,81.98,81.92,5.19955
1554747240,81.93,81.93,81.93,81.93,4.00919
1554747300,81.98,81.92,81.92,81.98,8.2017
1554747360,82.05,81.95,81.95,82.05,7.5568
1554747420,82.05,82,82,82.05,27.10723
1554747480,82.05,82.05,82.05,82.05,0
1554747540,82.22,82.07,82.07,82.22,28.32874
1554747600,82.24,82.09,82.21,82.09,108.24264
1554747660,82.07,81.95,82.07,81.97,13.3624
1554747720,82.08,81.97,81.97,82.08,74.83081
1554747780,82.11,82.07,82.11,82.07,8.46205
1554747840,82.04,81.98,82.04,81.98,9.36138
1554747900,81.98,81.91,81.98,81.93,20.77928
1554747960,81.95,81.85,81.95,81.85,95.0943
1554748020,81.83,81.7,81.77,81.7,11.16978
1554748080,82.07,81.7,81.7,82.07,110.59032
1554748140,82.14,82.06,82.08,82.06,5.03889
1554748200,82.09,82.08,82.08,82.08,14.36998
1554748260,82.14,82.09,82.09,82.1,3.54099
1554748320,82.06,81.77,82.06,81.8,143.96913
1554748380,81.76,81.66,81.76,81.76,24.8238
1554748440,82.16,81.77,81.77,82.16,183.29565
1554748500,82.25,82.16,82.2,82.23,9.48376
1554748560,82.18,82.05,82.16,82.05,61.02016
1554748620,81.97,81.92,81.97,81.92,3.8818
1554748680,82.07,81.99,81.99,82.06,6.28198
1554748740,82.07,82.06,82.06,82.07,5.60625
1554748800,82.02,82,82.01,82.02,2.43298
1554748860,81.99,81.99,81.99,81.99,1.84408
1554748920,81.99,81.99,81.99,81.99,1.48205
1554748980,81.91,81.91,81.91,81.91,0.8586
1554749040,81.85,81.64,81.85,81.67,144.97553
1554749100,81.68,81.64,81.64,81.68,6.13795
1554749160,81.68,81.64,81.68,81.64,25.95267
1554749220,81.78,81.64,81.71,81.78,98.19063
1554749280,81.95,81.72,81.72,81.95,5.31176
1554749340,82.2,82.03,82.03,82.06,96.58563
1554749400,82.06,81.96,82.06,82.03,29.71002
1554749460,82.05,82.01,82.01,82.02,7.35502
1554749520,82.07,82.02,82.02,82.07,8.2312
1554749580,82.56,82.12,82.12,82.56,325.19085
1554749640,82.7,82.08,82.56,82.1,212.85354
1554749700,82.02,81.73,82.02,81.95,246.55165
1554749760,82.07,81.96,81.96,82.07,64.74315
1554749820,82.13,82.07,82.07,82.13,5.69738
1554749880,82.21,82.12,82.12,82.21,7.38243
1554749940,82.26,82.18,82.26,82.22,8.40197
1554750000,82.21,82.09,82.14,82.13,78.77969
1554750060,82.2,82.13,82.16,82.16,12.92595
1554750120,82.23,81.95,82.23,81.96,33.66221
1554750180,81.96,81.89,81.96,81.91,10.68326
1554750240,82.07,82.07,82.07,82.07,2.48578
1554750300,82.1,82.1,82.1,82.1,0.76579
1554750360,82.05,81.94,82.04,82.05,45.31843
1554750420,82.2,82.01,82.03,82.15,132.7577
1554750480,82.27,82.15,82.16,82.27,40.75579
1554750540,82.39,82.08,82.27,82.08,286.59668
1554750600,82.09,82.02,82.06,82.05,17.67847
1554750660,82.05,82.01,82.05,82.04,6.28818
1554750720,82.02,81.97,82.01,81.97,31.83992
1554750780,82.65,82.02,82.02,82.59,227.57902
1554750840,82.59,82.46,82.56,82.54,43.44293
1554750900,82.55,82.43,82.55,82.47,111.93153
1554750960,82.63,82.52,82.55,82.53,12.15194
1554751020,82.7,82.14,82.7,82.23,86.71128
1554751080,82.22,81.97,82.2,82.04,39.43329
1554751140,82.26,82.05,82.05,82.26,32.38529
1554751200,82.8,82.25,82.25,82.62,207.72765
1554751260,82.62,82.38,82.62,82.38,186.28204
1554751320,82.47,82.24,82.47,82.24,54.89674
1554751380,82.21,81.83,82.21,81.92,147.68391
1554751440,82.16,81.91,81.92,82.16,95.57199
1554751500,82.5,82.16,82.25,82.39,132.92193
1554751560,82.45,82.16,82.4,82.22,116.93663
1554751620,82.22,82.1,82.22,82.17,13.3452
1554751680,82.1,81.7,82.1,81.85,343.03597
1554751740,82.12,81.81,81.83,82.11,41.98705
1554751800,82.68,82.15,82.15,82.59,340.90328
1554751860,82.63,82.34,82.59,82.34,58.81053
1554751920,82.48,82.34,82.34,82.48,30.42908
1554751980,82.5,82.44,82.48,82.44,12.63229
1554752040,82.45,82.4,82.45,82.43,35.37838
1554752100,82.42,82.27,82.42,82.33,25.63234
1554752160,82.38,82.31,82.37,82.32,7.70965
1554752220,82.31,81.92,82.31,82.01,82.75126
1554752280,82.1,82.01,82.1,82.01,17.42561
1554752340,82.08,81.94,82.02,81.98,32.29655
1554752400,81.95,81.83,81.95,81.83,111.10901
1554752460,81.83,81.7,81.75,81.82,33.38965
1554752520,81.86,81.79,81.79,81.8,17.89571
1554752580,81.98,81.76,81.86,81.98,97.88324
1554752640,82.05,81.89,81.89,82.05,2.92798
1554752700,82.43,82.03,82.03,82.29,62.91084
1554752760,82.33,82.09,82.33,82.09,36.86632
1554752820,82.1,82,82.01,82.09,26.81841
1554752880,82.18,82.1,82.14,82.14,99.15684
1554752940,82.18,82.1,82.15,82.11,22.39536
1554753000,82.17,81.72,82.17,81.74,314.01313
1554753060,82.46,81.74,81.74,81.95,645.45164
1554753120,82.01,81.95,81.95,81.97,37.43923
1554753180,82.07,81.98,81.98,82.07,19.38744
1554753240,82.07,82.07,82.07,82.07,0
1554753300,82.13,82.07,82.13,82.08,9.0135
1554753360,82.15,81.99,82.12,82.14,117.58637
1554753420,82.22,82.13,82.22,82.13,12.15709
1554753480,82.21,82.09,82.21,82.14,24.23112
1554753540,82.14,82.04,82.11,82.08,25.0754
1554753600,82.02,82,82.01,82,17.35699
1554753660,82.08,82,82.01,82.01,9.03005
1554753720,81.98,81.92,81.98,81.94,17.87313
1554753780,81.94,81.85,81.94,81.86,54.3757
1554753840,82.06,81.47,81.85,81.94,433.62883
1554753900,82.05,81.89,81.94,82.05,59.16999
1554753960,82.08,81.92,81.97,82.03,40.62026
1554754020,82.03,81.45,82.03,81.56,331.68969
1554754080,82.29,81.62,81.68,82.11,364.32092
1554754140,82.14,82.06,82.06,82.09,12.67997
1554754200,82.18,82.08,82.14,82.18,27.63599
1554754260,82.21,82.14,82.18,82.17,29.92821
1554754320,82.17,82.1,82.12,82.1,20.93424
1554754380,82.15,82.1,82.14,82.11,23.32265
1554754440,82.15,81.75,82.13,81.75,306.13257
1554754500,82.22,81.72,81.72,82.22,171.01795
1554754560,82.28,82.18,82.2,82.23,17.11409
1554754620,82.23,82.2,82.23,82.23,18.74901
1554754680,82.17,81.81,82.14,81.87,137.84277
1554754740,81.93,81.7,81.93,81.82,150.99605
1554754800,81.89,81.71,81.83,81.72,24.90513
1554754860,82.05,81.8,81.8,82.05,79.50582
1554754920,82.2,81.97,82.05,82.11,109.33796
1554754980,82.11,81.9,82.11,81.93,46.79337
1554755040,81.95,81.88,81.92,81.88,31.84172
1554755100,81.94,81.91,81.94,81.91,3.99354
1554755160,81.97,81.9,81.91,81.97,55.06615
1554755220,82.06,81.92,81.96,82.06,42.48113
1554755280,82.5,82.06,82.06,82.49,130.2323
1554755340,82.41,81.76,82.41,82.01,952.71656
1554755400,82.14,81.55,82.14,81.95,333.98583
1554755460,81.89,81.7,81.88,81.8,21.91397
1554755520,81.94,81.7,81.8,81.71,113.28657
1554755580,81.75,81.69,81.71,81.74,14.5593
1554755640,81.86,81.73,81.78,81.86,29.44484
1554755700,81.86,81.66,81.86,81.71,33.82912
1554755760,81.74,81.61,81.66,81.69,43.24527
1554755820,81.73,81.66,81.73,81.67,3.75198
1554755880,81.88,81.74,81.78,81.88,48.28757
1554755940,81.88,81.88,81.88,81.88,0
1554756000,81.82,81.62,81.82,81.67,38.54906
1554756060,81.73,81.66,81.66,81.73,1.54415
1554756120,81.85,81.69,81.69,81.85,65.4224
1554756180,81.89,81.88,81.89,81.88,24.55132
1554756240,81.9,81.82,81.88,81.82,49.59771
1554756300,81.83,81.77,81.77,81.77,22.20437
1554756360,82.08,81.86,81.86,82.04,21.47559
1554756420,82.14,81.96,82.03,82.05,88.8215
1554756480,82.23,82.08,82.08,82.18,63.21125
1554756540,82.28,82.22,82.22,82.23,385.71184
1554756600,82.14,82.02,82.14,82.02,17.28283
1554756660,82.11,82.04,82.1,82.06,37.43325
1554756720,82.1,82.05,82.05,82.05,18.7731
1554756780,82.17,81.96,82.06,81.96,269.2605
1554756840,81.99,81.8,81.93,81.92,88.00332
1554756900,82.21,81.99,81.99,82.21,34.78693
1554756960,82.21,82.18,82.18,82.2,15.54468
1554757020,82.18,82.07,82.18,82.09,80.61501
1554757080,82.09,82.03,82.09,82.06,22.95679
1554757140,82.08,82,82.01,82.08,41.27415
1554757200,82.25,82.04,82.04,82.17,90.89597
1554757260,82.49,82.17,82.17,82.49,83.19225
1554757320,82.58,82.47,82.5,82.58,129.79158
1554757380,82.61,82.53,82.54,82.59,46.82732
1554757440,82.5,82.11,82.5,82.13,234.8563
1554757500,82.22,82.13,82.13,82.22,43.24528
1554757560,82.5,82.2,82.2,82.3,169.75306
1554757620,82.54,82.37,82.44,82.43,152.77279
1554757680,82.53,82.37,82.38,82.53,132.47807
1554757740,82.54,82.47,82.54,82.5,49.1618
1554757800,82.62,82.51,82.53,82.52,301.36513
1554757860,82.54,82.48,82.51,82.53,39.11846
1554757920,82.48,82.3,82.45,82.31,48.61295
1554757980,82.35,82.28,82.31,82.29,44.11567
1554758040,82.36,82.29,82.36,82.33,50.18676
1554758100,82.39,82.29,82.29,82.36,41.68333
1554758160,82.36,82.29,82.34,82.3,80.82094
1554758220,82.3,82.14,82.3,82.3,40.63727
1554758280,82.21,82.14,82.21,82.19,17.98632
1554758340,82.24,82.16,82.16,82.24,7.21433
1554758400,82.23,82.14,82.18,82.17,21.11651
1554758460,82.21,82.05,82.2,82.05,30.29044
1554758520,82.07,81.96,82.05,81.96,40.70359
1554758580,82.05,81.92,81.92,82.05,78.38832
1554758640,82.16,82.08,82.08,82.08,21.06765
1554758700,82.06,82.02,82.06,82.06,14.82513
1554758760,82.06,82.04,82.06,82.06,8.52021
1554758820,82.06,82.02,82.02,82.06,12.30903
1554758880,82.06,82.01,82.01,82.06,18.25802
1554758940,82.07,82.02,82.02,82.07,23.61364
1554759000,82.18,82.11,82.13,82.16,96.68335
1554759060,82.28,82.18,82.18,82.21,10.63582
1554759120,82.28,82.28,82.28,82.28,8.70001
1554759180,82.27,82.22,82.25,82.27,13.20929
1554759240,82.33,82.23,82.33,82.23,8.54502
1554759300,82.3,82.26,82.26,82.3,15.97853
1554759360,82.26,82.26,82.26,82.26,7.87453
1554759420,82.56,82.29,82.29,82.56,146.37675
1554759480,82.6,82.45,82.52,82.6,32.29898
1554759540,82.75,82.61,82.72,82.73,21.16506
1554759600,82.64,82.46,82.64,82.48,158.8017
1554759660,82.4,82.28,82.39,82.38,20.35232
1554759720,82.32,82.3,82.32,82.3,3.24228
1554759780,82.26,82.24,82.26,82.24,3.20291
1554759840,82.31,82.23,82.24,82.28,68.00298
1554759900,82.32,82.24,82.24,82.32,15.4423
1554759960,82.5,82.28,82.29,82.46,89.27634
1554760020,82.54,82.45,82.46,82.52,56.60909
1554760080,82.54,82.47,82.54,82.53,4.52247
1554760140,82.51,82.49,82.49,82.51,9.87276
1554760200,82.54,82.53,82.53,82.54,1.66087
1554760260,82.53,82.47,82.52,82.53,15.01889
1554760320,82.54,82.51,82.51,82.54,73.80915
1554760380,82.79,82.54,82.54,82.79,20.82054
1554760440,82.78,82.69,82.76,82.69,33.11629
1554760500,82.73,82.73,82.73,82.73,3.75841
1554760560,82.72,82.6,82.72,82.6,10.41779
1554760620,82.71,82.63,82.7,82.65,81.16438
1554760680,82.67,82.59,82.66,82.65,14.18921
1554760740,82.71,82.65,82.65,82.71,10.17248
1554760800,82.71,82.65,82.65,82.68,13.00747
1554760860,82.74,82.69,82.73,82.7,28.75568
1554760920,82.74,82.63,82.7,82.63,63.85651
1554760980,82.72,82.61,82.72,82.61,38.18455
1554761040,82.64,82.51,82.64,82.6,51.05702
1554761100,83,82.6,82.6,82.99,222.56099
1554761160,83,82.55,83,82.68,354.72644
1554761220,82.67,82.51,82.67,82.51,14.63752
1554761280,82.7,82.33,82.57,82.53,148.40473
1554761340,82.54,82.46,82.46,82.53,70.21851
1554761400,82.55,82.4,82.55,82.48,12.13283
1554761460,82.49,82.45,82.48,82.45,6.07757
1554761520,82.5,82.4,82.46,82.43,28.59039
1554761580,82.49,82.43,82.44,82.49,14.11173
1554761640,82.51,82.43,82.5,82.43,25.62956
1554761700,82.73,82.45,82.45,82.73,140.40781
1554761760,82.77,82.7,82.77,82.74,10.74305
1554761820,82.72,82.54,82.71,82.59,94.94611
1554761880,82.65,82.57,82.6,82.65,19.34479
1554761940,82.71,82.59,82.71,82.59,24.26174
1554762000,82.87,82.6,82.6,82.87,38.00205
1554762060,82.88,82.79,82.88,82.79,13.52409
1554762120,82.77,82.71,82.71,82.77,15.14959
1554762180,82.79,82.74,82.74,82.79,7.06792
1554762240,82.78,82.67,82.71,82.73,16.09631
1554762300,82.81,82.75,82.78,82.81,6.80714
1554762360,82.73,82.51,82.73,82.6,73.22349
1554762420,82.78,82.58,82.63,82.58,6.28431
1554762480,82.59,82.5,82.58,82.5,9.81331
1554762540,82.52,82.35,82.52,82.35,27.47414
1554762600,82.36,82.33,82.35,82.36,111.22368
1554762660,82.42,82.39,82.39,82.42,9.82498
1554762720,82.48,82.34,82.39,82.48,32.34957
1554762780,82.65,82.56,82.56,82.58,8.48733
1554762840,82.67,82.5,82.61,82.51,39.68875
1554762900,82.62,82.53,82.62,82.58,9.76533
1554762960,82.58,82.58,82.58,82.58,0
1554763020,82.77,82.6,82.6,82.77,53.60376
1554763080,83.07,82.78,82.78,82.95,197.88824
1554763140,82.97,82.7,82.94,82.7,26.84809
1554763200,82.73,82.67,82.73,82.7,63.90913
1554763260,82.71,82.69,82.69,82.71,8.40918
1554763320,82.74,82.65,82.69,82.73,19.00603
1554763380,82.71,82.71,82.71,82.71,6.35415
1554763440,82.71,82.64,82.66,82.71,6.06287
1554763500,82.69,82.63,82.63,82.67,19.22946
1554763560,82.68,82.38,82.68,82.59,202.71951
1554763620,82.49,82.41,82.49,82.45,2.08193
1554763680,82.48,82.38,82.39,82.42,18.50385
1554763740,82.57,82.43,82.43,82.57,29.96731
1554763800,82.57,82.54,82.55,82.54,7.50634
1554763860,82.58,82.49,82.5,82.58,17.58212
1554763920,82.68,82.61,82.61,82.62,10.50096
1554763980,82.63,82.53,82.63,82.56,12.89822
1554764040,82.63,82.61,82.61,82.62,25.93943
1554764100,82.75,82.65,82.66,82.75,20.4618
1554764160,82.74,82.54,82.73,82.54,68.69147
1554764220,82.59,82.49,82.49,82.59,7.70003
1554764280,82.59,82.49,82.59,82.57,11.13955
1554764340,82.61,82.53,82.57,82.61,21.14234
1554764400,82.48,82.29,82.48,82.29,86.49506
1554764460,82.29,82,82.28,82.16,98.50622
1554764520,82.23,82.03,82.18,82.23,157.94908
1554764580,82.37,82.27,82.27,82.32,96.61895
1554764640,82.31,82.23,82.23,82.25,10.73199
1554764700,82.25,82.1,82.25,82.17,69.41826
1554764760,82.26,82.18,82.18,82.26,6.69423
1554764820,82.45,82.27,82.27,82.45,13.2137
1554764880,82.45,82.22,82.45,82.24,20.57016
1554764940,82.34,82.17,82.22,82.32,39.88884
1554765000,82.37,82.32,82.32,82.34,26.89526
1554765060,82.44,82.31,82.34,82.31,162.04435
1554765120,82.38,82.27,82.38,82.3,30.27625
1554765180,82.33,82.29,82.3,82.32,78.40032
1554765240,82.45,82.38,82.38,82.45,16.00188
1554765300,82.44,82.23,82.41,82.26,40.3603
1554765360,82.29,82.24,82.24,82.29,2.00892
1554765420,82.24,82.05,82.24,82.14,105.1768
1554765480,82.03,81.95,82.03,81.98,18.71119
1554765540,82.04,82.04,82.04,82.04,0.52817
1554765600,82.1,82.06,82.1,82.06,29.46171
1554765660,82.17,82.12,82.17,82.13,11.58154
1554765720,82.24,82.2,82.2,82.2,76.54316
1554765780,82.2,82.2,82.2,82.2,10.13975
1554765840,82.33,82.31,82.31,82.33,11.66606
1554765900,82.45,82.31,82.33,82.45,77.14445
1554765960,82.62,82.36,82.45,82.36,98.20738
1554766020,82.44,82.36,82.37,82.44,12.14776
1554766080,82.43,82.34,82.43,82.4,24.20215
1554766140,82.39,82.34,82.39,82.38,8.591
1554766200,82.52,82.39,82.39,82.52,86.28264
1554766260,82.57,82.47,82.47,82.57,13.10336
1554766320,82.67,82.63,82.63,82.67,13.01212
1554766380,82.66,82.61,82.63,82.66,16.0714
1554766440,82.67,82.6,82.66,82.66,7.18248
1554766500,82.65,82.55,82.63,82.55,16.53564
1554766560,82.57,82.47,82.57,82.54,66.51785
1554766620,82.5,82.5,82.5,82.5,5.33094
1554766680,82.48,82.37,82.48,82.39,56.23083
1554766740,82.34,82.2,82.31,82.2,50.88094
1554766800,82.3,82.25,82.3,82.27,7.76022
1554766860,82.31,82.31,82.31,82.31,0.24271
1554766920,82.37,82.32,82.33,82.37,7.81043
1554766980,82.42,82.37,82.42,82.37,15.17457
1554767040,82.45,82.37,82.38,82.45,7.84621
1554767100,82.5,82.43,82.43,82.5,10.44401
1554767160,82.55,82.44,82.55,82.44,9.70784
1554767220,82.5,82.44,82.45,82.5,13.68777
1554767280,82.5,82.44,82.5,82.47,27.11187
1554767340,82.47,82.37,82.47,82.37,9.3146
1554767400,82.37,82.37,82.37,82.37,0
1554767460,82.39,82.3,82.36,82.39,4.27022
1554767520,82.4,82.37,82.39,82.4,14.09925
1554767580,82.44,82.39,82.39,82.44,11.63264
1554767640,82.49,82.47,82.49,82.49,16.98087
1554767700,82.49,82.41,82.46,82.41,13.96303
1554767760,82.4,82.32,82.4,82.35,195.23576
1554767820,82.35,82.34,82.35,82.34,4.4962
1554767880,82.47,82.35,82.35,82.39,15.74671
1554767940,82.34,82.29,82.34,82.29,9.84259
1554768000,82.37,82.22,82.28,82.24,165.86085
1554768060,82.25,82.16,82.25,82.16,14.04564
1554768120,82.18,82.1,82.12,82.12,64.66426
1554768180,82.21,82.09,82.09,82.2,83.64898
1554768240,82.34,82.25,82.31,82.25,28.25804
1554768300,82.29,82.23,82.25,82.23,10.63247
1554768360,82.26,82.16,82.22,82.26,82.94596
1554768420,82.23,82.1,82.23,82.14,65.24596
1554768480,82.18,82.14,82.18,82.14,12.80358
1554768540,82.21,82,82.17,82.01,148.89229
1554768600,82.12,81.96,82.04,82.02,53.93028
1554768660,82,81.96,81.99,81.96,53.06127
1554768720,82.07,81.95,81.95,81.97,64.1701
1554768780,82.03,82.01,82.01,82.03,18.74639
1554768840,82.09,81.98,82.05,82.09,108.56928
1554768900,82.03,81.98,82.03,81.98,2.71103
1554768960,81.91,81.75,81.91,81.81,44.34694
1554769020,81.88,81.7,81.88,81.78,64.8171
1554769080,81.73,81.68,81.68,81.73,6.44476
1554769140,81.84,81.75,81.75,81.84,53.62621
1554769200,81.84,81.83,81.84,81.83,4.07958
1554769260,81.83,81.77,81.83,81.81,27.25698
1554769320,81.8,81.66,81.8,81.66,34.49625
1554769380,81.67,81.48,81.6,81.62,208.36544
1554769440,81.65,81.5,81.54,81.5,204.51603
1554769500,81.64,81.43,81.64,81.45,79.49044
1554769560,81.59,81.42,81.51,81.55,108.64214
1554769620,81.98,81.52,81.56,81.75,483.78533
1554769680,81.74,81.67,81.67,81.73,19.90582
1554769740,81.74,81.65,81.67,81.73,66.53949
1554769800,81.84,81.69,81.73,81.79,97.46195
1554769860,81.78,81.6,81.76,81.67,66.01016
1554769920,81.72,81.65,81.69,81.68,47.74672
1554769980,81.72,81.63,81.68,81.63,14.1
1554770040,81.69,81.62,81.63,81.69,63.60728
1554770100,81.7,81.64,81.7,81.7,42.23057
1554770160,81.75,81.64,81.7,81.68,64.06076
1554770220,81.71,81.61,81.71,81.7,9.2772
1554770280,81.7,81.65,81.7,81.65,19.45133
1554770340,81.7,81.52,81.63,81.52,147.61694
1554770400,81.59,81.5,81.57,81.53,19.37451
1554770460,81.51,81.09,81.51,81.26,82.80122
1554770520,81.37,81.15,81.25,81.22,147.96355
1554770580,81.25,81.09,81.18,81.25,12.74929
1554770640,81.23,81.13,81.23,81.13,52.89565
1554770700,81.16,81.08,81.08,81.14,12.22833
1554770760,81.16,81.12,81.14,81.16,32.11375
1554770820,81.15,81.08,81.14,81.15,28.58244
1554770880,81.3,81.11,81.11,81.21,22.58509
1554770940,81.3,81.03,81.3,81.03,111.73076
1554771000,81.09,80.86,81,80.86,115.96551
1554771060,80.88,80.84,80.88,80.88,174.63635
1554771120,81.03,80.9,80.92,81.01,21.8738
1554771180,81.01,80.84,80.89,81.01,87.58739
1554771240,80.85,80.63,80.85,80.72,137.24505
1554771300,80.93,80.67,80.72,80.78,142.26513
1554771360,80.77,80.65,80.77,80.69,45.62274
1554771420,80.86,80.68,80.73,80.72,42.36025
1554771480,80.82,80.74,80.74,80.78,58.29389
1554771540,80.76,80.55,80.76,80.55,103.75646
1554771600,80.73,80.53,80.53,80.73,38.93525
1554771660,80.89,80.71,80.75,80.84,120.18166
1554771720,80.83,80.7,80.77,80.73,56.82165
1554771780,80.77,80.67,80.77,80.69,56.06331
1554771840,80.71,80.58,80.71,80.58,43.13249
1554771900,80.68,80.59,80.63,80.63,87.14316
1554771960,80.69,80.56,80.66,80.56,70.53892
1554772020,80.63,80.44,80.58,80.5,41.0846
1554772080,80.48,80.37,80.43,80.37,34.12091
1554772140,80.43,80.3,80.35,80.36,63.65899
1554772200,80.34,80.29,80.34,80.3,55.58688
1554772260,80.31,80.21,80.3,80.29,52.95601
1554772320,80.29,80.15,80.29,80.24,62.70267
1554772380,80.32,80.13,80.16,80.3,164.72598
1554772440,80.47,80.4,80.4,80.46,20.4577
1554772500,80.53,80.42,80.47,80.43,118.20235
1554772560,80.55,80.38,80.45,80.55,122.05227
1554772620,80.64,80.28,80.57,80.28,218.97397
1554772680,80.37,80.24,80.35,80.28,38.20378
1554772740,80.45,80.19,80.25,80.33,230.81057
1554772800,80.4,80.28,80.32,80.4,56.66724
1554772860,80.43,80.33,80.35,80.33,49.12094
1554772920,80.33,80.3,80.32,80.3,15.77759
1554772980,80.32,80.24,80.28,80.24,18.84607
1554773040,80.28,80.02,80.24,80.16,233.06643
1554773100,80.11,79.85,80.11,79.99,183.30425
1554773160,80.22,79.89,80,80.03,86.28253
1554773220,80.26,80.14,80.14,80.2,33.80167
1554773280,80.25,80.17,80.25,80.18,76.18054
1554773340,80.24,80.16,80.21,80.16,21.77208
1554773400,80.26,80.12,80.19,80.25,114.38161
1554773460,80.35,80.25,80.31,80.28,93.07856
1554773520,80.35,80.28,80.32,80.28,34.75362
1554773580,80.28,80.22,80.27,80.28,24.68507
1554773640,80.32,80.23,80.25,80.23,20.98808
1554773700,80.27,80.21,80.27,80.21,14.72936
1554773760,80.6,80.18,80.22,80.5,180.35793
1554773820,80.55,80.44,80.55,80.49,26.08856
1554773880,80.48,80.48,80.48,80.48,1.61375
1554773940,80.54,80.46,80.46,80.54,8.34306
1554774000,80.54,80.51,80.54,80.52,30.09584
1554774060,80.62,80.49,80.56,80.49,53.63131
1554774120,80.51,80.23,80.51,80.28,61.54086
1554774180,80.46,80.33,80.33,80.46,65.89825
1554774240,80.54,80.5,80.54,80.54,19.19158
1554774300,80.46,80.41,80.46,80.41,36.22434
1554774360,80.4,80.28,80.4,80.28,60.23124
1554774420,80.33,80.29,80.29,80.33,5.10512
1554774480,80.34,80.28,80.28,80.33,5.01622
1554774540,80.37,80.35,80.36,80.35,69.38384
1554774600,80.37,80.35,80.35,80.35,19.1936
1554774660,80.37,80.29,80.36,80.3,34.19942
1554774720,80.37,80.31,80.37,80.33,19.10587
1554774780,80.3,80.26,80.3,80.26,18.72822
1554774840,80.26,80.2,80.26,80.2,12.34111
1554774900,80.23,80.18,80.18,80.23,10.83751
1554774960,80.23,80.05,80.22,80.05,166.87542
1554775020,80.09,80,80.09,80.08,116.47538
1554775080,80.08,80.03,80.03,80.08,13.28143
1554775140,80.11,80.05,80.07,80.05,12.06068
1554775200,80.09,79.97,80.04,79.97,104.26865
1554775260,80.19,79.99,79.99,80.18,4.08019
1554775320,80.53,80.11,80.11,80.41,161.29459
1554775380,80.43,80.38,80.41,80.42,19.17389
1554775440,80.43,80.33,80.42,80.34,26.83626
1554775500,80.42,80.35,80.35,80.38,123.2396
1554775560,80.39,80.31,80.35,80.32,42.80324
1554775620,80.37,80.26,80.34,80.26,10.91994
1554775680,80.21,80.19,80.21,80.19,10.01802
1554775740,80.33,80.25,80.25,80.33,3.50274
1554775800,80.48,80.35,80.35,80.48,63.4026
1554775860,80.5,80.48,80.48,80.5,38.28836
1554775920,80.54,80.5,80.5,80.54,11.17983
1554775980,80.64,80.54,80.54,80.63,65.30747
1554776040,80.64,80.48,80.64,80.48,119.11173
1554776100,80.55,80.24,80.55,80.28,219.94631
1554776160,80.29,80.18,80.21,80.29,63.96485
1554776220,80.23,79.95,80.23,80.14,257.10573
1554776280,80.41,80.05,80.21,80.19,298.93162
1554776340,80.16,80.05,80.07,80.07,18.96831
1554776400,80.07,80.03,80.07,80.07,12.18664
1554776460,80.1,80.1,80.1,80.1,4.68313
1554776520,80.17,80.15,80.15,80.17,4.47153
1554776580,80.41,80.1,80.16,80.41,251.74731
1554776640,80.45,80.41,80.41,80.45,19.00546
1554776700,80.43,80.29,80.41,80.33,106.23603
1554776760,80.27,80.24,80.27,80.24,6.6712
1554776820,80.27,80.2,80.23,80.2,8.77726
1554776880,80.2,80.03,80.2,80.1,10.50846
1554776940,80.11,80.06,80.07,80.11,15.85785
1554777000,80.19,80.13,80.13,80.19,37.93893
1554777060,80.2,80.15,80.17,80.16,30.93166
1554777120,80.21,80.16,80.18,80.16,37.41099
1554777180,80.24,80.15,80.15,80.24,7.81111
1554777240,80.24,80.21,80.24,80.21,5.21018
1554777300,80.21,80.21,80.21,80.21,0
1554777360,80.28,80.19,80.19,80.27,5.01765
1554777420,80.25,80.18,80.25,80.18,47.48775
1554777480,80.17,80.15,80.16,80.17,7.01413
1554777540,80.16,80.13,80.16,80.13,11.43463
1554777600,80.15,80.09,80.15,80.09,11.79671
1554777660,80.11,80.05,80.11,80.05,19.38999
1554777720,80.09,80.06,80.06,80.09,48.60204
1554777780,80.16,80.12,80.12,80.15,15.25303
1554777840,80.15,80.13,80.14,80.15,35.1379
1554777900,80.15,80.15,80.15,80.15,6.86727
1554777960,80.16,80.12,80.14,80.16,38.7256
1554778020,80.18,80.12,80.18,80.12,16.1242
1554778080,80.17,80.06,80.12,80.1,89.34302
1554778140,80.02,79.86,80.02,79.86,172.00082
1554778200,79.94,79.74,79.94,79.79,21.96819
1554778260,79.86,79.77,79.79,79.82,24.68964
1554778320,79.83,79.81,79.81,79.82,6.88392
1554778380,79.83,79.8,79.83,79.8,17.95993
1554778440,79.76,79.68,79.76,79.7,108.19072
1554778500,79.7,79.6,79.7,79.6,46.82446
1554778560,79.61,79.58,79.61,79.58,28.02528
1554778620,79.59,79.53,79.58,79.58,106.23555
1554778680,79.59,79.23,79.57,79.3,261.50793
1554778740,79.33,79.18,79.32,79.2,243.88316
1554778800,79.33,79.15,79.2,79.3,105.98079
1554778860,79.42,79.33,79.33,79.41,441.52388
1554778920,79.48,79.46,79.47,79.46,41.59447
1554778980,79.49,79.4,79.42,79.48,19.62849
1554779040,79.6,79.47,79.48,79.6,27.89638
1554779100,79.66,79.52,79.6,79.52,64.05395
1554779160,79.48,79.41,79.48,79.41,82.05225
1554779220,79.49,79.4,79.4,79.49,11.8185
1554779280,79.42,79.42,79.42,79.42,3.79403
1554779340,79.43,79.4,79.43,79.4,4.56929
1554779400,79.4,79.31,79.4,79.37,88.94062
1554779460,79.5,79.32,79.37,79.5,10.77865
1554779520,79.61,79.45,79.47,79.49,139.9269
1554779580,79.55,79.39,79.55,79.43,142.23259
1554779640,79.44,79.39,79.4,79.44,37.21494
1554779700,79.66,79.44,79.44,79.6,88.85975
1554779760,79.72,79.62,79.63,79.66,50.84181
1554779820,79.74,79.65,79.74,79.65,20.4129
1554779880,79.69,79.59,79.65,79.69,30.5929
1554779940,79.68,79.61,79.68,79.61,20.59836
1554780000,79.7,79.6,79.69,79.61,57.84734
1554780060,79.62,79.59,79.59,79.6,15.5004
1554780120,79.62,79.53,79.59,79.54,100.53798
1554780180,79.56,79.49,79.55,79.49,31.14497
1554780240,79.52,79.48,79.48,79.52,37.40448
1554780300,79.45,79.39,79.45,79.45,52.75355
1554780360,79.44,79.34,79.43,79.44,92.67673
1554780420,79.42,79.38,79.4,79.38,15.90429
1554780480,79.44,79.38,79.39,79.44,66.79149
1554780540,79.42,79.34,79.39,79.4,72.40472
1554780600,79.33,79.11,79.33,79.16,155.84754
1554780660,79.24,79.12,79.23,79.12,32.06255
1554780720,79.12,79.07,79.12,79.07,112.42426
1554780780,79.08,78.8,79.07,78.8,350.32307
1554780840,78.91,78.76,78.76,78.86,31.05726
1554780900,79.2,78.81,78.81,79.2,223.07712
1554780960,79.16,79.06,79.12,79.13,28.09472
1554781020,79.21,79.12,79.15,79.17,99.945
1554781080,79.13,78.88,79.13,78.91,175.87448
1554781140,78.84,78.64,78.84,78.81,328.29179
1554781200,78.92,78.73,78.78,78.84,40.38562
1554781260,78.9,78.69,78.85,78.69,134.4458
1554781320,78.73,78.66,78.7,78.66,60.1841
1554781380,78.72,78.54,78.64,78.72,291.84263
1554781440,78.79,78.49,78.72,78.57,255.09384
1554781500,78.57,78.44,78.52,78.44,183.6369
1554781560,78.49,78.23,78.47,78.25,77.08782
1554781620,78.37,78.21,78.27,78.21,122.34568
1554781680,78.33,78.31,78.32,78.33,85.18119
1554781740,78.46,78.29,78.29,78.46,38.34687
1554781800,78.45,78.39,78.44,78.45,41.6538
1554781860,78.53,78.42,78.44,78.46,60.46155
1554781920,78.47,78.47,78.47,78.47,0.54825
1554781980,78.47,78.47,78.47,78.47,0
1554782040,78.56,78.47,78.47,78.56,72.07358
1554782100,78.56,78.56,78.56,78.56,2.09051
1554782160,78.62,78.56,78.6,78.56,21.24449
1554782220,78.6,78.51,78.56,78.55,29.80452
1554782280,78.59,78.5,78.5,78.55,30.02616
1554782340,78.58,78.53,78.53,78.58,8.049
1554782400,78.54,78.44,78.53,78.52,62.86565
1554782460,78.51,78.41,78.49,78.41,40.6756
1554782520,78.58,78.35,78.42,78.52,228.13022
1554782580,78.62,78.52,78.52,78.59,21.22518
1554782640,78.65,78.56,78.56,78.65,60.97687
1554782700,78.76,78.63,78.64,78.76,110.77242
1554782760,78.7,78.64,78.68,78.64,66.81052
1554782820,78.64,78.55,78.63,78.64,18.78195
1554782880,78.6,78.58,78.58,78.6,13.20784
1554782940,78.64,78.56,78.63,78.64,51.925
1554783000,78.65,78.49,78.59,78.49,46.75237
1554783060,78.53,78.43,78.53,78.5,25.02344
1554783120,78.5,78.43,78.5,78.48,15.42352
1554783180,78.41,78.37,78.39,78.39,14.46512
1554783240,78.39,78.17,78.35,78.3,142.7789
1554783300,78.3,78.16,78.26,78.21,79.98657
1554783360,78.27,78.14,78.15,78.18,80.85801
1554783420,78.21,78.12,78.12,78.16,32.24664
1554783480,78.24,78.11,78.16,78.14,93.18343
1554783540,78.14,78.14,78.14,78.14,0.38
1554783600,78.16,78.13,78.14,78.15,73.14012
1554783660,78.13,78.12,78.13,78.12,7.05009
1554783720,78.16,78.16,78.16,78.16,1.61721
1554783780,78.32,78.16,78.16,78.32,71.68642
1554783840,78.33,78.24,78.3,78.27,163.98069
1554783900,78.3,78.24,78.3,78.27,18.9278
1554783960,78.3,78.1,78.3,78.1,90.42843
1554784020,78.11,78.05,78.11,78.08,44.55031
1554784080,78.05,77.8,78.05,77.92,324.36054
1554784140,77.98,77.84,77.98,77.87,67.91481
1554784200,77.93,77.79,77.84,77.84,82.50185
1554784260,77.9,77.72,77.87,77.75,183.90262
1554784320,77.81,77.65,77.81,77.65,18.46023
1554784380,77.8,77.62,77.63,77.73,316.1145
1554784440,77.68,77.66,77.68,77.66,12.84558
1554784500,77.67,77.32,77.66,77.4,347.32099
1554784560,77.41,77.31,77.34,77.32,131.72426
1554784620,77.39,77.28,77.35,77.28,93.08529
1554784680,77.29,77.11,77.28,77.11,232.34243
1554784740,77.12,76.79,77.1,77.04,257.74636
1554784800,77.05,76.91,77.05,77.03,37.97068
1554784860,77.03,76.95,76.95,77.03,29.10272
1554784920,77.03,76.89,77.03,76.97,99.56667
1554784980,77,76.93,77,76.93,20.64815
1554785040,77.14,76.93,76.94,77.14,308.68141
1554785100,77.15,76.97,77.1,77.06,393.34519
1554785160,77.3,77.03,77.14,77.27,161.35152
1554785220,77.5,77.27,77.27,77.4,195.91301
1554785280,77.8,77.4,77.4,77.8,36.03413
1554785340,78.11,77.7,77.76,78.01,361.14362
1554785400,77.99,77.9,77.98,77.98,77.99903
1554785460,78.13,77.98,77.98,78.13,111.12946
1554785520,78.15,78.14,78.14,78.15,20.645
1554785580,78.49,78.15,78.15,78.49,255.23517
1554785640,78.65,78.42,78.48,78.59,131.67059
1554785700,79.05,78.59,78.62,78.99,253.70544
1554785760,79.29,79.05,79.06,79.18,115.6301
1554785820,79.4,79.1,79.26,79.3,424.87781
1554785880,79.34,78.79,79.34,78.79,203.66801
1554785940,78.91,78.14,78.79,78.42,219.84003
1554786000,78.94,78.43,78.46,78.86,304.32042
1554786060,78.94,78.81,78.87,78.88,262.52186
1554786120,78.9,78.44,78.9,78.47,64.67314
1554786180,78.62,78.33,78.5,78.33,57.19085
1554786240,78.34,78.14,78.3,78.28,58.03546
1554786300,78.37,78.28,78.28,78.37,43.93602
1554786360,78.31,78.21,78.27,78.27,63.57466
1554786420,78.24,77.96,78.23,77.96,64.04049
1554786480,78,77.86,77.96,77.88,109.79684
1554786540,77.92,77.73,77.82,77.83,72.01834
1554786600,77.85,77.51,77.77,77.64,140.09155
1554786660,77.64,77.52,77.58,77.56,108.91087
1554786720,77.56,77.37,77.56,77.46,91.47279
1554786780,77.55,77.38,77.51,77.5,266.21389
1554786840,77.66,77.52,77.56,77.66,71.92482
1554786900,78.01,77.76,77.76,77.98,150.26334
1554786960,78.01,77.91,77.96,77.97,91.01761
1554787020,78.01,77.8,77.97,77.88,145.86239
1554787080,77.9,77.7,77.85,77.82,125.43932
1554787140,77.89,77.79,77.85,77.89,127.87302
1554787200,78.04,77.86,77.88,77.97,76.7894
1554787260,77.96,77.87,77.96,77.87,59.916
1554787320,77.93,77.86,77.87,77.88,104.23039
1554787380,77.9,77.79,77.9,77.86,56.57704
1554787440,77.91,77.77,77.86,77.88,78.99185
1554787500,77.85,77.79,77.83,77.79,26.1442
1554787560,77.8,77.46,77.77,77.46,103.09942
1554787620,77.52,77.3,77.4,77.37,87.53014
1554787680,77.47,77.31,77.31,77.47,239.329
1554787740,77.53,77.51,77.53,77.53,32.10598
1554787800,77.54,77.47,77.48,77.54,26.16801
1554787860,77.47,77.36,77.47,77.37,23.57228
1554787920,77.38,77.13,77.34,77.3,125.89551
1554787980,77.31,76.99,77.23,77.22,2228.83762
1554788040,77.22,76.99,77.14,76.99,39.85796
1554788100,77.12,76.86,77.11,76.86,61.46301
1554788160,77.02,76.87,77.02,76.91,21.48869
1554788220,76.99,76.7,76.91,76.71,150.12234
1554788280,77.16,76.68,76.7,77.16,276.78378
1554788340,77.5,76.99,77.17,77.07,633.48025
1554788400,77.26,77.06,77.09,77.08,95.60627
1554788460,77.19,77.08,77.09,77.17,88.84493
1554788520,77.16,77.1,77.1,77.16,28.73045
1554788580,77.25,77.11,77.12,77.18,501.53606
1554788640,77.27,77.17,77.17,77.26,56.69892
1554788700,77.31,77.23,77.31,77.23,24.6479
1554788760,77.3,77.2,77.23,77.3,75.74726
1554788820,77.37,77.25,77.26,77.37,94.33234
1554788880,77.56,77.38,77.39,77.51,25.71172
1554788940,77.79,77.53,77.53,77.79,187.6205
1554789000,78.47,77.82,77.89,77.96,385.14106
1554789060,78.08,77.91,77.96,78.08,60.04232
1554789120,78.08,77.96,78.08,78.02,25.08469
1554789180,78.08,77.92,77.97,77.93,107.5991
1554789240,78.43,77.99,78.09,78.27,167.4064
1554789300,78.5,78.26,78.27,78.48,190.52163
1554789360,78.5,78.36,78.49,78.38,364.6768
1554789420,78.45,78.35,78.35,78.39,28.78781
1554789480,78.36,78.06,78.36,78.18,91.74742
1554789540,78.19,78.1,78.18,78.1,191.43141
1554789600,78.19,78.12,78.18,78.16,18.34272
1554789660,78.19,78.13,78.13,78.18,42.74319
1554789720,78.25,78.12,78.17,78.25,108.6258
1554789780,78.37,78.21,78.22,78.37,12.04734
1554789840,78.61,78.4,78.4,78.49,242.74509
1554789900,78.57,78.46,78.48,78.47,54.00357
1554789960,78.5,78.47,78.5,78.47,20.23872
1554790020,78.45,78.37,78.45,78.38,53.03925
1554790080,78.38,78.21,78.38,78.27,262.92537
1554790140,78.25,78.17,78.23,78.25,26.05589
1554790200,78.38,78.32,78.38,78.33,22.25006
1554790260,78.4,78.32,78.36,78.32,27.69715
1554790320,78.33,78.3,78.32,78.32,25.16129
1554790380,78.35,78.33,78.33,78.35,24.66056
1554790440,78.42,78.42,78.42,78.42,6.99828
1554790500,78.39,78.28,78.39,78.28,7.76308
1554790560,78.36,78.31,78.31,78.33,24.21432
1554790620,78.45,78.32,78.33,78.45,54.89983
1554790680,78.49,78.39,78.44,78.49,81.52744
1554790740,78.49,78.44,78.46,78.49,34.86037
1554790800,78.49,78.43,78.49,78.49,45.41331
1554790860,78.91,78.49,78.49,78.78,556.75015
1554790920,78.83,78.74,78.76,78.83,14.83327
1554790980,78.98,78.85,78.85,78.95,21.0847
1554791040,79,78.87,78.99,78.91,247.41762
1554791100,79,78.87,78.88,78.87,107.63524
1554791160,78.88,78.68,78.88,78.76,15.2528
1554791220,78.83,78.71,78.71,78.83,17.84828
1554791280,78.83,78.73,78.82,78.83,41.04417
1554791340,78.94,78.82,78.82,78.93,33.62618
1554791400,79.11,78.87,78.87,79.06,94.38569
1554791460,79.07,78.56,79.02,78.56,139.75411
1554791520,78.68,78.53,78.6,78.53,36.16965
1554791580,78.56,78.42,78.51,78.52,16.17897
1554791640,78.45,78.2,78.45,78.27,242.46165
1554791700,78.33,78.15,78.26,78.19,437.25842
1554791760,78.33,78.2,78.25,78.31,27.5696
1554791820,78.32,78.23,78.27,78.24,24.00637
1554791880,78.33,78.22,78.33,78.29,115.0548
1554791940,78.25,78.16,78.21,78.25,36.65489
1554792000,78.27,78.15,78.16,78.26,49.61579
1554792060,78.27,78.14,78.27,78.14,33.77915
1554792120,78.19,78.14,78.15,78.15,29.97235
1554792180,78.22,78.13,78.2,78.13,27.51948
1554792240,78.24,78.16,78.23,78.16,32.76835
1554792300,78.2,78.15,78.17,78.16,40.72692
1554792360,78.21,78.16,78.16,78.19,24.34363
1554792420,78.18,77.98,78.16,77.98,79.71333
1554792480,78,77.92,77.98,78,78.31508
1554792540,78.04,77.91,78.01,77.93,66.6808
1554792600,78.03,77.98,77.98,77.98,56.52302
1554792660,78.05,78.05,78.05,78.05,21.63929
1554792720,78.05,78.02,78.05,78.05,9.17466
1554792780,78.04,77.96,78.03,77.98,110.82237
1554792840,77.98,77.97,77.98,77.97,25.45248
1554792900,78,77.92,78,77.92,7.50445
1554792960,78.12,77.98,78,78.12,109.11161
1554793020,78.17,78.12,78.16,78.17,35.48553
1554793080,78.23,78.11,78.17,78.22,20.37752
1554793140,78.26,78.17,78.23,78.17,212.12462
1554793200,78.47,78.19,78.22,78.47,113.699
1554793260,78.5,78.42,78.42,78.5,45.59425
1554793320,78.47,78.29,78.42,78.41,143.26398
1554793380,78.4,78.38,78.38,78.4,9.65492
1554793440,78.44,78.35,78.38,78.44,47.61286
1554793500,78.43,78.19,78.43,78.19,130.70277
1554793560,78.27,78.11,78.18,78.27,34.49182
1554793620,78.52,78.28,78.28,78.47,209.51333
1554793680,78.51,78.35,78.51,78.35,64.70263
1554793740,78.45,78.36,78.36,78.4,25.60918
1554793800,78.4,78.3,78.38,78.38,10.72091
1554793860,78.39,78.38,78.38,78.39,4.60575
1554793920,78.47,78.38,78.38,78.41,17.48732
1554793980,78.47,78.4,78.4,78.44,126.10855
1554794040,78.39,78.35,78.39,78.37,5.57007
1554794100,78.41,78.32,78.36,78.32,19.17692
1554794160,78.29,78.16,78.2,78.16,13.09315
1554794220,78.2,78.15,78.15,78.19,6.03096
1554794280,78.4,78.24,78.24,78.31,8.24155
1554794340,78.33,78.27,78.28,78.33,25.58108
1554794400,78.37,78.31,78.35,78.31,18.7557
1554794460,78.41,78.32,78.32,78.37,50.10485
1554794520,78.44,78.37,78.37,78.44,15.05757
1554794580,78.46,78.41,78.41,78.44,5.31363
1554794640,78.47,78.4,78.44,78.47,13.53201
1554794700,78.4,78.32,78.4,78.32,26.14534
1554794760,78.36,78.24,78.24,78.36,36.92153
1554794820,78.32,78.27,78.27,78.32,9.11478
1554794880,78.31,78.27,78.27,78.31,14.8342
1554794940,78.37,78.28,78.28,78.37,38.99666
1554795000,78.34,78.29,78.29,78.34,5.22363
1554795060,78.24,78.06,78.24,78.09,11.34761
1554795120,78.23,78.11,78.11,78.23,23.98411
1554795180,78.3,77.98,78.3,78.02,306.23322
1554795240,78.1,77.94,78.02,78.01,56.57776
1554795300,78.09,78.02,78.03,78.09,19.99867
1554795360,78.06,78.01,78.01,78.02,41.12848
1554795420,78.01,77.92,77.95,77.92,40.07096
1554795480,77.9,77.73,77.87,77.77,32.81516
1554795540,77.76,77.57,77.76,77.58,74.24824
1554795600,77.81,77.62,77.69,77.73,15.29204
1554795660,77.91,77.7,77.75,77.91,82.61085
1554795720,77.91,77.85,77.91,77.85,4.24237
1554795780,77.87,77.87,77.87,77.87,0.82087
1554795840,77.93,77.9,77.91,77.93,14.43019
1554795900,77.91,77.86,77.88,77.9,32.66132
1554795960,78,77.89,77.89,78,87.61327
1554796020,78,78,78,78,14.59878
1554796080,78.11,78.05,78.11,78.09,11.04027
1554796140,78.14,78.05,78.09,78.14,9.05447
1554796200,78.12,78.02,78.08,78.1,29.55516
1554796260,78.02,77.93,78.02,77.93,100.61282
1554796320,77.93,77.88,77.93,77.88,2.65571
1554796380,77.78,77.78,77.78,77.78,7.02342
1554796440,77.84,77.75,77.84,77.78,10.86096
1554796500,77.77,77.7,77.77,77.7,6.93028
1554796560,77.75,77.72,77.72,77.75,82.57927
1554796620,77.78,77.36,77.78,77.52,530.57653
1554796680,77.59,77.41,77.42,77.49,29.50992
1554796740,77.49,77.25,77.43,77.4,257.03647
1554796800,77.4,77.3,77.4,77.36,105.77081
1554796860,77.45,77.36,77.36,77.42,94.78247
1554796920,77.35,77.27,77.35,77.34,20.67123
1554796980,77.32,77.25,77.27,77.25,50.25109
1554797040,77.32,77.23,77.25,77.29,2.96152
1554797100,77.29,77.23,77.29,77.23,99.3298
1554797160,77.34,77.23,77.28,77.34,156.33949
1554797220,77.57,77.41,77.41,77.54,25.09422
1554797280,77.75,77.56,77.56,77.75,47.33206
1554797340,77.78,77.54,77.76,77.63,114.25932
1554797400,77.65,77.52,77.56,77.53,22.8106
1554797460,77.53,77.38,77.53,77.41,18.88089
1554797520,77.39,77.23,77.39,77.28,113.88436
1554797580,77.26,77.26,77.26,77.26,12.9762
1554797640,77.34,77.29,77.29,77.34,53.13893
1554797700,77.31,77.23,77.3,77.26,57.62415
1554797760,77.26,77.18,77.26,77.18,172.67514
1554797820,77.34,77.12,77.12,77.34,35.02734
1554797880,77.34,77.09,77.34,77.12,27.55638
1554797940,77.18,77.12,77.16,77.12,39.07484
1554798000,77.23,77.16,77.19,77.16,9.80121
1554798060,77.22,77.13,77.14,77.13,26.0357
1554798120,77.23,77.14,77.14,77.15,28.25826
1554798180,77.14,77.13,77.13,77.14,47.396
1554798240,77.14,77.08,77.13,77.08,65.97082
1554798300,77.17,77.02,77.08,77.07,151.97981
1554798360,77.41,77.07,77.07,77.37,210.12669
1554798420,77.38,77.31,77.37,77.31,11.21311
1554798480,77.38,77.32,77.32,77.38,54.77378
1554798540,77.45,77.38,77.38,77.45,17.86016
1554798600,77.55,77.44,77.44,77.54,20.01563
1554798660,77.62,77.54,77.59,77.62,24.00121
1554798720,77.61,77.54,77.54,77.61,77.22294
1554798780,77.59,77.38,77.53,77.43,20.90637
1554798840,77.5,77.43,77.43,77.5,24.8603
1554798900,77.54,77.47,77.47,77.54,15.8086
1554798960,77.59,77.51,77.53,77.59,36.76603
1554799020,77.56,77.52,77.56,77.56,12.4997
1554799080,77.62,77.6,77.6,77.6,51.67331
1554799140,77.73,77.6,77.63,77.62,72.34248
1554799200,77.64,77.62,77.64,77.62,3.37822
1554799260,77.65,77.59,77.61,77.65,89.49054
1554799320,78.01,77.61,77.65,77.9,365.05465
1554799380,77.96,77.8,77.96,77.8,56.74405
1554799440,77.87,77.8,77.8,77.82,21.94795
1554799500,78,77.85,77.85,77.98,59.83283
1554799560,78.43,77.98,77.98,78.38,870.9086
1554799620,78.36,78.27,78.35,78.34,18.80824
1554799680,78.36,78.33,78.34,78.36,35.73818
1554799740,78.43,78.31,78.37,78.31,60.30321
1554799800,78.43,78.16,78.32,78.16,117.02586
1554799860,78.14,77.92,78.14,78,59.57384
1554799920,78.12,78.03,78.09,78.06,47.34127
1554799980,78.07,78.05,78.07,78.05,3.78578
1554800040,78.12,77.95,77.95,78.12,49.14774
1554800100,78.11,78.01,78.01,78.1,7.05174
1554800160,78.43,78.06,78.06,78.29,226.79746
1554800220,78.3,78.19,78.29,78.21,95.02196
1554800280,78.26,78.08,78.26,78.13,118.17498
1554800340,78.21,78.05,78.13,78.12,78.09796
1554800400,78.07,78.07,78.07,78.07,1.69161
1554800460,78.04,77.95,78.04,77.95,3.29579
1554800520,78.16,77.93,77.93,78.16,54.74276
1554800580,78.27,78.12,78.21,78.18,76.96796
1554800640,78.14,78.05,78.14,78.1,167.09004
1554800700,78.02,77.8,78.02,77.82,51.08954
1554800760,77.82,77.76,77.82,77.76,27.78675
1554800820,77.77,77.71,77.72,77.73,65.00766
1554800880,77.75,77.63,77.71,77.7,60.16853
1554800940,77.77,77.62,77.62,77.77,35.37128
1554801000,77.71,77.69,77.7,77.7,14.87016
1554801060,77.77,77.68,77.73,77.77,117.25392
1554801120,77.96,77.81,77.81,77.96,45.78539
1554801180,78.08,77.93,77.93,77.97,61.31855
1554801240,78.04,77.98,78.04,78.04,31.43395
1554801300,78.04,77.97,78.02,77.99,44.18366
1554801360,78,77.92,78,77.92,18.1583
1554801420,78.04,77.94,77.94,78.04,59.91185
1554801480,78.05,77.75,78,77.75,156.00037
1554801540,77.71,77.55,77.71,77.63,51.69079
1554801600,77.78,77.59,77.6,77.78,55.14244
1554801660,77.79,77.64,77.75,77.68,125.49887
1554801720,77.86,77.69,77.76,77.82,143.24423
1554801780,77.85,77.78,77.81,77.78,22.55058
1554801840,77.73,77.62,77.73,77.62,50.94807
1554801900,77.64,77.6,77.62,77.6,65.91087
1554801960,77.67,77.53,77.61,77.67,26.71661
1554802020,77.76,77.62,77.64,77.68,134.73691
1554802080,77.76,77.69,77.73,77.75,37.30903
1554802140,77.75,77.61,77.75,77.71,57.37244
1554802200,77.75,77.69,77.75,77.71,20.73754
1554802260,77.84,77.72,77.76,77.84,45.41163
1554802320,77.84,77.7,77.81,77.77,72.71908
1554802380,77.79,77.67,77.77,77.75,40.52935
1554802440,77.71,77.61,77.71,77.64,40.37547
1554802500,77.78,77.7,77.7,77.77,22.36751
1554802560,77.78,77.72,77.78,77.74,47.62272
1554802620,77.8,77.74,77.8,77.74,9.97239
1554802680,77.8,77.75,77.75,77.78,13.57863
1554802740,77.78,77.68,77.78,77.68,167.55033
1554802800,77.68,77.68,77.68,77.68,1.7464
1554802860,77.7,77.59,77.69,77.62,37.00197
1554802920,77.7,77.61,77.61,77.67,128.25975
1554802980,77.67,77.53,77.67,77.53,50.92439
1554803040,77.7,77.19,77.51,77.7,460.82499
1554803100,77.76,77.76,77.76,77.76,7.46915
1554803160,77.78,77.72,77.78,77.72,5.04699
1554803220,77.8,77.72,77.75,77.72,77.79805
1554803280,77.78,77.67,77.71,77.76,16.66461
1554803340,77.71,77.37,77.7,77.4,127.76843
1554803400,77.44,77.4,77.41,77.44,3.31815
1554803460,77.48,77.38,77.44,77.41,36.59758
1554803520,77.51,77.51,77.51,77.51,1.288
1554803580,77.73,77.6,77.6,77.64,44.37085
1554803640,77.69,77.49,77.66,77.5,11.13032
1554803700,77.58,77.49,77.53,77.5,15.52211
1554803760,77.51,77.5,77.5,77.5,39.89894
1554803820,77.5,77.42,77.48,77.42,17.74084
1554803880,77.39,77.3,77.34,77.39,45.79142
1554803940,77.62,77.31,77.32,77.62,37.53542
1554804000,77.7,77.59,77.62,77.69,114.47822
1554804060,77.7,77.63,77.65,77.69,24.54418
1554804120,77.66,77.56,77.66,77.61,32.05477
1554804180,77.75,77.37,77.66,77.44,65.4682
1554804240,77.63,77.41,77.41,77.63,48.34541
1554804300,77.74,77.6,77.74,77.61,10.3999
1554804360,77.58,77.35,77.58,77.39,33.2402
1554804420,77.37,77.13,77.37,77.25,180.95832
1554804480,77.19,77.01,77.19,77.03,279.57165
1554804540,77.11,77.02,77.03,77.11,32.83738
1554804600,77.11,77.03,77.1,77.03,71.67221
1554804660,77.1,76.97,77.09,76.97,190.38847
1554804720,77.08,76.78,76.97,77.08,57.65355
1554804780,77.08,76.81,77.08,76.97,75.96889
1554804840,76.97,76.8,76.97,76.8,14.16473
1554804900,76.95,76.68,76.94,76.75,61.80381
1554804960,76.8,76.44,76.74,76.57,398.05472
1554805020,76.92,76.39,76.57,76.54,461.37293
1554805080,76.65,76.48,76.55,76.61,65.00548
1554805140,76.62,76.34,76.62,76.43,30.54433
1554805200,76.59,76.39,76.39,76.4,31.98661
1554805260,77.39,76.4,76.4,77.23,910.30413
1554805320,77.38,76.43,77.2,76.74,440.25664
1554805380,77.12,76.74,76.74,77.12,30.62693
1554805440,77.2,77.1,77.1,77.2,17.78595
1554805500,77.18,77.18,77.18,77.18,6.67442
1554805560,77.1,76.62,77.1,76.67,151.69544
1554805620,76.83,76.76,76.76,76.83,19.72164
1554805680,76.92,76.78,76.81,76.82,45.92311
1554805740,76.93,76.9,76.92,76.9,20.34124
1554805800,77,76.93,76.94,77,73.87708
1554805860,77.07,76.88,77.03,76.93,78.23644
1554805920,77.26,76.95,76.96,77.2,69.44605
1554805980,77.13,76.99,77.08,77.07,57.72427
1554806040,77.13,76.97,77.05,77.07,49.27824
1554806100,77.13,77.06,77.07,77.13,23.55673
1554806160,77.12,77.03,77.06,77.03,14.055
1554806220,77.08,77.03,77.05,77.03,18.03114
1554806280,77.14,77.03,77.03,77.14,83.33176
1554806340,77.22,77.09,77.18,77.22,45.63153
1554806400,77.26,77.24,77.24,77.26,25.61009
1554806460,77.38,77.25,77.36,77.38,46.29738
1554806520,77.48,77.21,77.45,77.33,53.26626
1554806580,77.48,77.32,77.32,77.43,98.00877
1554806640,77.48,77.4,77.43,77.4,23.91569
1554806700,77.48,77.35,77.4,77.35,35.25694
1554806760,77.43,77.39,77.39,77.43,18.64256
1554806820,77.73,77.43,77.43,77.72,180.65691
1554806880,77.72,77.59,77.7,77.68,37.19193
1554806940,77.75,77.64,77.68,77.66,60.62197
1554807000,77.95,77.66,77.66,77.95,309.8249
1554807060,78.18,77.86,77.95,78.03,249.42471
1554807120,77.99,77.77,77.98,77.77,66.81254
1554807180,77.8,77.7,77.75,77.76,61.64064
1554807240,77.89,77.7,77.77,77.89,67.70839
1554807300,77.93,77.81,77.89,77.82,71.1285
1554807360,77.85,77.78,77.82,77.82,62.99997
1554807420,77.83,77.78,77.83,77.8,34.27218
1554807480,77.84,77.76,77.8,77.82,152.1717
1554807540,77.99,77.82,77.82,77.97,90.73236
1554807600,77.98,77.91,77.97,77.91,20.10753
1554807660,77.98,77.87,77.97,77.87,27.55002
1554807720,77.89,77.56,77.78,77.68,235.08279
1554807780,77.64,77.28,77.64,77.28,324.36635
1554807840,77.57,77.35,77.41,77.57,73.15304
1554807900,77.8,77.51,77.51,77.69,140.22489
1554807960,77.78,77.56,77.59,77.74,47.51886
1554808020,77.94,77.71,77.74,77.85,125.9083
1554808080,77.94,77.83,77.84,77.94,12.86469
1554808140,77.98,77.87,77.95,77.95,50.46082
1554808200,77.99,77.97,77.97,77.99,9.52079
1554808260,78.1,77.99,77.99,78.09,157.41242
1554808320,78.06,77.95,78.01,78.06,11.82033
1554808380,78.1,77.95,77.96,78.1,196.94265
1554808440,78.13,78.06,78.1,78.09,77.22744
1554808500,78.11,78.09,78.1,78.11,19.51848
1554808560,78.09,78.06,78.08,78.06,28.93483
1554808620,78.11,78.01,78.03,78.08,38.73244
1554808680,78.11,78.03,78.05,78.11,27.10894
1554808740,78.12,78.05,78.05,78.08,26.80122
1554808800,78.12,77.95,78.08,78,85.06023
1554808860,78.04,77.91,78.01,78.02,126.19442
1554808920,78.06,78.03,78.03,78.06,2.88311
1554808980,78.13,78.04,78.08,78.12,116.44056
1554809040,78.2,78.14,78.14,78.2,252.80965
1554809100,78.22,78.17,78.17,78.22,12.36066
1554809160,78.26,78.23,78.24,78.26,15.75004
1554809220,78.24,78.15,78.2,78.15,141.44405
1554809280,78.22,77.94,78.15,78.01,151.03143
1554809340,78.25,78.01,78.01,78.16,48.58779
1554809400,78.22,78.11,78.11,78.22,31.20991
1554809460,78.23,78.13,78.18,78.23,17.78563
1554809520,78.3,78.2,78.26,78.22,80.23848
1554809580,78.22,78.14,78.22,78.14,0.51171
1554809640,78.24,78.15,78.24,78.2,16.84154
1554809700,78.22,78.2,78.2,78.2,23.77284
1554809760,78.19,78.18,78.18,78.19,14.98939
1554809820,78.15,78.01,78.15,78.12,13.65923
1554809880,78.02,77.91,78.02,78,87.69141
1554809940,78.14,78.01,78.11,78.1,87.36127
1554810000,78.07,77.91,78.03,78.01,171.96314
1554810060,78.04,78.03,78.04,78.03,2.37421
1554810120,78.08,77.99,78.05,78.08,43.54838
1554810180,78.1,78.01,78.01,78.07,55.54974
1554810240,78.09,77.97,78.09,77.97,25.39681
1554810300,78.05,77.9,77.98,77.92,38.65802
1554810360,77.96,77.82,77.93,77.82,17.3333
1554810420,78.24,77.91,77.91,78.24,63.87199
1554810480,78.2,78.15,78.2,78.19,11.28471
1554810540,78.19,78.19,78.19,78.19,0.15398
1554810600,78.23,78.05,78.19,78.08,28.66084
1554810660,78.16,77.9,78.01,78.16,50.58096
1554810720,78.18,78.08,78.08,78.18,17.8289
1554810780,78.24,78.15,78.15,78.18,130.44103
1554810840,78.28,78.16,78.17,78.18,15.47382
1554810900,78.2,78.13,78.18,78.2,23.086
1554810960,78.28,78.13,78.13,78.28,29.29915
1554811020,78.28,78.18,78.19,78.18,18.96507
1554811080,78.24,78.24,78.24,78.24,8.40922
1554811140,78.4,78.23,78.27,78.38,86.16469
1554811200,78.59,78.38,78.39,78.59,55.63347
1554811260,78.6,78.43,78.6,78.54,77.93168
1554811320,78.57,78.51,78.51,78.57,13.16758
1554811380,78.59,78.52,78.59,78.56,164.47728
1554811440,78.61,78.52,78.52,78.52,58.0334
1554811500,78.55,78.45,78.47,78.55,60.32017
1554811560,78.61,78.51,78.54,78.61,31.29885
1554811620,78.62,78.61,78.61,78.61,14.31859
1554811680,78.7,78.6,78.6,78.7,40.4314
1554811740,78.7,78.57,78.69,78.57,67.89465
1554811800,78.57,78.45,78.57,78.52,36.47003
1554811860,78.54,78.48,78.51,78.54,13.49492
1554811920,78.56,78.44,78.54,78.46,75.14647
1554811980,78.51,78.44,78.5,78.51,19.01664
1554812040,78.6,78.53,78.53,78.57,17.01348
1554812100,78.79,78.62,78.62,78.77,53.36334
1554812160,78.76,78.67,78.76,78.67,33.34105
1554812220,78.72,78.6,78.69,78.66,19.59689
1554812280,78.69,78.6,78.6,78.69,19.4152
1554812340,78.62,78.6,78.6,78.62,34.50578
1554812400,78.65,78.57,78.63,78.57,46.2413
1554812460,78.59,78.52,78.55,78.52,83.79599
1554812520,78.58,78.52,78.57,78.58,35.43453
1554812580,78.62,78.45,78.61,78.48,67.04854
1554812640,78.49,78.41,78.45,78.41,39.29877
1554812700,78.44,78.31,78.42,78.37,13.70285
1554812760,78.61,78.46,78.46,78.61,38.60659
1554812820,78.69,78.6,78.6,78.69,6.24279
1554812880,78.7,78.64,78.64,78.65,30.21778
1554812940,78.7,78.64,78.65,78.65,10.33106
1554813000,78.71,78.65,78.67,78.71,24.66389
1554813060,78.7,78.65,78.69,78.66,69.42524
1554813120,78.9,78.7,78.7,78.84,145.64945
1554813180,78.98,78.84,78.84,78.88,22.45393
1554813240,79,78.73,78.94,78.97,221.15099
1554813300,79.02,78.85,78.95,78.85,85.42829
1554813360,78.93,78.74,78.81,78.86,46.23756
1554813420,78.97,78.87,78.87,78.88,14.67449
1554813480,78.92,78.89,78.92,78.89,22.41623
1554813540,78.96,78.91,78.92,78.96,6.86461
1554813600,78.96,78.73,78.96,78.73,108.62936
1554813660,78.75,78.6,78.75,78.71,233.416
1554813720,78.74,78.7,78.71,78.73,19.82779
1554813780,78.84,78.67,78.73,78.67,70.77554
1554813840,78.88,78.67,78.67,78.85,49.85453
1554813900,78.85,78.81,78.84,78.85,13.01896
1554813960,78.9,78.69,78.77,78.88,136.15715
1554814020,78.9,78.73,78.88,78.74,52.84784
1554814080,78.79,78.68,78.73,78.71,35.03093
1554814140,78.72,78.6,78.64,78.72,51.12813
1554814200,78.82,78.66,78.73,78.79,69.13006
1554814260,78.85,78.73,78.76,78.85,19.9518
1554814320,78.84,78.68,78.82,78.84,18.09301
1554814380,78.79,78.73,78.79,78.73,10.40393
1554814440,78.83,78.69,78.75,78.69,17.17359
1554814500,78.8,78.52,78.71,78.62,184.65453
1554814560,78.7,78.54,78.68,78.59,51.0357
1554814620,78.56,78.36,78.55,78.36,71.45097
1554814680,78.44,78.36,78.43,78.38,20.12969
1554814740,78.41,78.27,78.35,78.41,38.87596
1554814800,78.4,78.35,78.36,78.35,11.84623
1554814860,78.42,78.32,78.36,78.32,71.70781
1554814920,78.4,78.32,78.4,78.32,22.87912
1554814980,78.32,78.2,78.32,78.2,9.98421
1554815040,78.25,78.05,78.19,78.09,204.32052
1554815100,78.43,78.16,78.16,78.43,95.50879
1554815160,78.66,78.49,78.57,78.51,34.99021
1554815220,78.51,78.51,78.51,78.51,25.70132
1554815280,78.55,78.44,78.52,78.55,48.29668
1554815340,78.58,78.5,78.5,78.58,34.83776
1554815400,78.7,78.59,78.59,78.6,12.91213
1554815460,78.7,78.6,78.69,78.6,16.09718
1554815520,78.6,78.51,78.56,78.51,4.81365
1554815580,78.53,78.53,78.53,78.53,10.11269
1554815640,78.5,78.39,78.5,78.44,37.44032
1554815700,78.48,78.44,78.44,78.44,12.14356
1554815760,78.53,78.44,78.46,78.47,26.83865
1554815820,78.58,78.42,78.58,78.47,30.21969
1554815880,78.46,78.38,78.46,78.43,31.00067
1554815940,78.55,78.39,78.39,78.55,57.86963
1554816000,78.79,78.47,78.49,78.75,125.59259
1554816060,78.69,78.6,78.69,78.67,40.21954
1554816120,78.6,78.5,78.6,78.56,40.60581
1554816180,78.56,78.46,78.49,78.56,50.89456
1554816240,78.67,78.56,78.56,78.67,29.72335
1554816300,78.67,78.57,78.63,78.61,28.26789
1554816360,78.61,78.61,78.61,78.61,0
1554816420,78.71,78.63,78.65,78.69,28.56509
1554816480,78.69,78.63,78.69,78.63,3.99485
1554816540,78.68,78.63,78.63,78.63,5.51306
1554816600,78.76,78.63,78.63,78.76,88.73291
1554816660,78.68,78.63,78.68,78.63,17.74923
1554816720,78.66,78.49,78.64,78.56,34.55513
1554816780,78.67,78.52,78.52,78.62,30.20114
1554816840,78.68,78.64,78.64,78.64,12.68899
1554816900,78.64,78.54,78.63,78.54,5.20178
1554816960,78.76,78.58,78.63,78.73,40.43798
1554817020,78.76,78.7,78.74,78.7,10.33078
1554817080,78.74,78.68,78.74,78.73,19.56487
1554817140,78.76,78.7,78.7,78.73,29.04533
1554817200,78.82,78.7,78.78,78.75,71.45461
1554817260,78.82,78.76,78.76,78.78,16.16938
1554817320,78.78,78.75,78.75,78.78,2.49396
1554817380,78.82,78.77,78.78,78.8,23.90573
1554817440,79.1,78.8,78.83,78.87,248.1319
1554817500,78.92,78.85,78.88,78.85,22.71339
1554817560,78.92,78.84,78.88,78.84,27.15494
1554817620,78.91,78.9,78.9,78.91,5.55847
1554817680,78.91,78.64,78.89,78.67,211.03966
1554817740,78.69,78.63,78.64,78.64,38.6544
1554817800,78.69,78.6,78.62,78.63,6.64449
1554817860,78.74,78.63,78.63,78.7,9.72533
1554817920,78.76,78.52,78.71,78.66,148.58723
1554817980,78.73,78.52,78.73,78.52,9.2283
1554818040,78.56,78.38,78.52,78.56,43.76563
1554818100,78.72,78.57,78.57,78.57,26.30375
1554818160,78.76,78.62,78.62,78.73,113.16024
1554818220,78.68,78.45,78.68,78.58,63.15025
1554818280,78.61,78.37,78.59,78.5,30.91649
1554818340,78.59,78.42,78.59,78.42,43.62974
1554818400,78.56,78.42,78.49,78.56,5.8631
1554818460,78.56,78.46,78.56,78.48,15.16813
1554818520,78.53,78.42,78.49,78.51,24.81837
1554818580,78.52,78.37,78.42,78.45,116.28839
1554818640,78.56,78.38,78.45,78.42,41.76471
1554818700,78.55,78.45,78.45,78.46,9.76055
1554818760,78.61,78.46,78.46,78.61,4.57337
1554818820,78.67,78.64,78.65,78.64,20.30061
1554818880,78.62,78.45,78.62,78.45,34.62846
1554818940,78.51,78.38,78.45,78.49,44.66863
1554819000,78.5,78.4,78.48,78.46,24.42986
1554819060,78.46,78.46,78.46,78.46,0
1554819120,78.69,78.51,78.58,78.59,28.65892
1554819180,78.59,78.41,78.58,78.41,22.16934
1554819240,78.58,78.42,78.44,78.52,179.42949
1554819300,78.47,78.43,78.43,78.47,5.38878
1554819360,78.4,78.26,78.4,78.3,76.0034
1554819420,78.23,78.03,78.21,78.13,372.71853
1554819480,78.17,78.05,78.14,78.07,23.14348
1554819540,78.14,78.01,78.07,78.01,7.14228
1554819600,78.07,77.81,78.01,77.95,32.81825
1554819660,78.25,77.97,78.04,78.25,65.34403
1554819720,78.23,78.01,78.13,78.06,24.63704
1554819780,78.27,77.97,78.06,78.02,28.97676
1554819840,78.14,77.96,78.02,78.02,40.35256
1554819900,78.13,77.95,78.02,78.04,14.992
1554819960,78.08,77.89,78.04,78.01,18.02093
1554820020,78.09,77.94,77.95,78.01,19.34088
1554820080,78.19,78.08,78.08,78.18,10.39946
1554820140,78.24,78.16,78.24,78.16,1.1876
1554820200,78.29,78.1,78.17,78.26,13.19911
1554820260,78.2,78.02,78.2,78.17,11.30545
1554820320,78.23,78.17,78.17,78.23,19.58786
1554820380,78.23,78.02,78.23,78.02,5.88121
1554820440,78.12,77.91,78.12,77.91,16.4487
1554820500,77.98,77.71,77.91,77.84,101.80156
1554820560,78.05,77.84,77.84,78.05,23.24996
1554820620,78.32,77.94,78.07,78.27,252.15223
1554820680,78.22,78.1,78.22,78.1,26.42154
1554820740,78.13,78.08,78.08,78.13,6.84703
1554820800,78.14,78.08,78.14,78.08,7.07428
1554820860,78.09,77.95,78,78.03,21.92922
1554820920,78.11,77.99,78.02,78.01,12.20745
1554820980,78.03,77.91,78.03,77.91,29.12907
1554821040,77.96,77.89,77.89,77.96,2.86367
1554821100,78.32,78.08,78.08,78.32,30.0062
1554821160,78.35,78,78.35,78.05,79.35383
1554821220,78.11,78.03,78.11,78.06,12.9395
1554821280,78.06,78,78.06,78,8.55447
1554821340,78.05,77.98,78.03,78.05,13.41193
1554821400,78.11,78.06,78.06,78.11,1.84654
1554821460,78.09,78.07,78.09,78.07,12.10108
1554821520,78.14,78.07,78.09,78.14,5.26904
1554821580,78.14,78.05,78.14,78.11,26.45496
1554821640,78.07,77.97,78.06,77.97,19.52223
1554821700,78.06,77.98,78.05,78.06,9.51752
1554821760,78.1,78.01,78.03,78.09,63.59148
1554821820,78.02,78.01,78.02,78.01,3.37237
1554821880,78.1,78.02,78.04,78.1,41.58595
1554821940,78.16,78.12,78.16,78.12,2.60762
1554822000,78.2,78.12,78.13,78.2,13.37165
1554822060,78.19,78.14,78.14,78.19,11.59513
1554822120,78.65,78.16,78.23,78.37,132.963
1554822180,78.36,78.25,78.36,78.28,40.88776
1554822240,78.33,78.26,78.31,78.33,6.83424
1554822300,78.43,78.33,78.33,78.43,64.13923
1554822360,78.49,78.32,78.41,78.32,8.78943
1554822420,78.39,78.37,78.37,78.39,5.91735
1554822480,78.47,78.03,78.4,78.47,89.47841
1554822540,78.43,78.23,78.36,78.24,2.77388
1554822600,78.33,78.17,78.24,78.32,6.98787
1554822660,78.29,78.21,78.27,78.21,9.18618
1554822720,78.24,78.21,78.24,78.21,5.74624
1554822780,78.25,78.09,78.25,78.11,15.8508
1554822840,78.16,78.12,78.16,78.12,3.1625
1554822900,78.18,78.14,78.14,78.18,4.05133
1554822960,78.29,78.15,78.29,78.23,19.45933
1554823020,78.34,78.22,78.23,78.23,8.00064
1554823080,78.23,78.22,78.22,78.23,3.36311
1554823140,78.29,78.17,78.29,78.26,13.29235
1554823200,78.28,78.23,78.23,78.28,7.07
1554823260,78.39,78.31,78.31,78.39,3.50455
1554823320,78.39,78.39,78.39,78.39,2.21474
1554823380,78.4,78.37,78.37,78.4,7.11908
1554823440,78.45,78.4,78.45,78.44,17.37477
1554823500,78.6,78.45,78.45,78.5,85.92147
1554823560,78.62,78.5,78.55,78.51,22.36674
1554823620,78.48,78.28,78.42,78.39,14.39297
1554823680,78.66,78.33,78.35,78.66,24.54066
1554823740,78.63,78.37,78.56,78.37,18.32548
1554823800,78.46,78.45,78.46,78.45,2.63155
1554823860,78.46,78.44,78.45,78.44,34.18095
1554823920,78.45,78.39,78.45,78.45,12.91738
1554823980,78.55,78.48,78.49,78.48,11.72804
1554824040,78.41,78.34,78.41,78.39,32.75929
1554824100,78.36,78.26,78.34,78.27,14.92095
1554824160,78.27,78.26,78.27,78.27,3.13941
1554824220,78.31,78.27,78.28,78.27,5.11445
1554824280,78.27,78.18,78.27,78.2,23.12542
1554824340,78.26,78.2,78.2,78.23,13.17407
1554824400,78.3,78.06,78.18,78.19,34.0046
1554824460,78.23,78.22,78.23,78.22,6.87592
1554824520,78.24,78.24,78.24,78.24,2.86519
1554824580,78.25,78.25,78.25,78.25,5.67193
1554824640,78.41,78.27,78.27,78.41,139.0209
1554824700,78.37,78.32,78.33,78.35,10.55589
1554824760,78.42,78.36,78.42,78.36,1.70762
1554824820,78.53,78.15,78.34,78.53,74.33928
1554824880,78.38,78.07,78.37,78.12,47.32907
1554824940,78.49,78.16,78.16,78.27,6.03036
1554825000,78.32,78.16,78.24,78.32,60.90885
1554825060,78.42,78.3,78.4,78.36,22.66057
1554825120,78.46,78.46,78.46,78.46,1.8175
1554825180,78.47,78.05,78.42,78.2,97.74211
1554825240,78.19,78.11,78.19,78.12,4.4196
1554825300,78.35,78.15,78.16,78.24,28.23452
1554825360,78.27,78.07,78.27,78.17,16.75556
1554825420,78.15,78.05,78.15,78.06,10.67788
1554825480,78.15,78.05,78.06,78.15,8.69346
1554825540,78.14,78.05,78.07,78.05,22.53274
