1538668800,6602.99,6596.34,6598,6599.14,57.029091
1538668860,6602.94,6597.53,6602.91,6597.65,12.244668
1538668920,6601.57,6597.5,6597.69,6600.29,41.70336
1538668980,6602.91,6600.29,6602.16,6602.4,17.208229
1538669040,6605,6602.41,6602.41,6604.46,18.902521
1538669100,6605,6604,6604.6,6604.79,7.654324
1538669160,6607,6604.79,6604.86,6605.03,11.864253
1538669220,6606.82,6605,6605,6605.01,36.307356
1538669280,6605.49,6600,6605.01,6600.04,45.231539
1538669340,6603.82,6600.07,6601.12,6603.71,9.924038
1538669400,6604.54,6601.89,6602.82,6602.8,9.123272
1538669460,6605.45,6601.22,6603.23,6605.01,32.629204
1538669520,6606,6605,6605.01,6605.79,11.873114
1538669580,6608.54,6605.78,6605.78,6608.01,23.909304
1538669640,6608.72,6608,6608.01,6608.05,20.598109
1538669700,6610.55,6608.36,6608.36,6608.94,61.785465
1538669760,6610,6600,6610,6603.73,83.049786
1538669820,6603.73,6600.37,6603.73,6601.32,5.221721
1538669880,6607.84,6601.01,6602.01,6606.68,45.039919
1538669940,6606.6,6601,6606.6,6602.05,4.794552
1538670000,6606.68,6602.05,6602.53,6604.09,8.66703
1538670060,6606.68,6604.06,6605.05,6604.17,8.832945
1538670120,6606.49,6603.98,6604.16,6603.99,8.34654
1538670180,6606.21,6602,6605.11,6602.01,6.080369
1538670240,6603.93,6600,6602.53,6602.01,5.990786
1538670300,6606.17,6600.03,6602,6606.17,7.268621
1538670360,6606.17,6602.28,6606.17,6605,5.228065
1538670420,6605.85,6600,6605.01,6600.03,20.103626
1538670480,6603.97,6600,6600.05,6600.23,27.578763
1538670540,6601,6600,6600.22,6600,22.181561
1538670600,6604.81,6600,6600.01,6600.14,19.505616
1538670660,6602.28,6600.01,6600.08,6600.58,9.838174
1538670720,6602.27,6600,6601.42,6600.01,10.225459
1538670780,6602,6600,6602,6600,6.670705
1538670840,6601,6600,6600,6600.11,5.377014
1538670900,6601.94,6600,6600.11,6600,13.431644
1538670960,6601.43,6600,6600,6600.01,18.503352
1538671020,6601.4,6600,6600.01,6600.01,21.28649
1538671080,6601.08,6600.01,6601.07,6600.52,15.869197
1538671140,6600.51,6600.03,6600.51,6600.06,25.383907
1538671200,6600.06,6596.07,6600.04,6596.08,58.303404
1538671260,6597.57,6593.84,6596.08,6595.02,46.01175
1538671320,6597.56,6595.01,6595.02,6597.54,51.196582
1538671380,6599.78,6595.54,6597.55,6595.95,14.240555
1538671440,6599.99,6595.95,6595.95,6599.78,23.868407
1538671500,6600,6598.89,6599.78,6598.89,50.506862
1538671560,6599.9,6595.97,6598.89,6597.45,43.58011
1538671620,6597.44,6593.64,6596.48,6593.7,6.859803
1538671680,6593.82,6593.65,6593.7,6593.67,18.125476
1538671740,6596.09,6593.65,6596.09,6593.9,11.681961
1538671800,6593.97,6593.64,6593.76,6593.67,37.40615
1538671860,6593.7,6592.57,6593.65,6592.98,45.16337
1538671920,6600.89,6590.97,6592.57,6598.99,70.288796
1538671980,6599,6596.82,6597.91,6598.95,17.87333
1538672040,6598.98,6596.76,6598.95,6598,13.562127
1538672100,6597.89,6593.92,6597.89,6593.92,4.379495
1538672160,6593.92,6591.07,6593.92,6591.13,7.752935
1538672220,6592.97,6586,6592.96,6589.6,51.764809
1538672280,6592.72,6586.05,6586.05,6590,21.949584
1538672340,6590,6586.52,6590,6586.52,11.143914
1538672400,6591,6586.55,6588.52,6590.28,9.795534
1538672460,6590.99,6587.75,6590.28,6590.02,8.924533
1538672520,6590.01,6587.9,6587.9,6589.96,12.484311
1538672580,6590,6586.12,6588.98,6586.14,10.669263
1538672640,6591,6586.15,6586.99,6590,11.353146
1538672700,6591,6589.99,6590.01,6590.96,6.355199
1538672760,6591,6587.86,6590.96,6587.93,2.905117
1538672820,6590.98,6588.07,6588.97,6588.12,7.629945
1538672880,6588.12,6586.11,6588.12,6588.12,11.872636
1538672940,6590.24,6586.16,6590.24,6588,17.443306
1538673000,6590.18,6586.5,6587.25,6588.04,7.923006
1538673060,6591,6588.04,6589.11,6590.2,4.199997
1538673120,6591,6588.4,6590.19,6590.22,3.735048
1538673180,6593.92,6590.21,6591,6591.02,8.207843
1538673240,6591.98,6590.21,6591.01,6590.22,4.034719
1538673300,6592.41,6590.21,6590.21,6590.22,1.540252
1538673360,6594,6590.21,6590.21,6590.99,11.627748
1538673420,6592.99,6587.25,6591.06,6589.99,6.208228
1538673480,6590,6583.99,6589.99,6583.99,10.788973
1538673540,6587.58,6584,6584.5,6585.09,24.454357
1538673600,6587.45,6585,6585.17,6587.24,5.930095
1538673660,6587.54,6587.1,6587.17,6587.52,4.485789
1538673720,6590.11,6587.51,6587.51,6587.58,5.351619
1538673780,6592,6587.68,6590,6588.08,6.003238
1538673840,6592.03,6588.08,6589.41,6591.04,6.417214
1538673900,6592.03,6590,6592.03,6590.02,6.062132
1538673960,6593.27,6590,6590.02,6592.96,9.921896
1538674020,6592.92,6590.01,6592.92,6592.63,3.965204
1538674080,6592.63,6590.1,6590.1,6590.16,6.296736
1538674140,6591.95,6590.12,6590.15,6590.12,6.740909
1538674200,6591.92,6590.12,6591.92,6590.18,3.439523
1538674260,6591.71,6590.05,6590.18,6590.05,8.816066
1538674320,6590.99,6590.04,6590.53,6590.99,8.824171
1538674380,6590.99,6589.02,6590.52,6589.03,36.438973
1538674440,6590.97,6589.02,6589.03,6590.88,28.198932
1538674500,6591.91,6589.09,6590.9,6591.02,5.212084
1538674560,6593,6591.01,6591.02,6592.03,5.611153
1538674620,6594.33,6592.02,6593,6594.3,5.481474
1538674680,6596,6593.02,6593.02,6594.21,19.166511
1538674740,6597,6594.22,6594.61,6595.01,15.465057
1538674800,6595.01,6595,6595,6595.01,3.193226
1538674860,6596.91,6592.42,6595.01,6592.46,14.81174
1538674920,6595.73,6592.5,6592.5,6593.31,3.56175
1538674980,6597,6593.42,6595.61,6596.96,11.716468
1538675040,6597,6593.68,6593.69,6595.05,3.048077
1538675100,6597,6595.04,6596.93,6595.91,59.279925
1538675160,6597,6595.1,6595.91,6595.15,56.41072
1538675220,6596.49,6595.12,6595.15,6596.42,17.977748
1538675280,6595.79,6595,6595.78,6595,13.100525
1538675340,6596.71,6593,6595.01,6593.38,2.659345
1538675400,6596.5,6593.04,6593.37,6594.12,4.916784
1538675460,6596.43,6593,6595.28,6596.06,32.240604
1538675520,6598,6594.06,6595.05,6595.27,22.095382
1538675580,6598,6595.26,6597,6597.05,34.069084
1538675640,6598,6597.02,6597.05,6597.98,29.908623
1538675700,6598,6596,6597.02,6598,10.456095
1538675760,6598,6596,6597.14,6596.25,5.951851
1538675820,6598,6596.25,6596.26,6597.96,4.477431
1538675880,6598,6596.3,6597.96,6596.33,5.242428
1538675940,6598,6595.25,6596.3,6596.04,19.040308
1538676000,6599,6595.36,6596.05,6598.99,31.66201
1538676060,6600,6597.36,6598.99,6599.08,9.879198
1538676120,6599.93,6596.07,6599.07,6597.12,4.933695
1538676180,6600,6597.13,6599.86,6599.98,8.304824
1538676240,6602,6600,6600,6600.53,4.840443
1538676300,6607,6600.54,6601.25,6603.99,29.693444
1538676360,6605.99,6603.26,6603.26,6604.02,53.54054
1538676420,6611,6604.02,6604.91,6608.07,35.216087
1538676480,6614.28,6608.12,6610.95,6614.28,17.069195
1538676540,6615.93,6611.29,6614.25,6615.04,41.745276
1538676600,6618,6611.6,6615.44,6612.06,9.900405
1538676660,6615.83,6612,6613.95,6614.31,10.759176
1538676720,6614.97,6612.09,6613.05,6613.98,11.472956
1538676780,6615.81,6612.19,6612.19,6612.32,14.821833
1538676840,6615.79,6612.42,6615.41,6612.63,4.4318
1538676900,6614.93,6612.01,6613.76,6612.13,8.463698
1538676960,6614.5,6612.13,6612.13,6612.22,4.688877
1538677020,6614.34,6611,6612.22,6611.01,10.604538
1538677080,6616,6610.52,6611.01,6616,11.389709
1538677140,6618,6611.03,6616,6612.07,11.365287
1538677200,6614.71,6611.11,6612.08,6613.03,5.940204
1538677260,6617.88,6613.01,6613.73,6617.21,46.98751
1538677320,6617.61,6613.07,6615.52,6616.69,14.97215
1538677380,6615.99,6613.68,6615.99,6614.01,34.68198
1538677440,6614.9,6611.61,6614.01,6611.61,10.411503
1538677500,6612.98,6610.01,6611.6,6612.01,49.348216
1538677560,6612.82,6608.51,6612.45,6609.02,34.666062
1538677620,6611.81,6608,6609.52,6609.05,50.499339
1538677680,6611.56,6609.04,6610.01,6611,43.559364
1538677740,6611,6609.04,6611,6610.86,2.59857
1538677800,6611.88,6609.06,6609.06,6611.87,5.288595
1538677860,6616.72,6611.69,6611.85,6615,20.799005
1538677920,6618,6615.29,6616.39,6616.68,23.037605
1538677980,6616.69,6611.89,6616.12,6614.98,6.561369
1538678040,6615,6612,6614.98,6614.94,5.890354
1538678100,6615,6610,6615,6611.98,10.907184
1538678160,6611.96,6609.07,6611.18,6609.07,19.887096
1538678220,6610.09,6603.04,6609.62,6605.86,75.898279
1538678280,6607.87,6605.09,6605.09,6606.28,51.102713
1538678340,6607.95,6605.08,6606.27,6605.12,26.620584
1538678400,6606.5,6605.09,6605.12,6605.18,5.297734
1538678460,6607.83,6605.16,6605.17,6607.26,5.607217
1538678520,6609.54,6605.16,6607.26,6609.54,6.572086
1538678580,6611.49,6608.59,6609.12,6611.49,4.838121
1538678640,6616.28,6609.58,6611.49,6613.95,21.081975
1538678700,6616.28,6609.69,6609.69,6611.11,43.8978
1538678760,6611.46,6605.12,6611.11,6606,53.361627
1538678820,6606,6603,6605.99,6603.67,36.477971
1538678880,6606,6603.42,6603.54,6603.52,18.0301
1538678940,6606.17,6603.41,6603.54,6606.17,26.751971
1538679000,6610,6606.34,6606.34,6607.52,14.183316
1538679060,6607.52,6607,6607.52,6607.17,13.226158
1538679120,6609,6606.16,6607.19,6607.28,11.989501
1538679180,6613,6606.88,6607.29,6609.28,28.686669
1538679240,6614.29,6607.79,6609.28,6610.01,23.456334
1538679300,6613.83,6607.98,6613.83,6610.05,22.927215
1538679360,6613.52,6610.03,6610.25,6610.51,5.536612
1538679420,6613.43,6610.03,6610.6,6610.6,9.568921
1538679480,6610.59,6609.17,6610.31,6609.94,8.721381
1538679540,6613.34,6608.07,6608.42,6608.08,8.668488
1538679600,6612.87,6608.16,6608.16,6612.53,9.337238
1538679660,6612.25,6610.21,6610.21,6610.32,3.820791
1538679720,6612.09,6610.22,6610.32,6612.09,11.517518
1538679780,6612.57,6608.78,6612.08,6611.95,12.610744
1538679840,6612,6608.89,6608.89,6611.89,5.649174
1538679900,6611.85,6609.2,6611.85,6611.76,3.794609
1538679960,6614.04,6610.03,6611.81,6614.03,29.491085
1538680020,6615,6612.02,6614.04,6614.98,31.330206
1538680080,6615.18,6614.03,6614.95,6615.03,33.958523
1538680140,6616.47,6614.99,6615.03,6615.03,41.124276
1538680200,6618.22,6615.03,6615.77,6618.19,11.517676
1538680260,6620,6615.89,6618.19,6619.92,11.026464
1538680320,6619.91,6612.2,6616.6,6614.98,4.639571
1538680380,6614.97,6612.28,6614.97,6612.9,2.363736
1538680440,6618,6612.9,6612.9,6615.32,3.528442
1538680500,6617.99,6615.33,6615.33,6616.01,4.034977
1538680560,6618.37,6616.02,6616.95,6616.56,5.082473
1538680620,6620.4,6616.58,6618.33,6620.01,9.975097
1538680680,6620.41,6616.1,6620,6616.1,10.495239
1538680740,6620.01,6616.09,6616.94,6616.59,1.849601
1538680800,6620.28,6616.91,6619.77,6620.03,16.539463
1538680860,6620.04,6617.12,6620.03,6617.8,4.016824
1538680920,6619.98,6617.79,6618.85,6617.89,13.590597
1538680980,6619.96,6612.47,6617.89,6612.47,14.296098
1538681040,6614.97,6612.47,6613.24,6613.51,10.444483
1538681100,6618.58,6613.5,6613.51,6617.26,4.447903
1538681160,6617.92,6614.25,6617.25,6617.01,17.29773
1538681220,6617.25,6617,6617.25,6617.16,15.742485
1538681280,6617.24,6617,6617.15,6617.11,7.957153
1538681340,6617.24,6617,6617.11,6617.02,12.47396
1538681400,6617.41,6615,6617.01,6615.01,22.85805
1538681460,6621.49,6614.5,6615.98,6617.37,14.590282
1538681520,6617.46,6606.16,6617.46,6609.11,28.721948
1538681580,6614.02,6609.07,6609.07,6611.11,11.211712
1538681640,6615.22,6611.17,6611.17,6612.82,3.868357
1538681700,6614.99,6611,6612.85,6611.01,23.930208
1538681760,6612.82,6607.37,6611.91,6612.82,44.224131
1538681820,6612.82,6611.02,6611.04,6611.06,46.6056
1538681880,6612.73,6607.44,6611.91,6607.44,27.110153
1538681940,6611,6607.65,6610.97,6608.85,17.121586
1538682000,6610.86,6608,6609.85,6609.5,36.129977
1538682060,6613.9,6609.5,6609.5,6613.01,32.382553
1538682120,6614.77,6611.98,6613,6614.48,17.540584
1538682180,6614.59,6613.01,6614.49,6613.01,23.876778
1538682240,6613.03,6609.59,6613,6613.01,22.901493
1538682300,6614.51,6609.82,6613,6613.61,19.727516
1538682360,6614.41,6610.03,6614.41,6610.22,10.510495
1538682420,6614.51,6610.52,6610.55,6612.15,6.25703
1538682480,6614.27,6612.14,6613.21,6612.18,10.162844
1538682540,6614,6612.14,6613.04,6612.17,7.382633
1538682600,6613.07,6610,6612.57,6610,6.351836
1538682660,6612.16,6608.08,6610.01,6610,7.642394
1538682720,6612.61,6608.08,6610,6609.71,3.179355
1538682780,6612.77,6609.79,6609.79,6612,3.24209
1538682840,6614,6610.01,6614,6610.01,4.671783
1538682900,6614,6609.97,6610.17,6610.22,11.98866
1538682960,6613.46,6609.22,6611.86,6613.19,5.51054
1538683020,6613.49,6610.76,6613.19,6613,7.500957
1538683080,6615.02,6612.99,6613.49,6613.03,31.171482
1538683140,6615,6611.09,6614.93,6611.09,12.175262
1538683200,6615.39,6611,6612.05,6614,22.460063
1538683260,6615.39,6614,6614,6615.21,12.758938
1538683320,6616,6615.02,6615.03,6615.19,44.140519
1538683380,6616.93,6615.02,6615.19,6616.93,23.965707
1538683440,6617.13,6615,6615.5,6615.56,5.523027
1538683500,6616.97,6615,6616.97,6615.61,13.245208
1538683560,6616.75,6614.01,6616.18,6614.19,9.253366
1538683620,6616.53,6614.01,6614.92,6615.01,18.054765
1538683680,6615,6611.07,6615,6614,7.333929
1538683740,6614.95,6613.07,6614,6614.93,6.956522
1538683800,6615,6613.07,6614.95,6614,9.160188
1538683860,6614,6594.39,6614,6595.01,79.856831
1538683920,6600.91,6583.99,6595.01,6592.04,46.13349
1538683980,6603.57,6590,6592.03,6596.21,17.661758
1538684040,6600.62,6593,6595.51,6597.9,14.194582
1538684100,6603.07,6595.09,6595.09,6600.29,13.340543
1538684160,6603.01,6595.07,6600.31,6597.83,7.379948
1538684220,6599.38,6587.88,6597.83,6589.92,25.407863
1538684280,6588.58,6583,6587.22,6588,21.025079
1538684340,6594.19,6587.57,6588,6587.58,39.150331
1538684400,6594.13,6586,6587.9,6590.77,8.417825
1538684460,6594.18,6588.41,6590.77,6592.79,20.322939
1538684520,6593.15,6585.84,6590.01,6587.84,19.986357
1538684580,6592.29,6584.75,6585.87,6586.04,11.605435
1538684640,6590.92,6582.18,6586.02,6590.92,14.42366
1538684700,6593.95,6585.73,6592.29,6588.71,11.354506
1538684760,6592.95,6588.52,6588.69,6591.98,17.336224
1538684820,6593.95,6590.47,6591.98,6592.96,21.290035
1538684880,6597.75,6591.02,6593,6595,10.488058
1538684940,6596.95,6585.23,6596.95,6593.03,19.349005
1538685000,6595,6593.02,6594.55,6594.53,4.844826
1538685060,6594.68,6590,6594.52,6592.93,4.27474
1538685120,6593.02,6590.01,6592.85,6592.5,46.459744
1538685180,6594.3,6590.06,6592.5,6594,60.781434
1538685240,6597.05,6591.41,6594.03,6594,16.276413
1538685300,6597.48,6594.01,6597.04,6594.33,9.68494
1538685360,6598.73,6594.32,6594.35,6594.49,3.574685
1538685420,6597.93,6594.53,6597.93,6596.88,2.821227
1538685480,6598.36,6594.32,6597.88,6598.35,12.151859
1538685540,6598.37,6596,6598.35,6597.85,19.75373
1538685600,6597.86,6593.89,6597.86,6595.99,17.055809
1538685660,6595.99,6591.34,6595.99,6591.34,4.267031
1538685720,6592,6587.99,6591.67,6588.21,7.186518
1538685780,6590.99,6588.25,6590.89,6588.57,2.635877
1538685840,6594.2,6588.54,6588.57,6593.87,7.764304
1538685900,6592.99,6585.29,6592.02,6589.96,12.963754
1538685960,6590.3,6585.35,6589.96,6585.35,7.276286
1538686020,6589.99,6585.35,6588.92,6589.94,9.648495
1538686080,6589.92,6585.62,6587.87,6586,5.494042
1538686140,6588,6586,6586.98,6587.99,6.557781
1538686200,6596.95,6587,6587,6596.13,51.547506
1538686260,6599,6594.14,6596.47,6598.39,2.269518
1538686320,6598.99,6594.4,6598.7,6598.9,5.758383
1538686380,6598.9,6595.23,6598.85,6595.36,3.266823
1538686440,6596.18,6594.24,6595.36,6594.43,3.557473
1538686500,6595,6591.4,6594.71,6594.85,2.256979
1538686560,6594.85,6591.5,6591.51,6591.5,6.143281
1538686620,6591.56,6590.01,6591.49,6590.53,5.332501
1538686680,6594.85,6589.42,6590.27,6590.21,9.028642
1538686740,6593.78,6590.31,6593.65,6593.7,4.833021
1538686800,6593.7,6590.54,6590.54,6593.65,3.830277
1538686860,6594.99,6589.07,6593.63,6589.08,10.05191
1538686920,6596,6589.08,6589.77,6591.15,5.59449
1538686980,6595.4,6591.17,6591.17,6593.87,3.10403
1538687040,6593.97,6591.5,6593.87,6591.61,4.109158
1538687100,6593.39,6591.06,6592.5,6592,7.455395
1538687160,6592.53,6591.1,6592,6591.1,6.771316
1538687220,6592,6590.2,6591.1,6590.2,7.08271
1538687280,6591.03,6581.43,6591.03,6586.11,14.297281
1538687340,6590.22,6581.44,6586.11,6585.95,8.171968
1538687400,6585.95,6581.11,6585.95,6583.5,40.733434
1538687460,6584,6581.5,6583.5,6583.97,15.92929
1538687520,6585.94,6581.62,6581.62,6583.01,14.02192
1538687580,6583.96,6575.48,6583.96,6575.6,39.369331
1538687640,6578.1,6575,6576.72,6576.3,16.509539
1538687700,6578.05,6573.4,6575.1,6578,17.37636
1538687760,6577,6573.4,6575.18,6573.42,25.043888
1538687820,6575.19,6572.81,6573.41,6572.81,41.611393
1538687880,6574.97,6572,6573.89,6572,31.238948
1538687940,6573.98,6572,6572,6573.98,42.049977
1538688000,6576.99,6557,6572.99,6566.46,96.8134
1538688060,6568.95,6557.02,6566.46,6560,49.261847
1538688120,6565.83,6557,6560,6562,68.679685
1538688180,6569,6557.15,6561.74,6569,30.494074
1538688240,6569,6559.95,6560,6567.95,19.577631
1538688300,6569.31,6563,6564.35,6568.89,10.034382
1538688360,6569.31,6565.13,6565.13,6568.78,12.328441
1538688420,6568.8,6560.45,6565.15,6562.33,25.712093
1538688480,6565.16,6560,6560.45,6562.02,11.52692
1538688540,6566.71,6561.51,6562.02,6562.03,68.265419
1538688600,6563.52,6561.51,6562.02,6563,48.397623
1538688660,6565.23,6561.9,6563.01,6565.21,39.656437
1538688720,6572.97,6563.24,6564.23,6571.94,78.590411
1538688780,6580.04,6571.91,6575.2,6574.1,7.425795
1538688840,6574.95,6572.12,6574.1,6573.03,5.092474
1538688900,6574.94,6573,6573,6573.99,6.963028
1538688960,6574.94,6573.97,6574.38,6574.94,5.920867
1538689020,6579,6575,6575.63,6576.08,5.493765
1538689080,6581,6576.07,6576.07,6578.21,10.882678
1538689140,6578.89,6575.17,6578.22,6575.19,7.523905
1538689200,6581.17,6575.18,6575.18,6575.26,4.792118
1538689260,6581.16,6575.22,6578.87,6579.82,4.804785
1538689320,6581.16,6578.96,6579.61,6581.16,9.839326
1538689380,6587.92,6580,6581.16,6587.08,46.924079
1538689440,6592.63,6586.79,6587.08,6592.63,103.284104
1538689500,6593.31,6588.23,6592.98,6593.3,10.985109
1538689560,6593.11,6590.56,6590.56,6590.85,2.146502
1538689620,6592.99,6588,6590.86,6588,11.812332
1538689680,6597.79,6588.02,6589.01,6595.57,18.999581
1538689740,6597.73,6591.3,6597.72,6593.77,32.416516
1538689800,6593.99,6590,6593.88,6590,37.685231
1538689860,6598.82,6590.09,6593.6,6593.23,11.37312
1538689920,6596.77,6593.47,6593.47,6593.62,23.620491
1538689980,6597,6593.55,6593.58,6594,26.278674
1538690040,6594.01,6593.55,6594,6593.55,9.436818
1538690100,6593.99,6590.56,6593.77,6592.9,26.789122
1538690160,6592.9,6589.2,6591,6589.99,26.622473
1538690220,6590.95,6587.93,6589.99,6588,31.489455
1538690280,6589.9,6588,6588.44,6588.97,49.109265
1538690340,6592.57,6588.96,6589.9,6588.98,30.151183
1538690400,6592.35,6588.96,6589,6589.13,27.133322
1538690460,6591.79,6588,6588.98,6591.77,2.604237
1538690520,6591.77,6589.07,6589.07,6590.94,3.165325
1538690580,6591.99,6589.25,6590.95,6591,13.289397
1538690640,6592.19,6590,6591.1,6590.01,13.552927
1538690700,6592.57,6590,6590,6592.56,11.46113
1538690760,6593.99,6592.56,6592.56,6592.58,8.718775
1538690820,6595.93,6592.57,6593.28,6595,9.018531
1538690880,6595.87,6592.73,6592.73,6595.84,14.531952
1538690940,6596.98,6594.01,6595.84,6595,12.091194
1538691000,6596.98,6595,6595,6595.99,10.785036
1538691060,6596.98,6595.84,6595.99,6596.98,2.016978
1538691120,6596.98,6592.78,6596,6596.75,2.987623
1538691180,6600.02,6596.73,6596.73,6597.01,36.377261
1538691240,6599.9,6597.01,6599.84,6599.41,1.451647
1538691300,6600,6597.22,6599,6599,3.446621
1538691360,6602,6599,6599.01,6602,3.289007
1538691420,6610.3,6601,6602,6607.44,20.925783
1538691480,6613,6602.25,6609.88,6611.01,10.963363
1538691540,6613,6605.6,6613,6609.94,4.608363
1538691600,6609.29,6601.79,6606.15,6603.71,24.939245
1538691660,6604.9,6603.71,6604.9,6603.71,1.20931
1538691720,6604.93,6601,6603.71,6601,2.093085
1538691780,6601.96,6601,6601.96,6601.01,8.905945
1538691840,6601.89,6599.92,6601,6600.01,3.068251
1538691900,6601,6599.08,6601,6600,2.802344
1538691960,6602.66,6598.3,6599.08,6602.66,7.935699
1538692020,6605,6601.11,6604,6601.78,7.463272
1538692080,6602.56,6598.3,6601.78,6601.71,0.241536
1538692140,6601.69,6592.88,6601.69,6592.88,6.377906
1538692200,6595.77,6592.9,6595.65,6595.77,2.265312
1538692260,6601.56,6596.03,6598.72,6601.55,2.317215
1538692320,6599.26,6592.96,6598.6,6593.9,1.45017
1538692380,6595.26,6592.56,6593,6592.56,4.187423
1538692440,6592.96,6592.5,6592.95,6592.94,2.966013
1538692500,6593,6592.5,6592.94,6592.51,0.212461
1538692560,6594,6592.5,6592.5,6592.5,1.017195
1538692620,6594.41,6592.5,6594.41,6593,0.127883
1538692680,6593.59,6593,6593,6593.58,0.323013
1538692740,6595.19,6593.58,6593.58,6595.19,0.985213
1538692800,6598.97,6595.19,6595.19,6598.97,1.539966
1538692860,6601.33,6595.56,6598.95,6601.33,19.093589
1538692920,6605,6601,6601,6602.01,10.498785
1538692980,6604.97,6602.03,6604.96,6604.95,0.615551
1538693040,6604.97,6602.04,6603.5,6603.99,0.980158
1538693100,6604.96,6602.05,6604,6602.05,2.098279
1538693160,6602.05,6600,6602.05,6600.5,0.709494
1538693220,6600.5,6593.93,6600.5,6600.14,2.129972
1538693280,6600,6597.22,6598.22,6598.27,3.536107
1538693340,6600,6598.22,6600,6599.09,0.298624
1538693400,6604.34,6598.22,6598.22,6601.25,12.015329
1538693460,6603.77,6600,6603.05,6600.01,0.578376
1538693520,6600.01,6600.01,6600.01,6600.01,0.133087
1538693580,6601.12,6595.16,6601.12,6595.16,2.329879
1538693640,6596.85,6592.59,6595.16,6596.85,1.161074
1538693700,6596.85,6593.9,6596.85,6594.73,0.415572
1538693760,6594.5,6591.17,6594.5,6591.17,1.26482
1538693820,6593.85,6591.17,6591.18,6591.17,0.225068
1538693880,6593.67,6590,6591.17,6590.98,6.556474
1538693940,6591.59,6590.01,6590.98,6591.59,0.914049
1538694000,6600.01,6591,6591.59,6595.08,3.854969
1538694060,6600.01,6595.94,6599.59,6596.06,0.460548
1538694120,6597.16,6596.26,6596.26,6597.05,0.321535
1538694180,6600,6597,6597.05,6597.08,1.210047
1538694240,6599.48,6597.08,6597.08,6597.08,1.840978
1538694300,6599.26,6591.77,6597.08,6595.21,2.650722
1538694360,6597,6591.77,6591.77,6597,2.308687
1538694420,6597.75,6594.24,6597,6594.26,1.277209
1538694480,6596.72,6594.26,6594.26,6596.49,2.201131
1538694540,6597,6594.27,6594.27,6594.35,4.81029
1538694600,6598.4,6594.35,6594.35,6594.8,1.430383
1538694660,6600,6595,6596.99,6595,9.880711
1538694720,6595,6592.66,6595,6594.13,1.16836
1538694780,6595.02,6593.99,6594.13,6593.99,0.503683
1538694840,6595.02,6594.11,6594.43,6595.02,0.402155
1538694900,6595,6593.99,6594.12,6594.1,1.264926
1538694960,6594.15,6593.99,6594.1,6593.99,1.35276
1538695020,6595,6594.09,6594.09,6595,5.443058
1538695080,6596.73,6593.99,6594.4,6595.02,5.015284
1538695140,6596.73,6589.14,6596.73,6589.16,28.66748
1538695200,6594.09,6589.25,6593.58,6589.42,2.839752
1538695260,6591.99,6588.59,6591.99,6589.18,6.868789
1538695320,6589.89,6587.84,6589.18,6589.5,3.280878
1538695380,6593,6587.85,6589.5,6593,1.79931
1538695440,6592.53,6589.99,6590,6592.5,0.459518
1538695500,6592.98,6590,6592.5,6590.03,2.901512
1538695560,6592.3,6587.84,6592.3,6587.85,0.929344
1538695620,6591.36,6587.85,6591.36,6590.91,1.041742
1538695680,6590.94,6588,6588.03,6589.32,0.582921
1538695740,6590.84,6587.84,6590.84,6588.11,0.479048
1538695800,6590.85,6588.11,6588.11,6589.32,0.68026
1538695860,6590.74,6588.88,6590.73,6590.74,1.269865
1538695920,6594.81,6588.13,6589,6594.81,16.061937
1538695980,6594.18,6590.04,6594.18,6593,0.819846
1538696040,6594.8,6587.13,6593,6589.26,12.063063
1538696100,6589.24,6581.36,6589.24,6587.13,9.224279
1538696160,6589.03,6585.65,6587.13,6588.88,2.486397
1538696220,6588.95,6582.05,6588.88,6588.5,2.320954
1538696280,6588.96,6583.36,6583.36,6588,4.1279
1538696340,6588,6586.36,6588,6586.36,1.020702
1538696400,6587.97,6583.01,6587.97,6583.25,1.310098
1538696460,6585.55,6579.85,6583.25,6584.75,26.376401
1538696520,6584.78,6580.2,6580.23,6584.69,8.619271
1538696580,6586.55,6580.76,6584.69,6581.01,1.204845
1538696640,6586.57,6581.01,6581.01,6585,0.889953
1538696700,6588.73,6582.23,6585.96,6585.86,3.397709
1538696760,6588.65,6585.86,6585.86,6586.01,0.6825
1538696820,6588.52,6582.26,6588.52,6583.92,7.432662
1538696880,6587.34,6583.92,6583.99,6585.89,2.004479
1538696940,6587.31,6583.92,6585.89,6586,1.208174
1538697000,6587.3,6584.06,6586,6584.1,2.484025
1538697060,6589.25,6584.12,6584.12,6588.55,3.005754
1538697120,6589.25,6584.2,6588.56,6589.24,11.216599
1538697180,6589.25,6584.71,6584.71,6589.25,2.79219
1538697240,6590,6587.09,6587.09,6589.97,0.566249
1538697300,6590.25,6589.99,6590,6590.05,1.297808
1538697360,6593.1,6590.05,6590.05,6592.91,1.993361
1538697420,6594.34,6592.01,6592.91,6592.03,6.040005
1538697480,6594.26,6590.09,6592.03,6590.13,0.94481
1538697540,6593.91,6590.14,6590.16,6593.79,0.612639
1538697600,6596.28,6591.69,6591.69,6596.15,7.554605
1538697660,6598.91,6591.53,6596.24,6593.77,7.220807
1538697720,6599.32,6594.18,6594.18,6599.28,3.473584
1538697780,6599.99,6593.77,6599.28,6593.87,2.863906
1538697840,6599.96,6594.05,6599.92,6599,2.695698
1538697900,6599,6597,6598.98,6599,1.000648
1538697960,6599.94,6597,6597,6597.02,3.982788
1538698020,6599.55,6593.81,6597.02,6597,6.375726
1538698080,6600.01,6595.04,6595.04,6595.87,10.730372
1538698140,6600.74,6595.96,6599.7,6597.4,2.063055
1538698200,6600.66,6597.39,6597.4,6600.66,2.146692
1538698260,6600,6594.11,6600,6597.93,3.547563
1538698320,6599.98,6594.3,6594.3,6597.93,3.699722
1538698380,6599.98,6594.43,6597.93,6597.05,2.019139
1538698440,6600,6597.06,6597.06,6597.07,1.067551
1538698500,6599.97,6594.46,6599.89,6594.47,3.560905
1538698560,6599.34,6594.47,6597.03,6594.48,2.416763
1538698620,6599.74,6594.48,6599.19,6599.31,3.661171
1538698680,6599,6594.58,6594.58,6599,1.159322
1538698740,6600,6598.99,6599,6600,1.597964
1538698800,6603,6599.2,6599.2,6602.38,10.567448
1538698860,6609.3,6601.59,6602.39,6606.13,11.755024
1538698920,6611,6606.17,6609.27,6611,16.140567
1538698980,6619.98,6611.02,6611.19,6619.97,56.484438
1538699040,6619.98,6612.05,6619.97,6613.01,22.845104
1538699100,6619,6616.83,6616.83,6618.88,3.226686
1538699160,6618.88,6613.06,6618.88,6616.56,7.753556
1538699220,6617,6612.4,6616.56,6612.49,3.75952
1538699280,6615,6612.49,6612.49,6612.63,2.189749
1538699340,6615,6613,6614.99,6613,0.883319
1538699400,6615.71,6612.59,6613.05,6613.81,2.47905
1538699460,6619,6612.59,6613.81,6618.63,8.10007
1538699520,6618.8,6613.7,6618.61,6618.42,3.283972
1538699580,6615.99,6611.51,6615.99,6611.58,8.864923
1538699640,6613.75,6610.03,6611.51,6613.7,11.487927
1538699700,6613.69,6608.84,6613.69,6610.28,0.57156
1538699760,6612,6610.27,6610.27,6610.27,0.148216
1538699820,6617,6610.27,6610.27,6615.01,4.738587
1538699880,6619.98,6612.39,6616.55,6612.55,23.685525
1538699940,6616.47,6610.28,6616.47,6614.79,9.345255
1538700000,6620.09,6612.38,6612.38,6620,25.009587
1538700060,6620.1,6614.71,6620,6616.38,1.091054
1538700120,6622,6614.78,6616.4,6621.95,11.67251
1538700180,6632.23,6621.88,6621.99,6631.71,71.707919
1538700240,6632,6627.02,6631.96,6629.28,20.073035
1538700300,6629.28,6627,6629.28,6627,3.487149
1538700360,6627.16,6623.57,6626.67,6626.77,6.534842
1538700420,6628,6626,6626.83,6626,3.53212
1538700480,6630,6626,6626,6628.8,10.088355
1538700540,6632.98,6626.3,6628.62,6629.02,6.075299
1538700600,6631.76,6620.48,6629.02,6625.09,24.434414
1538700660,6626.98,6621.79,6625.09,6623,5.408821
1538700720,6628.85,6622.25,6624.95,6624.81,1.442957
1538700780,6626.99,6622,6624.96,6622.04,1.776371
1538700840,6624.91,6622.04,6622.04,6622.18,0.948442
1538700900,6628.02,6623.06,6624.79,6628.02,3.936733
1538700960,6630,6628.03,6628.03,6629.85,5.510528
1538701020,6629.85,6621.3,6629.85,6621.3,6.748517
1538701080,6626.95,6618.61,6621,6623.47,12.521406
1538701140,6627,6621.71,6627,6621.77,9.383747
1538701200,6622.99,6617.35,6621.77,6622.96,15.335919
1538701260,6626.66,6620.04,6620.04,6623.52,5.210944
1538701320,6628.68,6621.51,6626.62,6624.97,12.136981
1538701380,6626.6,6620.49,6624.97,6625.18,1.602371
1538701440,6625.18,6614.57,6625.18,6616.99,11.285024
1538701500,6620.05,6615.72,6617,6620.03,3.943422
1538701560,6621.84,6615.92,6615.92,6621.84,1.286687
1538701620,6621.82,6617.31,6621.82,6618,3.41419
1538701680,6619.94,6614.59,6618,6614.83,4.827523
1538701740,6619.37,6614.59,6614.83,6619.24,3.439619
1538701800,6619.06,6614.66,6617.84,6614.86,1.242308
1538701860,6618.99,6615.01,6618.42,6616.99,1.108068
1538701920,6618,6616,6616.99,6616,1.189802
1538701980,6617.99,6614.59,6617.99,6614.6,1.590788
1538702040,6616.98,6612,6616.94,6612.19,9.34813
1538702100,6616.17,6606.63,6616.17,6611.14,6.469573
1538702160,6612.39,6608.41,6611.14,6609.92,2.269733
1538702220,6613.74,6606.17,6608.83,6609.44,7.834376
1538702280,6616.88,6608.8,6608.86,6615.97,20.360191
1538702340,6615.97,6609.96,6615.97,6609.96,20.631649
1538702400,6616,6609.96,6612.37,6612.23,10.354991
1538702460,6616,6611.99,6612.39,6615.32,3.789492
1538702520,6617.92,6611.99,6613.34,6613.45,2.984383
1538702580,6617.91,6612.23,6613.45,6615.05,6.378809
1538702640,6613.93,6610,6613.93,6610.45,8.402216
1538702700,6613.65,6610.45,6610.45,6610.51,2.382862
1538702760,6613.93,6610.52,6611,6612.23,4.404427
1538702820,6612.23,6609.19,6612.23,6610.43,4.982301
1538702880,6610.42,6607.26,6609.19,6607.36,2.714175
1538702940,6609.73,6607.37,6609.73,6607.39,2.024749
1538703000,6609,6601,6608.3,6608.99,7.06723
1538703060,6608.99,6605.09,6608.99,6608.74,4.492582
1538703120,6608.9,6605.19,6605.19,6607.03,1.703958
1538703180,6612.93,6607.04,6608.89,6609.28,3.551297
1538703240,6612.88,6609.28,6609.28,6610.58,1.086492
1538703300,6612.85,6610.68,6612.16,6611.25,4.058693
1538703360,6613.37,6610.68,6610.68,6613.37,1.375901
1538703420,6616.73,6612.91,6613.93,6613.95,6.821489
1538703480,6616.72,6613.96,6613.96,6616.71,3.753131
1538703540,6617.95,6616.72,6616.74,6617.95,1.900228
1538703600,6619.35,6617.95,6617.95,6617.95,3.741091
1538703660,6619.83,6616.98,6617.95,6619.83,5.757882
1538703720,6619.79,6614.44,6617.03,6614.49,6.241122
1538703780,6619.6,6614.39,6614.48,6617.17,3.820129
1538703840,6623.16,6617.17,6617.17,6621.4,14.23619
1538703900,6621.39,6614.79,6621.39,6614.79,1.66846
1538703960,6619,6614.82,6614.82,6615,2.152184
1538704020,6615,6614.44,6615,6614.8,0.873345
1538704080,6616,6614,6614,6614.36,1.876526
1538704140,6616.57,6614.36,6616,6616.54,3.588446
1538704200,6616.57,6614.37,6616.54,6614.37,2.612548
1538704260,6616.56,6613.18,6616.56,6614,5.067389
1538704320,6615.93,6610,6614,6610.02,5.162652
1538704380,6611.61,6608.54,6611.56,6608.54,2.348864
1538704440,6611.99,6608.54,6608.54,6611.99,3.062106
1538704500,6615.99,6611.99,6611.99,6612.13,2.176732
1538704560,6616.25,6612.33,6612.33,6616,1.747184
1538704620,6616.35,6614.73,6615,6616.35,2.924766
1538704680,6616.57,6613.42,6614.74,6616.57,1.582483
1538704740,6616.57,6613.4,6616.57,6616.52,2.196924
1538704800,6616.57,6613.4,6613.41,6613.45,1.782842
1538704860,6616.31,6612.11,6616.31,6612.11,2.75179
1538704920,6614.29,6605.53,6614.28,6606.37,9.769357
1538704980,6613,6560.01,6608.01,6560.09,211.151883
1538705040,6591.81,6560,6566.06,6584.85,69.456521
1538705100,6589.64,6562.24,6580.75,6567.52,26.010739
1538705160,6577.83,6561.82,6567.52,6575,33.193844
1538705220,6579.15,6572.98,6575,6573.04,10.688453
1538705280,6575.95,6567.77,6573.73,6570,24.488923
1538705340,6580,6566.87,6570,6573.66,20.09629
1538705400,6577.51,6570.41,6573.66,6570.43,1.623625
1538705460,6572.57,6561.99,6571,6566.79,21.073241
1538705520,6570.43,6561.87,6565.82,6567.12,26.717385
1538705580,6570.43,6566.7,6569.98,6569.93,9.610373
1538705640,6570.41,6563,6569.95,6566,13.11245
1538705700,6566.01,6559.47,6566,6559.82,63.457248
1538705760,6567.37,6558,6559.82,6567.37,26.456697
1538705820,6570.42,6564.55,6567.04,6569.77,3.431871
1538705880,6580,6568.57,6569.77,6573.71,33.851322
1538705940,6577.52,6570,6577.16,6576.1,19.565989
1538706000,6580,6574.13,6576.1,6575.04,16.619299
1538706060,6577.83,6575.01,6577.72,6577.83,10.051392
1538706120,6580,6575.02,6577.88,6577.86,3.156127
1538706180,6578.54,6575.01,6575.04,6578.48,7.486608
1538706240,6582.12,6577.05,6578.48,6582.12,16.327425
1538706300,6585.99,6578.29,6578.29,6581.65,6.876147
1538706360,6594.23,6581.67,6582.98,6585.02,20.981568
1538706420,6587.77,6580.05,6587.38,6582.12,24.908616
1538706480,6584.1,6580,6582.12,6581.55,4.106399
1538706540,6582.48,6581.38,6581.55,6581.55,3.247552
1538706600,6583.09,6577.4,6581.55,6577.6,21.736378
1538706660,6580,6576.05,6577.61,6576.13,5.806533
1538706720,6579,6576.05,6576.15,6576.19,3.582563
1538706780,6580.5,6576.05,6576.19,6579.05,6.54039
1538706840,6580.71,6575.29,6579.05,6580,8.736709
1538706900,6580.71,6576.12,6580,6576.25,23.54799
1538706960,6579.77,6576.18,6579.77,6578.98,14.153357
1538707020,6580,6576.31,6576.31,6577.09,1.321305
1538707080,6579.99,6575.08,6579.99,6575.15,11.57549
1538707140,6577.11,6575.09,6575.2,6575.2,0.874983
1538707200,6577.11,6575.09,6575.17,6577.1,1.298573
1538707260,6577.09,6572,6577.09,6572.05,11.211414
1538707320,6573.39,6570,6573.01,6571,14.561528
1538707380,6571.49,6566,6571,6566,3.230804
1538707440,6570.98,6560,6566.17,6560.5,60.387237
1538707500,6560.5,6543.08,6560.5,6552.99,148.558183
1538707560,6566.45,6550.42,6551.9,6554.4,48.713819
1538707620,6557.62,6548,6552,6557.62,29.81656
1538707680,6562.22,6555.6,6555.6,6558.84,27.279155
1538707740,6564.62,6559.28,6560,6560.43,9.106568
1538707800,6562.99,6560.42,6562.99,6560.56,0.99719
1538707860,6564.62,6560.56,6560.56,6564.62,4.651613
1538707920,6569.74,6561.44,6564.62,6561.46,8.971881
1538707980,6567.28,6560.74,6561.51,6560.74,4.274991
1538708040,6563.22,6560.75,6563.22,6560.75,2.864017
1538708100,6562.85,6560.76,6561.94,6562.85,3.375891
1538708160,6565.99,6561.07,6561.07,6563.01,0.818558
1538708220,6569.39,6563,6563.01,6566,7.07401
1538708280,6569.99,6566.42,6566.42,6568.33,1.972727
1538708340,6574.88,6569.99,6569.99,6572.93,11.447073
1538708400,6576.11,6570.1,6572.93,6576.11,9.800794
1538708460,6576.83,6570.39,6572.68,6574.82,0.690843
1538708520,6576.56,6573.1,6574.82,6573.12,0.895129
1538708580,6576.57,6569.99,6573.14,6570,11.604056
1538708640,6573.87,6569.67,6570,6569.8,1.288144
1538708700,6573.8,6569.67,6569.8,6573,7.861496
1538708760,6576.57,6572.7,6573.8,6573.39,2.732792
1538708820,6576.56,6572.84,6573.39,6573.43,8.460776
1538708880,6576.57,6573.46,6576.54,6573.5,1.92302
1538708940,6576.57,6573.67,6573.67,6576.57,1.159902
1538709000,6577.84,6574.03,6577.11,6577.84,1.894436
1538709060,6580.34,6574.06,6574.3,6580.34,4.128815
1538709120,6580.49,6575,6580.34,6575.73,2.555413
1538709180,6578,6575,6575,6578,1.026065
1538709240,6579.99,6577.5,6578,6577.51,1.681009
1538709300,6579.98,6572.69,6577.51,6572.69,11.879094
1538709360,6576.39,6572,6574.29,6574.99,11.434506
1538709420,6585.51,6575.01,6575.01,6581,13.681823
1538709480,6582.82,6579.36,6582.82,6579.36,0.762416
1538709540,6582.3,6576.33,6576.33,6581.54,10.441702
1538709600,6581.6,6580,6581.6,6580,0.501344
1538709660,6580,6577.23,6580,6580,0.497519
1538709720,6580,6579,6580,6580,0.296054
1538709780,6580,6575.62,6580,6579.76,4.29309
1538709840,6580,6575.62,6579.7,6580,3.123209
1538709900,6580,6576.36,6576.36,6579.95,0.712784
1538709960,6580,6576.64,6576.64,6576.74,0.666249
1538710020,6581.54,6576.67,6579.41,6581.54,7.614275
1538710080,6581.51,6578.49,6581.51,6581.5,5.397806
1538710140,6581.6,6579.95,6579.95,6581.6,0.46828
1538710200,6583,6581.58,6581.6,6581.63,3.675892
1538710260,6582.99,6581.61,6581.63,6581.61,1.474124
1538710320,6582.99,6581.62,6582.99,6582.4,0.635541
1538710380,6582.87,6581.6,6581.66,6582.73,9.257218
1538710440,6582.73,6581.6,6582.73,6581.6,3.492397
1538710500,6582.64,6581.5,6581.6,6581.64,9.782039
1538710560,6582.61,6580,6581.62,6582.61,7.346078
1538710620,6582.61,6581.59,6581.59,6582.54,1.331137
1538710680,6582.5,6581.59,6581.6,6581.59,7.844368
1538710740,6581.59,6580,6580.01,6580,1.941191
1538710800,6582.65,6580,6581.59,6582.65,5.196882
1538710860,6582.89,6580.01,6580.18,6582.61,3.599303
1538710920,6582.6,6581.58,6582.6,6582.44,1.229928
1538710980,6585.02,6580,6582.44,6584.06,3.839174
1538711040,6583.84,6580,6583.84,6583.1,4.457377
1538711100,6580.2,6577.23,6580.13,6577.23,17.662399
1538711160,6581.91,6576.68,6578.37,6576.68,2.150212
1538711220,6576.68,6571.04,6576.68,6571.1,8.035575
1538711280,6575.89,6571.41,6575.89,6575.39,0.810881
1538711340,6579.13,6572.09,6572.09,6579.13,1.823531
1538711400,6580.01,6577.42,6579.5,6579.93,0.217297
1538711460,6579.9,6574.09,6577.42,6577.41,1.31426
1538711520,6579.96,6575.32,6577.41,6579.91,6.231732
1538711580,6579.99,6577.13,6577.13,6578.97,3.175685
1538711640,6580.96,6579,6579,6580.96,8.179802
1538711700,6580.65,6577.42,6579.04,6577.42,4.228185
1538711760,6580.97,6577.46,6580.96,6580.84,0.090996
1538711820,6580.59,6577.28,6577.64,6577.28,0.380971
1538711880,6580.25,6577.47,6580.25,6579.95,1.043663
1538711940,6580,6577.58,6577.58,6579,5.712658
1538712000,6580.75,6575,6578.96,6576.35,8.745101
1538712060,6576.35,6572.83,6575,6572.88,2.522907
1538712120,6574.98,6572.6,6572.89,6572.72,2.58728
1538712180,6574.84,6571.04,6572.71,6574.81,12.449002
1538712240,6574.81,6571.04,6572.71,6571.04,16.869372
1538712300,6574.98,6571.04,6571.05,6574.98,5.964313
1538712360,6575.7,6571.05,6573.85,6573.36,11.334986
1538712420,6575,6572.18,6572.18,6575,0.971442
1538712480,6578.94,6572.6,6575,6578.24,4.595477
1538712540,6578.24,6575.34,6575.34,6575.73,2.199896
1538712600,6580,6575.71,6578.2,6578.08,19.235757
1538712660,6579.43,6577.11,6578.09,6577.11,2.044456
1538712720,6583.38,6577.11,6579.29,6583.38,18.560191
1538712780,6583.44,6580.01,6582.79,6580.51,10.909527
1538712840,6582.94,6580.5,6581,6582.7,1.95368
1538712900,6584.56,6580.61,6582.73,6580.64,1.605427
1538712960,6586.51,6580.73,6582.73,6585,2.636995
1538713020,6588.63,6585,6586.47,6586.47,4.25763
1538713080,6588.17,6583.12,6586.47,6583.12,2.515153
1538713140,6586.47,6583.01,6583.32,6583.31,2.533641
1538713200,6587,6583.93,6586.11,6584.03,2.636269
1538713260,6586.96,6584,6584,6584.25,1.960589
1538713320,6586.62,6583.37,6586.62,6585.92,4.682225
1538713380,6586,6583.37,6583.9,6585.87,1.550407
1538713440,6585.82,6583.38,6585.77,6583.52,0.963296
1538713500,6587,6581.63,6583.52,6586.99,6.182664
1538713560,6586.84,6583.51,6586.84,6583.55,0.997181
1538713620,6586.39,6583.55,6586.29,6586.13,1.595884
1538713680,6586.1,6583.52,6586.1,6583.52,5.530291
1538713740,6585.17,6583,6583.52,6583,6.020458
1538713800,6585.99,6583,6583,6583,21.594648
1538713860,6583.58,6581.61,6583,6581.61,2.113128
1538713920,6583.56,6580,6583.56,6580,0.55946
1538713980,6583.5,6580,6580.19,6581.6,5.618768
1538714040,6582.14,6580,6581.6,6580.2,10.773775
1538714100,6582.14,6580,6580.2,6580.3,4.844454
1538714160,6583.4,6580.3,6582.14,6580.31,1.412327
1538714220,6580.42,6580.31,6580.31,6580.39,0.348531
1538714280,6580.39,6580.32,6580.39,6580.37,2.403638
1538714340,6580.37,6580.34,6580.37,6580.36,0.517997
1538714400,6584.45,6580.36,6580.36,6584.27,8.688135
1538714460,6584.24,6580.88,6584.24,6580.88,0.300268
1538714520,6582.55,6579.09,6581.03,6580,2.510165
1538714580,6584.38,6576.43,6580,6582.53,12.310342
1538714640,6582.54,6578.66,6581.19,6580.96,0.284181
1538714700,6581.96,6576.43,6580.94,6578.75,1.622761
1538714760,6581.95,6576.42,6577.79,6577.9,4.597674
1538714820,6577.9,6576.42,6577.9,6576.56,1.655853
1538714880,6577.9,6576.42,6576.43,6576.42,6.826635
1538714940,6577.9,6576.42,6577.9,6576.44,0.302131
1538715000,6576.78,6576.76,6576.76,6576.76,3.388782
1538715060,6576.76,6574,6576.76,6576.42,7.073674
1538715120,6576.42,6574.22,6575,6574.55,2.430602
1538715180,6581.96,6574.6,6575.85,6581.92,7.200945
1538715240,6583,6580.71,6581.91,6580.71,0.155477
1538715300,6586.1,6580.72,6581.91,6584.92,67.676421
1538715360,6585.99,6584.93,6584.93,6584.93,3.426501
1538715420,6586.1,6581.1,6585.88,6582.06,11.49559
1538715480,6585.24,6580.71,6582.11,6580.71,0.731233
1538715540,6583.98,6580.71,6583.98,6581.8,1.087831
1538715600,6583.82,6580.81,6581.8,6580.99,0.65444
1538715660,6581,6576.76,6580.99,6580.07,5.296084
1538715720,6580.07,6574.57,6580.07,6574.58,13.259171
1538715780,6578.4,6572,6574.6,6574.89,2.324359
1538715840,6576.8,6571.05,6576.8,6571.27,2.643364
1538715900,6574.88,6571.27,6571.27,6572.01,1.565308
1538715960,6574.77,6570.01,6574.77,6570.02,12.109249
1538716020,6573,6570.02,6570.99,6573,3.585073
1538716080,6576.83,6571,6576.83,6575.94,0.326268
1538716140,6574.96,6570.02,6571,6570.99,8.752474
1538716200,6570.98,6570.02,6570.02,6570.09,2.486144
1538716260,6574.93,6570.09,6570.09,6570.95,1.018859
1538716320,6574.52,6570.8,6570.95,6574.49,0.427277
1538716380,6574.49,6570.79,6571.9,6574.22,0.76532
1538716440,6574.22,6570.96,6574.22,6573.99,1.186378
1538716500,6573.94,6571.04,6571.04,6572.87,4.064489
1538716560,6573.91,6570.02,6572.87,6571.1,0.877883
1538716620,6573.76,6571.05,6571.12,6573.76,10.526789
1538716680,6573.76,6571.05,6573.76,6571.12,1.978674
1538716740,6571.12,6570.05,6571.12,6570.05,0.999022
1538716800,6575,6570.07,6570.07,6571.57,2.86864
1538716860,6575.51,6571.57,6571.57,6573.03,5.333062
1538716920,6575.38,6572.88,6575.38,6572.88,1.544168
1538716980,6574.97,6570.13,6572.89,6570.14,5.596942
1538717040,6574.62,6570.19,6570.19,6570.6,3.203098
1538717100,6570.89,6570.6,6570.6,6570.63,1.877905
1538717160,6574.16,6571.71,6572.84,6574.16,0.679003
1538717220,6574.99,6572,6574.19,6574.89,1.497958
1538717280,6575.39,6572.9,6574.87,6573.08,3.889236
1538717340,6578.47,6573.1,6573.1,6578.03,10.19383
1538717400,6578.34,6575.69,6578.03,6575.87,0.260335
1538717460,6578.08,6575.89,6575.89,6577,1.369465
1538717520,6578.7,6576.08,6576.1,6576.11,5.737385
1538717580,6578.57,6576.08,6576.11,6578.46,2.358344
1538717640,6580,6576.1,6576.99,6577.1,3.081295
1538717700,6579.38,6577.1,6577.1,6579.26,14.663831
1538717760,6579.27,6577.18,6579.26,6577.18,4.780544
1538717820,6579.01,6576.99,6579.01,6576.99,1.145438
1538717880,6577,6571.1,6577,6576.95,5.52911
1538717940,6577,6574.62,6574.62,6576.52,2.37629
1538718000,6578.2,6576.52,6576.55,6578.18,17.90947
1538718060,6577.9,6576.52,6576.52,6577.89,0.444721
1538718120,6577.89,6576.52,6576.52,6577.89,6.439436
1538718180,6577.88,6574.7,6577.88,6577.58,2.600685
1538718240,6577.47,6575,6577.47,6576,0.317326
1538718300,6577.89,6575.01,6575.01,6575.03,3.806074
1538718360,6577.83,6575.41,6577.83,6577.74,0.238501
1538718420,6577.9,6576.76,6577.74,6577.74,1.357588
1538718480,6578,6577.26,6577.74,6577.74,0.56263
1538718540,6577.99,6577.74,6577.74,6577.99,4.045877
1538718600,6578.2,6577,6577.99,6577,3.058429
1538718660,6578.2,6575.5,6577,6578.2,29.065999
1538718720,6579.56,6577.2,6578.2,6579.56,26.872797
1538718780,6584.08,6578.2,6578.2,6583.93,2.811822
1538718840,6583.93,6581.01,6583.93,6581.02,0.719541
1538718900,6582,6576.77,6581.08,6576.86,7.349874
1538718960,6582,6576.89,6579.18,6582,1.693313
1538719020,6581.97,6577.24,6581.97,6581.45,3.646917
1538719080,6584.08,6581.45,6581.45,6584.05,21.230507
1538719140,6584.08,6581,6581.5,6583.76,11.879141
1538719200,6584.08,6579.02,6581.02,6579.02,2.188159
1538719260,6581.83,6577.4,6579.02,6577.41,2.357042
1538719320,6581,6578,6578,6578.15,1.195942
1538719380,6586.1,6578.21,6580.99,6583.07,1.900012
1538719440,6585.03,6577.95,6583.08,6580,6.357887
1538719500,6584.92,6580,6580,6584.87,12.896329
1538719560,6585,6582.12,6584.35,6582.14,2.545949
1538719620,6584.43,6582.13,6582.14,6582.13,1.679509
1538719680,6584.13,6582,6582.13,6583.74,0.345634
1538719740,6589.14,6582.07,6582.07,6588,31.557294
1538719800,6592.71,6588,6588,6588.01,8.1427
1538719860,6592.67,6588,6588.01,6590.18,7.061052
1538719920,6592.68,6590.22,6592.67,6592.44,3.894741
1538719980,6595,6590.49,6592.44,6593.92,6.93797
1538720040,6595,6590.51,6595,6591.01,2.300201
1538720100,6595,6591.01,6593.22,6595,9.415723
1538720160,6596,6591.05,6593,6591.06,16.660366
1538720220,6594.31,6588.78,6594.31,6588.8,7.559082
1538720280,6590,6588.77,6590,6589.9,1.519766
1538720340,6594.02,6588.9,6589.91,6594.02,8.35015
1538720400,6596,6594.02,6594.02,6595.7,19.090373
1538720460,6596.8,6594.02,6594.02,6596,10.504337
1538720520,6596.25,6594.1,6596.18,6595.68,2.088534
1538720580,6596,6595.68,6595.99,6596,1.911629
1538720640,6596.01,6595.68,6595.68,6596.01,3.653827
1538720700,6597,6596.01,6596.37,6597,1.496937
1538720760,6597.48,6596.82,6597,6597,3.351341
1538720820,6598.9,6596.82,6596.82,6597.06,3.43989
1538720880,6601.27,6597.06,6597.06,6600.07,21.578564
1538720940,6601.27,6597.02,6600.07,6598.31,4.875627
1538721000,6600.91,6598.29,6598.31,6600.8,6.166591
1538721060,6605,6600.8,6600.8,6604.98,13.392076
1538721120,6610,6604.98,6604.99,6607.52,17.185871
1538721180,6609.47,6607.52,6607.52,6608,6.34551
1538721240,6608,6596.59,6608,6596.59,35.061989
1538721300,6598.62,6596.5,6596.5,6596.5,3.052025
1538721360,6602.4,6596.5,6596.5,6601.99,7.111744
1538721420,6606.72,6600.4,6601.99,6604.96,1.632311
1538721480,6603.96,6600.47,6600.47,6601.97,0.607924
1538721540,6601.96,6600.11,6601.96,6600.88,4.276713
1538721600,6601.92,6600.88,6600.88,6600.88,7.982645
1538721660,6601.92,6600.88,6601.8,6600.88,4.658897
1538721720,6603.83,6600.88,6600.88,6600.9,1.612021
1538721780,6603.67,6600.88,6600.9,6600.88,3.035223
1538721840,6602.42,6600.88,6602,6602.27,8.076218
1538721900,6602.42,6600.11,6600.89,6602.22,4.418137
1538721960,6602.25,6600.11,6600.18,6600.15,3.21855
1538722020,6602.23,6600.11,6602.23,6600.12,1.099107
1538722080,6602.2,6600.11,6600.12,6600.11,1.386015
1538722140,6602.2,6600.11,6600.11,6602.18,1.823035
1538722200,6602.18,6596.5,6600.11,6602,3.104304
1538722260,6602.08,6596.5,6602.08,6601.43,1.592802
1538722320,6599.97,6596.51,6596.51,6596.63,1.923076
1538722380,6599.94,6595.68,6597.95,6599.94,4.425388
1538722440,6599.94,6595.84,6599.94,6599.48,1.439272
1538722500,6600.77,6595.85,6595.85,6600,4.448582
1538722560,6600.77,6599.76,6599.76,6600.69,0.301578
1538722620,6601.95,6599.76,6600.69,6599.76,4.17159
1538722680,6602,6595.74,6600.69,6602,4.415857
1538722740,6601.95,6597.78,6597.79,6600,1.120317
1538722800,6601.74,6598.01,6598.01,6598.05,0.857074
1538722860,6600.84,6598.05,6600.79,6600.64,0.910699
1538722920,6600.88,6596,6599,6598.37,12.326703
1538722980,6599.93,6594.02,6598.36,6598.21,9.496297
1538723040,6598.03,6594.08,6594.09,6595.03,6.494349
1538723100,6596.96,6594.08,6595.03,6594.08,9.063926
1538723160,6597.02,6594.08,6594.08,6596.67,6.155633
1538723220,6596.63,6594.08,6596.63,6596.49,2.701733
1538723280,6596.8,6596.49,6596.49,6596.49,2.513999
1538723340,6596.86,6594.09,6596.49,6596.49,1.678506
1538723400,6596.87,6594.02,6596.49,6594.02,10.246032
1538723460,6594.02,6588.7,6594.02,6588.7,9.598233
1538723520,6591.29,6588.71,6588.71,6590,0.961929
1538723580,6591.2,6588.82,6591.2,6590,3.640758
1538723640,6590.88,6586.1,6590,6586.1,10.704227
1538723700,6590.79,6586,6590.79,6586.1,3.026569
1538723760,6593.87,6585.89,6585.89,6593.57,0.808132
1538723820,6593.86,6591.1,6591.11,6593.57,3.779443
1538723880,6594.99,6592,6592,6594.99,5.371958
1538723940,6595.64,6592,6595.64,6593.5,3.552025
1538724000,6593.56,6588.1,6592,6593.21,3.954999
1538724060,6595.7,6593.15,6593.19,6595.69,7.585178
1538724120,6595.7,6591.01,6595.69,6591.03,2.244606
1538724180,6591.03,6585,6591.03,6585.71,19.445575
1538724240,6588.91,6585.03,6585.74,6587.99,6.560734
1538724300,6588,6585.45,6587.99,6587.81,7.666705
1538724360,6589.99,6581.43,6585.63,6589.98,13.233947
1538724420,6590.08,6583,6589.81,6583,5.026431
1538724480,6588.58,6580,6587.33,6587.62,9.546391
1538724540,6589.69,6580,6587.62,6586.92,7.861201
1538724600,6586.87,6580.72,6580.72,6586.82,1.693274
1538724660,6588.01,6581.63,6586.7,6582.55,8.225137
1538724720,6587.66,6578.64,6587.66,6584.97,10.40025
1538724780,6587.65,6581.06,6581.08,6587.64,3.42665
1538724840,6587.65,6580,6585.11,6585.07,4.678966
1538724900,6587.58,6582.02,6585.07,6582.21,6.730281
1538724960,6587.29,6582.28,6582.28,6584.1,0.586226
1538725020,6586.96,6580.37,6584.1,6580.74,19.122169
1538725080,6584.78,6580.73,6580.74,6580.74,25.108306
1538725140,6581.17,6579,6581.17,6580.37,5.746286
1538725200,6586.84,6579,6580.37,6585,15.346891
1538725260,6586.83,6581.75,6586.83,6581.83,2.144392
1538725320,6585,6575.72,6581.83,6581,18.632856
1538725380,6581,6578.3,6580.01,6580.01,2.674371
1538725440,6581,6578,6580.01,6578.01,5.727745
1538725500,6581,6576.59,6578.01,6581,8.362997
1538725560,6583.99,6579.63,6581,6583.82,2.260988
1538725620,6583.82,6581.14,6583.82,6583.17,1.803748
1538725680,6583.78,6581.26,6581.26,6583,2.276255
1538725740,6583.63,6581.08,6582,6581.09,9.692221
1538725800,6583.07,6575.73,6581.14,6577.09,13.253025
1538725860,6578.67,6574.53,6577.22,6575,5.099044
1538725920,6575.75,6573.27,6575,6575.63,7.369887
1538725980,6575.64,6573.27,6575.63,6575,7.798112
1538726040,6575.43,6573.27,6574.5,6575,1.755621
1538726100,6580,6573.17,6575,6578,9.417013
1538726160,6579.79,6576.16,6578,6577.12,1.078944
1538726220,6579.77,6577.11,6579.29,6577.12,4.032139
1538726280,6579,6578,6578,6579,1.284556
1538726340,6579,6577.12,6579,6578.76,2.652754
1538726400,6578.68,6575.38,6577.12,6577.92,6.922317
1538726460,6579,6575.4,6577.9,6578.29,1.883932
1538726520,6578.66,6575.57,6578.29,6578.58,4.077089
1538726580,6580,6577,6578.58,6580,5.27445
1538726640,6585,6579.91,6580,6585,99.59069
1538726700,6587.65,6583.99,6584.01,6587.6,24.379659
1538726760,6590.92,6587.01,6587.65,6587.61,10.469122
1538726820,6591.09,6584.31,6587.61,6589.89,33.002294
1538726880,6591.99,6586.83,6586.83,6591.97,5.238651
1538726940,6591.99,6587.27,6591.97,6591.99,0.776976
1538727000,6591.99,6587.56,6587.56,6591.57,3.217777
1538727060,6591.57,6589.01,6591.56,6589.01,1.169362
1538727120,6591.54,6589.01,6589.01,6590,3.85158
1538727180,6591.51,6588.09,6590.56,6588.09,2.142023
1538727240,6591.57,6586.75,6591.46,6591.42,12.839958
1538727300,6592.54,6591.42,6591.57,6591.42,4.580679
1538727360,6592.79,6585.43,6591.42,6585.5,1.070533
1538727420,6589.91,6585.5,6585.52,6585.5,5.297228
1538727480,6586.78,6585,6585.5,6585,4.035641
1538727540,6588.51,6582,6585,6582.35,8.531274
1538727600,6588.34,6582.3,6582.44,6585.02,1.620628
1538727660,6586.89,6582.34,6585.02,6583.02,6.780667
1538727720,6585.29,6583.01,6583.02,6583.01,0.834167
1538727780,6583.03,6576.85,6583.03,6583.02,6.967559
1538727840,6583.02,6579.43,6579.43,6580.72,0.472745
1538727900,6582.92,6577.12,6582.92,6581,1.883432
1538727960,6582.65,6577.2,6581,6578.74,0.533394
1538728020,6580,6577.76,6580,6577.76,1.165455
1538728080,6580.88,6576.24,6578.72,6580.88,1.974434
1538728140,6580.88,6578.11,6580.88,6580.88,1.545786
1538728200,6585.03,6580.87,6580.88,6585.02,11.130069
1538728260,6585.02,6582.24,6582.24,6584.97,1.024295
1538728320,6585.02,6583.13,6583.25,6585.01,4.71266
1538728380,6585.02,6584,6585,6584,1.462033
1538728440,6585.17,6582.91,6583.13,6585.17,1.619353
1538728500,6585.17,6583.78,6585.15,6584.21,2.982272
1538728560,6585,6584.2,6584.2,6585,2.016333
1538728620,6585,6583.2,6585,6583.21,6.427001
1538728680,6585,6583.2,6583.21,6583.2,6.130152
1538728740,6584.97,6583.2,6583.88,6584.96,2.156207
1538728800,6584.96,6580,6583.21,6580,4.383957
1538728860,6583.43,6580.22,6583.43,6580.38,0.420115
1538728920,6581.75,6580.24,6580.27,6580.24,1.426379
1538728980,6580.27,6578,6580.27,6578,2.385974
1538729040,6581.7,6576.21,6576.21,6576.56,4.655147
1538729100,6583.11,6576.62,6579.25,6576.64,14.283139
1538729160,6581.61,6576.76,6576.76,6581.61,0.658831
1538729220,6582.94,6579.01,6582.94,6579.99,2.637473
1538729280,6580.01,6579.99,6579.99,6580.01,0.403429
1538729340,6582.74,6579.99,6580,6580,1.486141
1538729400,6581,6579.99,6580,6581,0.68242
1538729460,6581,6579.99,6581,6580,0.872988
1538729520,6582.74,6578,6580,6578.27,8.435155
1538729580,6583.99,6578.37,6582.45,6578.79,2.314224
1538729640,6580,6578.41,6578.79,6579.97,0.685594
1538729700,6579.97,6574,6578.41,6574.01,33.001632
1538729760,6574.95,6573.19,6574.01,6574.93,2.900943
1538729820,6574.93,6572,6574.93,6574.9,7.268894
1538729880,6578.99,6572.78,6572.78,6574.81,13.963759
1538729940,6575,6568,6574.81,6570,47.391248
1538730000,6570,6568.02,6568.92,6570,4.967799
1538730060,6570,6568.06,6570,6570,6.867669
1538730120,6573.99,6569.98,6570,6572.51,4.861646
1538730180,6573.98,6570.07,6573.98,6573,2.850537
1538730240,6573,6571.07,6571.07,6573,4.057089
1538730300,6572,6571.22,6572,6572,3.358541
1538730360,6574,6569.25,6571.22,6570,7.72868
1538730420,6572.99,6568.14,6570,6572.9,4.739363
1538730480,6572.97,6569.03,6572.9,6572.97,0.986187
1538730540,6574,6569.1,6572.9,6573.75,7.170326
1538730600,6575,6573,6573.75,6573.18,7.635403
1538730660,6575.39,6570,6574,6575,32.979331
1538730720,6577.99,6571.47,6573,6577.99,18.632968
1538730780,6577.99,6574.38,6577.8,6574.98,3.083018
1538730840,6575,6573,6574.23,6575,9.566941
1538730900,6578,6574.22,6575,6578,6.693417
1538730960,6577.93,6575.08,6577.93,6577,1.345473
1538731020,6577.01,6575.46,6577,6575.46,3.441528
1538731080,6578,6575.02,6575.46,6575.72,1.104806
1538731140,6577.88,6573.35,6577.83,6575.7,7.04165
1538731200,6575.7,6573,6575.7,6573,1.281892
1538731260,6575.63,6572.19,6573,6573,0.734316
1538731320,6575,6567.21,6573,6569.96,22.799155
1538731380,6572.94,6568,6569.93,6572.93,9.679209
1538731440,6572.98,6570.02,6570.02,6572.98,1.905711
1538731500,6573,6570.99,6573,6573,1.699789
1538731560,6573,6571.99,6571.99,6572.98,1.098448
1538731620,6575,6572.98,6572.98,6573.49,6.256393
1538731680,6573.49,6569.5,6573.49,6572.14,4.206715
1538731740,6575.67,6572.14,6572.27,6573.48,2.499423
1538731800,6577.99,6572.42,6572.42,6577.8,6.808934
1538731860,6577.89,6575,6577.8,6577.84,3.703075
1538731920,6577.84,6576,6576,6577.83,1.778879
1538731980,6577,6576,6577,6576,1.70791
1538732040,6576,6572.5,6575.33,6572.8,5.899926
1538732100,6576,6572.84,6575.99,6572.93,0.751079
1538732160,6576,6572.2,6572.93,6572.2,1.697343
1538732220,6576.89,6572.2,6575.88,6574.42,7.101223
1538732280,6576.15,6572.27,6572.28,6576.15,2.098052
1538732340,6576.88,6575.96,6576.15,6576.15,1.904389
1538732400,6576.15,6572.2,6576.15,6572.24,4.826107
1538732460,6574.73,6572.14,6574.73,6572.14,2.234371
1538732520,6572.2,6570,6572,6572,8.87049
1538732580,6574.63,6572,6572,6572.22,6.012333
1538732640,6575.98,6571.26,6572.22,6575.95,4.602098
1538732700,6575.91,6573,6575.91,6573,9.043094
1538732760,6577,6572.81,6573,6577,17.93045
1538732820,6578.69,6576.12,6576.99,6578.69,7.410513
1538732880,6579.3,6573.85,6578.7,6574.68,4.06209
1538732940,6578.7,6573.3,6574.68,6578.7,15.086952
1538733000,6578.61,6574.7,6574.7,6578.49,4.709476
1538733060,6578.66,6574.81,6578.5,6578.64,2.400607
1538733120,6578.66,6576.44,6578.64,6576.44,1.455671
1538733180,6580,6576.44,6576.44,6580,6.504202
1538733240,6581.98,6577.68,6580.17,6581.98,6.621702
1538733300,6583.13,6576.61,6581.98,6583.13,2.386819
1538733360,6583.77,6581.14,6581.14,6583,1.323666
1538733420,6583.44,6581.2,6583.44,6583.34,8.74131
1538733480,6583.28,6580,6581.2,6581.21,1.431788
1538733540,6584.99,6580.17,6583,6584,10.605938
1538733600,6590.19,6584,6584.98,6588.94,18.760066
1538733660,6590.19,6587.06,6590.19,6587.06,3.38967
1538733720,6586.85,6585,6586.85,6585.9,6.545027
1538733780,6585,6582.41,6585,6582.41,1.312343
1538733840,6583,6576,6582.41,6582.93,9.524554
1538733900,6582.93,6579.53,6582.93,6579.61,4.193042
1538733960,6582.86,6579.63,6580.81,6581.5,0.195497
1538734020,6582.93,6581.5,6581.5,6582.93,2.798845
1538734080,6583.14,6582.75,6582.75,6583.14,2.059909
1538734140,6586.19,6582.75,6586.16,6582.75,4.984564
1538734200,6586.15,6571.73,6586.14,6579.95,22.096999
1538734260,6580.13,6575.43,6579.91,6580,5.785793
1538734320,6580.14,6576.16,6576.16,6580.14,1.807001
1538734380,6583.14,6580.05,6583.13,6580.1,1.541424
1538734440,6583.15,6580.21,6583.04,6583.05,1.860961
1538734500,6583.07,6580.25,6583.05,6581,0.824519
1538734560,6583.08,6581,6581,6583.07,1.640841
1538734620,6585.15,6581.03,6583.07,6583,2.235814
1538734680,6585.14,6582,6583,6584.81,1.104951
1538734740,6585.15,6584.81,6584.81,6585,1.296787
1538734800,6584.99,6582.57,6583,6582.59,1.93357
1538734860,6584.84,6580,6583.73,6580,5.931896
1538734920,6580.5,6577.01,6580.5,6577.01,4.896129
1538734980,6579.87,6577,6577.01,6577.01,1.184617
1538735040,6577.01,6573.89,6577,6576.99,2.715762
1538735100,6579.99,6576.99,6576.99,6577.01,2.123117
1538735160,6578.01,6577.01,6577.01,6578.01,0.369588
1538735220,6579,6578.02,6579,6578.02,0.285599
1538735280,6584.28,6577.02,6578.02,6581.61,5.500667
1538735340,6581.47,6577.21,6581.47,6579.99,0.042306
1538735400,6580,6577.55,6579.99,6579.99,0.890628
1538735460,6580,6577.21,6580,6579.3,1.041492
1538735520,6580,6579.3,6579.3,6580,1.621159
1538735580,6580.7,6579.75,6579.75,6580,1.250226
1538735640,6590,6580.05,6580.05,6582.68,19.055333
1538735700,6585.35,6582.75,6585.35,6584.38,0.259621
1538735760,6586.47,6582.75,6582.95,6582.99,1.977486
1538735820,6585.16,6583,6584.05,6583,0.461396
1538735880,6585.13,6581.11,6584.48,6581.17,3.163408
1538735940,6584.87,6575.05,6581.17,6576.04,3.83396
1538736000,6579.04,6576.05,6576.05,6579.04,0.280381
1538736060,6580.83,6578.71,6579.02,6578.96,2.301437
1538736120,6579.99,6578.96,6578.96,6579.99,0.399471
1538736180,6581.48,6579.2,6579.93,6580.16,0.429505
1538736240,6584.5,6575.47,6580.19,6580.17,4.31899
1538736300,6579.2,6577,6579.19,6579.17,0.320807
1538736360,6579.2,6577,6577,6579,0.785539
1538736420,6581.31,6579,6579,6579.99,2.600319
1538736480,6580.98,6575.57,6579.99,6575.64,3.814106
1538736540,6578.63,6575,6578.63,6575.64,3.314527
1538736600,6575.65,6575.6,6575.6,6575.65,0.807203
1538736660,6578.57,6576.01,6577.69,6577.69,0.404463
1538736720,6577.69,6576.96,6577.69,6577.01,0.607745
1538736780,6577.02,6575.64,6577.01,6575.64,1.614011
1538736840,6576.98,6574.35,6575.64,6575.01,6.743431
1538736900,6576.98,6575.01,6575.01,6575.01,0.091335
1538736960,6575.64,6574.36,6575.01,6575.64,1.273763
1538737020,6577.69,6574.4,6575.64,6577.69,2.247326
1538737080,6578,6577.01,6577.68,6578,3.681782
1538737140,6579,6577.02,6578,6579,9.961424
1538737200,6579,6576.14,6579,6578.06,3.213794
1538737260,6579,6578,6578.06,6578.09,1.959635
1538737320,6581.31,6578,6578.09,6580.98,5.354969
1538737380,6580.98,6578.51,6580.98,6580.01,0.667308
1538737440,6581.31,6580.01,6580.98,6581.31,4.143587
1538737500,6583.92,6581.3,6581.31,6583.04,1.547441
1538737560,6586,6582.03,6582.03,6584.03,8.203374
1538737620,6586.36,6585,6585,6586.36,5.513352
1538737680,6589.9,6586.36,6586.36,6589,3.297766
1538737740,6589,6588.52,6589,6588.53,3.980037
1538737800,6590,6588.52,6588.52,6589.03,2.082671
1538737860,6591,6589,6589.94,6589.94,6.107437
1538737920,6590,6588.52,6590,6588.55,6.094942
1538737980,6590,6588.55,6589,6588.61,1.063504
1538738040,6589,6588.59,6588.59,6588.61,3.077825
1538738100,6590,6589,6589,6590,3.643585
1538738160,6590,6588.62,6589.02,6588.64,4.800131
1538738220,6589,6588.65,6589,6589,3.757063
1538738280,6589.99,6588.66,6588.7,6589.02,5.74515
1538738340,6592,6589.02,6589.99,6589.5,14.410573
1538738400,6592,6589.5,6589.5,6591.99,10.830973
1538738460,6593.36,6591,6592,6592,16.748036
1538738520,6595.7,6591,6591.99,6595.7,16.291603
1538738580,6599,6595.05,6595.05,6596.94,16.968866
1538738640,6598.67,6595.06,6596.94,6597.05,26.87793
1538738700,6598.54,6595.13,6595.13,6595.28,4.097429
1538738760,6598.43,6595.36,6597.25,6596.38,5.083115
1538738820,6600,6595.09,6596.06,6598.7,11.093985
1538738880,6599.94,6596.41,6598.7,6596.43,12.521331
1538738940,6599.78,6596,6599.2,6596.53,3.240392
1538739000,6598.08,6595,6596,6595.41,5.231148
1538739060,6597.58,6594.71,6595.41,6594.71,2.563568
1538739120,6596.6,6589.5,6594,6591.56,6.737022
1538739180,6594.43,6589.5,6591.54,6590.36,2.886132
1538739240,6594.28,6590.65,6590.65,6590.95,2.180018
1538739300,6598.97,6591.15,6591.92,6593.98,6.836049
1538739360,6593.98,6591.16,6591.16,6593.97,0.942805
1538739420,6594,6593.97,6593.98,6594,3.918294
1538739480,6594,6593.98,6593.99,6594,4.408724
1538739540,6594,6593.98,6594,6593.99,7.968932
1538739600,6595,6593.99,6594,6595,6.911684
1538739660,6595,6594.12,6595,6594.13,1.857463
1538739720,6595,6594.13,6595,6594.18,5.073967
1538739780,6595,6594.06,6594.18,6594.06,2.165069
1538739840,6595,6591.24,6595,6591.37,2.656755
1538739900,6595,6594.06,6594.06,6594.24,2.627454
1538739960,6595,6591.4,6594.98,6591.41,2.315666
1538740020,6594.6,6591.41,6594.59,6591.53,3.366465
1538740080,6594.33,6591.54,6592,6591.59,2.820202
1538740140,6592.77,6591.92,6592.77,6591.92,0.624072
1538740200,6591.92,6586.92,6591.92,6586.92,8.513096
1538740260,6588.63,6586.36,6588.63,6588.58,4.837669
1538740320,6590,6586.4,6588.58,6590,2.393027
1538740380,6595,6587.84,6587.84,6590.56,16.311177
1538740440,6595,6590.56,6590.56,6593.87,4.530682
1538740500,6594,6591,6592.01,6593.68,1.973719
1538740560,6591.04,6588,6591.04,6589.98,9.881955
1538740620,6589.97,6589.5,6589.97,6589.5,4.036223
1538740680,6590,6588.03,6588.03,6590,7.059218
1538740740,6590,6589.56,6589.58,6590,5.42269
1538740800,6590.85,6589.52,6589.6,6590,17.369485
1538740860,6590,6589.8,6590,6589.82,5.308079
1538740920,6590,6589.52,6589.8,6590,13.722993
1538740980,6594,6589.52,6589.52,6592.21,7.261989
1538741040,6593,6589.5,6592.21,6589.5,7.249984
1538741100,6593,6588.1,6589.5,6592.8,18.430468
1538741160,6592.99,6590.03,6590.03,6592.98,7.052949
1538741220,6593.01,6592.96,6592.98,6592.99,9.09597
1538741280,6594,6593.03,6593.99,6594,1.014441
1538741340,6594,6593.06,6594,6594,6.560218
1538741400,6594,6593.08,6593.08,6593.08,4.608333
1538741460,6594,6593.09,6593.99,6594,0.862054
1538741520,6595,6594.24,6594.25,6594.25,3.721502
1538741580,6595,6594.24,6595,6594.24,3.709465
1538741640,6595,6594.24,6594.78,6594.99,6.28472
1538741700,6595.55,6594.99,6595,6595.55,3.482581
1538741760,6595.97,6592.96,6595.55,6593.04,26.451302
1538741820,6595.97,6594.44,6595,6594.49,0.522314
1538741880,6597,6594.49,6594.5,6594.8,3.088323
1538741940,6597,6593.05,6596.99,6597,1.704519
1538742000,6599.97,6595.04,6595.04,6599.97,13.679428
1538742060,6599.88,6595.46,6598.85,6597.05,3.152911
1538742120,6599.87,6595,6599.86,6596.07,13.691368
1538742180,6599.78,6596,6597.66,6598.8,11.611352
1538742240,6598,6595,6597.97,6595,5.360999
1538742300,6595.45,6589.28,6595,6591.1,19.910086
1538742360,6590.44,6586.36,6590,6589.99,2.346091
1538742420,6591.24,6586.98,6589.99,6588.06,5.292468
1538742480,6590,6588.02,6588.02,6590,0.879527
1538742540,6590,6587.88,6590,6590,4.669914
1538742600,6590,6587.88,6589.99,6589.99,3.91065
1538742660,6589.99,6584.83,6589.99,6585,6.667374
1538742720,6589.99,6584.48,6585,6588,32.719825
1538742780,6588,6584.82,6588,6586,13.513749
1538742840,6593.48,6585.81,6586,6593.48,15.973607
1538742900,6593.47,6588.38,6593.47,6593.36,5.326621
1538742960,6592.8,6584.34,6588.38,6584.45,5.054527
1538743020,6589.64,6584.49,6586.72,6584.51,8.302858
1538743080,6586.76,6583,6584.51,6584.52,5.590726
1538743140,6586.39,6581.74,6583.01,6581.74,2.634636
1538743200,6584.69,6581.33,6581.74,6584.69,0.863829
1538743260,6584.68,6581.4,6584.68,6581.46,2.619938
1538743320,6583.62,6581.46,6582.98,6581.5,0.906423
1538743380,6582.97,6581.47,6581.8,6582.01,0.454229
1538743440,6586,6582,6582,6586,2.038665
1538743500,6585.99,6583.54,6584.07,6584.08,2.236227
1538743560,6585.99,6583.64,6584.08,6583.64,3.466821
1538743620,6584.44,6583.65,6584.44,6584,2.351388
1538743680,6585.94,6583.64,6584,6583.74,2.294452
1538743740,6589.99,6583.78,6585.28,6586.79,3.152744
1538743800,6589.98,6585.93,6585.93,6589.58,1.132576
1538743860,6590,6587.32,6589.58,6590,1.348818
1538743920,6593.72,6590.13,6590.13,6590.56,4.225629
1538743980,6593.71,6590.55,6590.56,6593.64,3.659287
1538744040,6593.59,6587.14,6593.59,6590,4.521334
1538744100,6593.2,6590.01,6593.14,6593.2,1.163058
1538744160,6593.14,6590.2,6590.2,6590.24,0.353255
1538744220,6593.07,6590,6593.07,6590.01,3.347911
1538744280,6592.57,6587,6592.57,6589.99,0.946735
1538744340,6589.99,6587.2,6589.99,6589,0.959554
1538744400,6590,6587.37,6587.37,6589.99,1.841979
1538744460,6592.04,6589.96,6589.98,6592.04,2.129831
1538744520,6592.04,6591,6591,6592.04,1.622208
1538744580,6592.04,6588.43,6592.04,6589.41,0.315134
1538744640,6592.04,6589.12,6589.47,6591.81,0.605971
1538744700,6592.03,6589.7,6591.81,6592.03,0.55475
1538744760,6593.46,6589.64,6591.81,6593.46,7.30672
1538744820,6593.47,6590.99,6593.46,6593.47,0.735507
1538744880,6599.16,6592.99,6592.99,6593.47,6.289661
1538744940,6596.63,6592.99,6593.51,6593.5,8.953662
1538745000,6594.01,6590.99,6593.5,6594,3.534908
1538745060,6594,6590.29,6594,6590.29,4.353674
1538745120,6596,6590.43,6590.43,6593.8,2.058172
1538745180,6595.96,6591.64,6593.8,6593.82,2.510183
1538745240,6595.95,6593.53,6593.82,6593.81,1.730164
1538745300,6596,6593.82,6595.79,6596,5.488014
1538745360,6596,6593.86,6596,6595.9,4.360478
1538745420,6600,6594,6595.9,6599.2,10.841634
1538745480,6598.98,6586.66,6595.38,6598.27,21.731819
1538745540,6598.25,6594.45,6598.25,6595.3,0.565227
1538745600,6598.2,6595.3,6598.19,6597.92,7.561387
1538745660,6598.12,6595.51,6597.93,6596,6.192345
1538745720,6597.81,6594.55,6595.51,6594.55,1.961445
1538745780,6594.6,6594,6594.6,6594.6,1.521665
1538745840,6597.37,6594,6594.59,6597.37,4.611331
1538745900,6599,6595.64,6597.37,6595.64,3.134597
1538745960,6598.66,6595.01,6595.64,6597.48,2.126582
1538746020,6597.48,6595,6595.43,6596.97,2.307464
1538746080,6598.73,6595,6595,6598.14,3.665945
1538746140,6598.14,6595.21,6597.42,6598.13,0.697484
1538746200,6597.96,6595.4,6595.4,6597.68,5.847818
1538746260,6598.14,6595.53,6597,6598.12,4.005009
1538746320,6599.3,6596.91,6596.91,6599.3,5.428463
1538746380,6599.3,6597.03,6599.3,6599.13,0.597331
1538746440,6600.01,6597.07,6599.13,6600,32.613634
1538746500,6602.13,6597.19,6600,6602.13,27.037996
1538746560,6603.44,6601.74,6602.13,6603,11.35145
1538746620,6606,6602.56,6603,6605,5.601455
1538746680,6607.51,6602,6605,6602,22.186921
1538746740,6602.01,6600.62,6602.01,6601.82,2.992671
1538746800,6602.01,6601,6601.82,6601,3.299881
1538746860,6605.97,6601,6601.82,6605.91,2.838571
1538746920,6605.89,6601.01,6602,6604.82,3.527833
1538746980,6604.82,6601.75,6604.82,6601.95,1.87198
1538747040,6604.71,6601.83,6601.95,6601.83,3.108798
1538747100,6604.71,6601.83,6601.83,6603,5.09636
1538747160,6604.82,6603,6604.53,6603.39,3.264415
1538747220,6603.77,6600.63,6603,6600.64,2.772172
1538747280,6604.7,6600.64,6600.64,6601.56,3.823002
1538747340,6604.7,6601.58,6604.69,6603.62,4.805949
1538747400,6603.62,6602.01,6602.01,6602.01,0.631553
1538747460,6603.6,6602.01,6602.01,6602.01,1.322704
1538747520,6602.02,6599.22,6602.01,6599.22,12.592021
1538747580,6600,6594.6,6600,6594.6,4.299505
1538747640,6596.2,6592.73,6594.6,6594.71,4.205318
1538747700,6599.39,6594.71,6594.71,6595.6,2.250421
1538747760,6598.94,6595.6,6595.6,6598.79,2.658822
1538747820,6598.79,6597,6598.79,6597.81,2.709667
1538747880,6597.06,6593.01,6597,6593.01,7.858747
1538747940,6595.92,6591.38,6595.92,6593.03,2.870168
1538748000,6594,6591.45,6594,6591.45,3.858523
1538748060,6599.39,6587.76,6591.47,6593.54,21.158989
1538748120,6599.38,6593.58,6593.58,6595.08,0.854173
1538748180,6598.81,6593,6598.81,6595.99,3.752009
1538748240,6596,6591.26,6595.29,6591.38,2.888475
1538748300,6595.96,6591.38,6591.38,6595.93,1.643413
1538748360,6595.79,6590.01,6595.79,6591.78,3.461088
1538748420,6593.31,6590.34,6591.78,6593.3,2.291619
1538748480,6593.3,6592,6592.02,6593,5.631541
1538748540,6592.94,6590.52,6592,6592.94,3.358145
1538748600,6593,6590.52,6592.89,6593,4.443017
1538748660,6593,6591.1,6593,6593,2.265296
1538748720,6593,6590.34,6592.01,6592.2,6.778714
1538748780,6592.2,6590,6592.2,6590.34,7.283799
1538748840,6590.34,6587.71,6590.34,6589.27,14.287125
1538748900,6590.34,6587.43,6589.97,6587.43,13.446004
1538748960,6593,6587.43,6587.43,6593,15.761293
1538749020,6598.29,6590.07,6593,6597.61,9.642334
1538749080,6597.46,6593.01,6593.01,6595.97,0.694816
1538749140,6595.98,6593.27,6595.97,6595,4.951355
1538749200,6596,6594,6595,6595,2.029083
1538749260,6599.07,6595,6595,6599.06,0.611664
1538749320,6599.88,6596,6597.51,6599.39,7.009976
1538749380,6600,6599.39,6599.86,6599.41,1.346983
1538749440,6600,6599.39,6599.86,6599.42,9.657671
1538749500,6599.42,6594,6599.42,6599.21,6.44216
1538749560,6599.22,6597.02,6597.03,6597.05,0.881714
1538749620,6604.78,6597.04,6599,6599.16,20.436467
1538749680,6606,6599.15,6599.16,6605.94,16.788229
1538749740,6607,6604.6,6605.94,6606,5.352699
1538749800,6606,6600.13,6606,6603.04,8.625932
1538749860,6603.32,6599.24,6603.05,6599.24,4.088132
1538749920,6600,6598.87,6599.24,6598.87,2.166942
1538749980,6598.87,6596.63,6598.47,6597.55,8.884738
1538750040,6600,6597.55,6597.55,6600,1.102652
1538750100,6600,6598.88,6600,6598.9,1.784375
1538750160,6600,6598,6598.9,6598.19,5.57665
1538750220,6600,6597.99,6599.38,6599.99,3.467712
1538750280,6602.97,6595,6599.62,6597.47,9.077335
1538750340,6600,6596.14,6599.92,6598,5.723084
1538750400,6599.99,6597.66,6598,6598,4.583762
1538750460,6598,6596.09,6598,6596.09,3.177113
1538750520,6598,6595.34,6595.98,6597,3.049572
1538750580,6597,6596.1,6597,6597,0.783958
1538750640,6596.11,6595,6596.11,6595,6.38173
1538750700,6598,6595.76,6596.1,6598,1.42514
1538750760,6599,6593.48,6598,6599,3.26152
1538750820,6600,6597,6598.99,6597.01,1.677338
1538750880,6600,6595.04,6597.01,6596.02,5.243705
1538750940,6597.66,6593,6596.02,6594.47,8.501971
1538751000,6598.46,6593.05,6594.47,6596.46,4.791238
1538751060,6600,6594.56,6596.46,6596.31,2.916865
1538751120,6600,6593.06,6596.3,6600,3.203964
1538751180,6603.77,6598.23,6600,6601.21,11.401584
1538751240,6603.01,6600,6603.01,6600.11,46.838795
1538751300,6601.49,6600,6600,6600,45.820256
1538751360,6600.01,6596.94,6600,6599.98,2.172509
1538751420,6599.97,6594.67,6599.82,6598.66,9.076314
1538751480,6603.77,6597.15,6597.15,6602.99,14.363182
1538751540,6603,6598.18,6602.99,6601.13,23.699238
1538751600,6601.14,6598.21,6601.13,6600.71,26.130517
1538751660,6601.99,6600,6600.72,6601.93,35.173016
1538751720,6602,6600.8,6600.8,6602,31.607558
1538751780,6602,6601.94,6601.99,6601.98,37.549277
1538751840,6602,6601.94,6601.98,6601.96,3.684164
1538751900,6602,6600.71,6602,6600.73,6.743554
1538751960,6601.99,6600.71,6601.98,6600.72,6.497033
1538752020,6601.84,6595,6601.32,6595,14.33812
1538752080,6595,6593.25,6595,6593.3,10.881626
1538752140,6594.99,6593.3,6594.14,6593.94,7.407026
1538752200,6594.99,6593.31,6594.47,6594.03,11.704323
1538752260,6595,6594.02,6594.58,6595,10.166959
1538752320,6595,6594.16,6594.58,6595,8.327035
1538752380,6595,6594.59,6595,6594.61,9.293799
1538752440,6595,6594.71,6594.71,6595,27.416357
1538752500,6595,6594.6,6594.72,6595,24.332259
1538752560,6598.83,6594.68,6595,6597.3,32.858833
1538752620,6598.82,6597.3,6597.95,6598.81,12.224362
1538752680,6600,6598.03,6598.81,6598.82,21.171807
1538752740,6602.49,6598.81,6599.41,6601.5,9.52268
1538752800,6603.39,6601.5,6602.91,6603.01,12.299622
1538752860,6603.34,6602.83,6603.01,6603.04,4.217833
1538752920,6603.34,6602.82,6603.03,6602.83,31.28807
1538752980,6603.34,6602.82,6602.82,6603.34,22.480256
1538753040,6604.39,6603.33,6603.34,6603.98,37.996453
1538753100,6605,6603.33,6603.98,6604,42.591374
1538753160,6606.47,6602.82,6604.59,6603.06,53.362834
1538753220,6605,6603.06,6603.07,6605,8.614007
1538753280,6605.97,6604.34,6604.69,6605,9.16257
1538753340,6605.96,6604.34,6605.95,6604.35,5.93207
1538753400,6606.57,6603,6604.67,6603.09,11.700225
1538753460,6603.09,6600.01,6603,6602.1,16.538128
1538753520,6603.09,6600.03,6602.03,6601.02,18.889968
1538753580,6602.59,6600.01,6601.02,6601.02,27.918405
1538753640,6601.03,6598.97,6601.03,6599,31.566985
1538753700,6601.03,6599.02,6600.3,6600.06,42.525841
1538753760,6602.87,6600.02,6600.05,6602.65,23.198128
1538753820,6604.89,6601.03,6601.84,6604.77,17.702663
1538753880,6604.78,6601.6,6604.76,6604.37,3.975707
1538753940,6604.68,6601.8,6604.38,6603.8,4.957339
1538754000,6604.42,6603,6603.8,6604,5.131053
1538754060,6604.63,6602,6604.01,6602.01,9.919905
1538754120,6603.01,6597.26,6602.94,6599.57,14.578404
1538754180,6599.23,6593.06,6598.61,6599.21,23.595381
1538754240,6600.11,6597.2,6599.21,6598,3.494708
1538754300,6598,6597.21,6597.61,6597.23,3.893645
1538754360,6597.23,6596.01,6597.22,6596.02,9.025528
1538754420,6601.58,6595.17,6596.02,6600.07,7.637389
1538754480,6600.05,6597.18,6597.18,6600,52.29708
1538754540,6602,6597.59,6597.59,6600.05,40.212547
1538754600,6603.69,6600.01,6600.05,6600.05,11.312047
1538754660,6603.77,6600,6600.05,6602.01,8.061638
1538754720,6603.12,6598.01,6602.56,6598.01,27.207911
1538754780,6600.01,6597.77,6599.35,6599.95,38.023139
1538754840,6602.63,6597.79,6598.88,6598.65,5.15009
1538754900,6600,6598.64,6598.64,6600,4.835634
1538754960,6600,6598.64,6598.65,6598.66,18.027102
1538755020,6600,6595.34,6598.65,6597.51,30.559043
1538755080,6600,6596.27,6596.5,6597.61,9.454733
1538755140,6598.76,6595.36,6597.61,6598.51,18.546104
