1578240000,2.7587,2.747,2.7533,2.7474,11304.81
1578240060,2.7566,2.7472,2.7472,2.7552,11697.25
1578240120,2.7685,2.7555,2.7557,2.7645,27957.3
1578240180,2.7674,2.7615,2.7643,2.7659,29600.87
1578240240,2.7668,2.7646,2.765,2.7646,10700.37
1578240300,2.7642,2.7542,2.7642,2.7566,10304.3
1578240360,2.76,2.7551,2.7559,2.7582,8097.7
1578240420,2.758,2.7529,2.758,2.7551,970.66
1578240480,2.7595,2.7556,2.7557,2.7589,5392.64
1578240540,2.7589,2.7578,2.7589,2.7578,1133.98
1578240600,2.7572,2.7557,2.7563,2.7557,461.59
1578240660,2.7538,2.7515,2.7538,2.7523,2029.09
1578240720,2.7572,2.7523,2.7523,2.7552,14761.4
1578240780,2.7573,2.7559,2.7559,2.7559,2757.21
1578240840,2.7552,2.7502,2.7552,2.7523,4593
1578240900,2.7548,2.7539,2.7539,2.7546,396.4
1578240960,2.7596,2.7546,2.7546,2.7596,1060.33
1578241020,2.7599,2.7568,2.7599,2.7578,4418.21
1578241080,2.759,2.7568,2.759,2.7579,3574.82
1578241140,2.7593,2.757,2.758,2.7593,3358.58
1578241200,2.7594,2.7574,2.7591,2.7574,4837.69
1578241260,2.7585,2.7565,2.7585,2.7575,957.56
1578241320,2.7594,2.756,2.7575,2.758,5410.48
1578241380,2.7627,2.7581,2.7586,2.761,5700.81
1578241440,2.763,2.7575,2.7626,2.7585,7798.92
1578241500,2.7593,2.7583,2.7589,2.7593,655.67
1578241560,2.7649,2.7594,2.7594,2.7649,3671.44
1578241620,2.7759,2.7618,2.7639,2.766,27725.67
1578241680,2.7701,2.764,2.7669,2.7674,37219.45
1578241740,2.77,2.7647,2.7654,2.7647,6762.13
1578241800,2.7691,2.7654,2.7657,2.7691,6877.69
1578241860,2.7701,2.7659,2.7692,2.7683,7682.47
1578241920,2.7662,2.7599,2.7661,2.7605,11324.08
1578241980,2.7615,2.7592,2.7596,2.7592,4663.09
1578242040,2.759,2.7573,2.7575,2.759,1544.27
1578242100,2.7607,2.7578,2.7578,2.7601,1914.62
1578242160,2.7631,2.7614,2.7615,2.7622,1239.25
1578242220,2.7635,2.7605,2.7628,2.7631,11356.73
1578242280,2.7652,2.7626,2.7628,2.7652,818.41
1578242340,2.7668,2.7616,2.766,2.7616,3279.48
1578242400,2.7609,2.7555,2.7609,2.758,8060.08
1578242460,2.756,2.7546,2.756,2.7555,1969.14
1578242520,2.7594,2.7556,2.7557,2.7593,4261.81
1578242580,2.7594,2.7571,2.7593,2.7571,1254.52
1578242640,2.7577,2.7527,2.7577,2.7527,4731.74
1578242700,2.7538,2.7499,2.752,2.7509,28037.76
1578242760,2.7553,2.7515,2.7516,2.7541,4877.89
1578242820,2.7551,2.7537,2.7549,2.7544,529.5
1578242880,2.7546,2.7511,2.7546,2.7511,2335.8
1578242940,2.753,2.7481,2.7521,2.7486,2866.16
1578243000,2.7496,2.7464,2.7483,2.748,4919.64
1578243060,2.7505,2.7485,2.7489,2.7485,1272.21
1578243120,2.7533,2.7497,2.7501,2.7521,2799.68
1578243180,2.752,2.7468,2.752,2.7468,130.5
1578243240,2.7493,2.7482,2.7482,2.7484,2009.49
1578243300,2.748,2.7428,2.748,2.7428,15818.8
1578243360,2.7453,2.7413,2.7425,2.7447,16762.54
1578243420,2.7461,2.7415,2.7447,2.7449,39647.01
1578243480,2.745,2.7438,2.7448,2.7449,79616.6
1578243540,2.745,2.7434,2.7441,2.745,6370.44
1578243600,2.7459,2.7437,2.7449,2.7447,4527.45
1578243660,2.7445,2.7416,2.7445,2.743,5840.31
1578243720,2.743,2.7409,2.743,2.7416,26205.71
1578243780,2.7411,2.7364,2.7411,2.7397,8885.77
1578243840,2.7394,2.7347,2.7394,2.7354,8553.44
1578243900,2.739,2.7338,2.7347,2.7383,12673.02
1578243960,2.743,2.7377,2.738,2.7407,7352.48
1578244020,2.7433,2.7398,2.7409,2.7417,2848.21
1578244080,2.7464,2.742,2.7422,2.7464,4174.45
1578244140,2.7472,2.7456,2.7461,2.7462,724.26
1578244200,2.7494,2.7455,2.7458,2.7491,5569.15
1578244260,2.7476,2.7436,2.7476,2.7441,3344.22
1578244320,2.7469,2.7436,2.7437,2.7467,896.35
1578244380,2.7457,2.7415,2.7457,2.7425,4098.52
1578244440,2.7463,2.743,2.7431,2.7463,1620.38
1578244500,2.7453,2.7434,2.7451,2.7443,2288.44
1578244560,2.7452,2.7449,2.7449,2.7452,668.72
1578244620,2.7456,2.7439,2.7453,2.7456,403.31
1578244680,2.7466,2.7449,2.7457,2.7453,467.65
1578244740,2.7468,2.7439,2.7441,2.7468,3048.32
1578244800,2.7486,2.7461,2.7468,2.7486,768.9
1578244860,2.7515,2.7496,2.7497,2.7515,927.54
1578244920,2.752,2.7495,2.7509,2.752,1351.72
1578244980,2.7546,2.7521,2.7521,2.7539,1989.29
1578245040,2.754,2.7496,2.7535,2.7504,8638.89
1578245100,2.7524,2.75,2.75,2.7524,2935.9
1578245160,2.7538,2.7516,2.7524,2.7524,3663.53
1578245220,2.7514,2.7504,2.751,2.7514,349.05
1578245280,2.7512,2.7499,2.7501,2.7502,269.58
1578245340,2.7529,2.7511,2.7517,2.7512,786.84
1578245400,2.7531,2.7509,2.7518,2.7518,1501.93
1578245460,2.7506,2.7474,2.7504,2.7481,1423.2
1578245520,2.7484,2.7477,2.7477,2.7482,1678.21
1578245580,2.7489,2.7473,2.7485,2.7476,1148.18
1578245640,2.7473,2.7459,2.7473,2.747,884.09
1578245700,2.7484,2.7474,2.7475,2.7474,968.88
1578245760,2.7518,2.7493,2.7493,2.7506,343.5
1578245820,2.7511,2.7499,2.7506,2.7505,2798.21
1578245880,2.752,2.7501,2.7513,2.7519,742.62
1578245940,2.7546,2.753,2.753,2.7546,1291.54
1578246000,2.7544,2.7529,2.7544,2.7529,1325.92
1578246060,2.7535,2.7519,2.7519,2.7528,641.29
1578246120,2.758,2.7536,2.7536,2.758,1018.01
1578246180,2.7576,2.7544,2.7576,2.755,807.85
1578246240,2.7547,2.7505,2.7547,2.7505,2124.01
1578246300,2.7529,2.7513,2.7513,2.7528,1852.83
1578246360,2.7557,2.7536,2.7544,2.7557,3508.23
1578246420,2.7557,2.7557,2.7557,2.7557,0
1578246480,2.7556,2.7543,2.7556,2.7543,291.87
1578246540,2.7559,2.7553,2.7559,2.7553,369.54
1578246600,2.7598,2.7558,2.7566,2.7587,7850.98
1578246660,2.7566,2.7566,2.7566,2.7566,4.66
1578246720,2.7587,2.7587,2.7587,2.7587,7.25
1578246780,2.7579,2.7551,2.7579,2.7556,3189.6
1578246840,2.7562,2.7541,2.755,2.7561,6637.3
1578246900,2.7559,2.7544,2.7545,2.7558,551.28
1578246960,2.7567,2.7559,2.756,2.7567,735.11
1578247020,2.7576,2.753,2.7567,2.7536,3806.35
1578247080,2.7543,2.7532,2.7534,2.7543,1320.3
1578247140,2.7548,2.7545,2.7548,2.7545,73.79
1578247200,2.7569,2.7555,2.7556,2.7559,2199.48
1578247260,2.7559,2.7552,2.7559,2.7556,3075.37
1578247320,2.7562,2.7549,2.7557,2.7558,3982.54
1578247380,2.7574,2.7561,2.7565,2.7561,1981.91
1578247440,2.7557,2.7514,2.7557,2.7514,2865
1578247500,2.7521,2.7488,2.7518,2.7505,7834.91
1578247560,2.7508,2.7485,2.7503,2.7491,2689.45
1578247620,2.7531,2.7499,2.7499,2.7527,1763.45
1578247680,2.7521,2.7511,2.7518,2.7517,1452.4
1578247740,2.7519,2.7511,2.7519,2.7518,540.39
1578247800,2.7522,2.7515,2.7515,2.752,904.11
1578247860,2.7518,2.7482,2.7516,2.7483,2203.93
1578247920,2.7498,2.7472,2.7493,2.7489,3192.7
1578247980,2.7496,2.7486,2.7493,2.7496,245.66
1578248040,2.7509,2.7508,2.7508,2.7509,68.93
1578248100,2.7508,2.7492,2.7508,2.7492,498.07
1578248160,2.7474,2.7446,2.7472,2.7446,2346.63
1578248220,2.7446,2.7428,2.7431,2.7428,2522.85
1578248280,2.7462,2.741,2.7418,2.7455,1599.15
1578248340,2.7483,2.7447,2.7447,2.747,1712.88
1578248400,2.7493,2.7462,2.7462,2.7488,314.16
1578248460,2.7519,2.7495,2.75,2.7499,2898.96
1578248520,2.7508,2.7506,2.7506,2.7507,138.29
1578248580,2.7507,2.7455,2.7507,2.7455,488.96
1578248640,2.7462,2.7458,2.7458,2.7462,255.72
1578248700,2.7454,2.7443,2.7454,2.745,914.22
1578248760,2.7456,2.7438,2.7443,2.7447,3619.93
1578248820,2.7462,2.7452,2.7461,2.7458,696.82
1578248880,2.745,2.742,2.745,2.7429,3858.11
1578248940,2.7436,2.7393,2.743,2.7393,2090.86
1578249000,2.7418,2.7391,2.7395,2.7414,460.99
1578249060,2.7445,2.7405,2.7417,2.7436,2291.81
1578249120,2.7468,2.7435,2.7437,2.7468,509.43
1578249180,2.7465,2.7456,2.7463,2.7456,564.66
1578249240,2.7458,2.7437,2.7458,2.7437,939.68
1578249300,2.7429,2.7423,2.7423,2.7427,1204.2
1578249360,2.7422,2.7394,2.7422,2.7419,4032.98
1578249420,2.7421,2.7405,2.7407,2.7419,1380.21
1578249480,2.7471,2.7432,2.7432,2.7454,3196.68
1578249540,2.7451,2.745,2.7451,2.745,23.47
1578249600,2.7449,2.7448,2.7448,2.7449,409.47
1578249660,2.7454,2.7429,2.743,2.7454,1006.66
1578249720,2.7493,2.7459,2.7459,2.7485,3097.25
1578249780,2.7475,2.7474,2.7475,2.7474,60
1578249840,2.7474,2.7474,2.7474,2.7474,0
1578249900,2.7485,2.7449,2.7485,2.7451,1692.06
1578249960,2.7446,2.7426,2.744,2.7435,3232.2
1578250020,2.7435,2.7426,2.7431,2.7426,371.74
1578250080,2.7469,2.7412,2.7414,2.745,4644.86
1578250140,2.7452,2.7432,2.7451,2.7434,212.26
1578250200,2.7437,2.7416,2.7437,2.7416,2350.86
1578250260,2.7439,2.7409,2.7411,2.7438,878.94
1578250320,2.7468,2.745,2.7454,2.745,1059.19
1578250380,2.7447,2.7445,2.7445,2.7447,836.85
1578250440,2.7453,2.7441,2.7444,2.7441,215.42
1578250500,2.7441,2.7441,2.7441,2.7441,0
1578250560,2.7468,2.7433,2.7436,2.7468,844.13
1578250620,2.7481,2.7437,2.7477,2.7473,27799.98
1578250680,2.7474,2.7463,2.7463,2.7465,1181.77
1578250740,2.7482,2.7457,2.7476,2.7463,870.44
1578250800,2.7468,2.745,2.745,2.7465,338.29
1578250860,2.7455,2.7452,2.7455,2.7455,660.81
1578250920,2.7453,2.7423,2.7453,2.7423,572.22
1578250980,2.7425,2.7425,2.7425,2.7425,97.37
1578251040,2.7425,2.7425,2.7425,2.7425,0
1578251100,2.7421,2.7404,2.7421,2.741,130.68
1578251160,2.7459,2.7391,2.74,2.7452,8494.4
1578251220,2.7478,2.7443,2.7444,2.747,3472.97
1578251280,2.7474,2.746,2.7473,2.7469,1553.14
1578251340,2.7476,2.7458,2.7458,2.7469,60.6
1578251400,2.7476,2.7469,2.7476,2.7469,300
1578251460,2.7474,2.7474,2.7474,2.7474,6.32
1578251520,2.7474,2.7474,2.7474,2.7474,0
1578251580,2.7476,2.7467,2.7469,2.7476,2041.85
1578251640,2.7476,2.7476,2.7476,2.7476,0
1578251700,2.747,2.7452,2.747,2.7452,1290.26
1578251760,2.7441,2.7428,2.7441,2.7441,3337.85
1578251820,2.7439,2.7411,2.7431,2.7421,8150.22
1578251880,2.742,2.7403,2.7411,2.7411,4420.6
1578251940,2.7414,2.7383,2.7403,2.7398,3090.87
1578252000,2.7425,2.7394,2.7394,2.7423,2796.8
1578252060,2.7435,2.7432,2.7433,2.7435,824.26
1578252120,2.7453,2.7443,2.7443,2.7446,1027.5
1578252180,2.7445,2.7445,2.7445,2.7445,200
1578252240,2.7461,2.7452,2.7452,2.7461,1659.39
1578252300,2.7461,2.746,2.7461,2.746,59.09
1578252360,2.7481,2.747,2.747,2.748,2897.45
1578252420,2.7496,2.7476,2.7476,2.7496,348.66
1578252480,2.7484,2.746,2.7484,2.7461,2822.53
1578252540,2.746,2.7442,2.746,2.7442,173.46
1578252600,2.7435,2.7432,2.7435,2.7433,89.15
1578252660,2.7455,2.7433,2.7433,2.7455,2159.72
1578252720,2.7459,2.7448,2.7458,2.7456,1334.76
1578252780,2.7465,2.7464,2.7464,2.7465,539.64
1578252840,2.7452,2.7432,2.7452,2.7432,380.66
1578252900,2.7432,2.7419,2.743,2.7419,1928.18
1578252960,2.7431,2.743,2.743,2.7431,29.17
1578253020,2.7414,2.7412,2.7414,2.7412,600
1578253080,2.7409,2.7396,2.7407,2.7405,3242.9
1578253140,2.7429,2.7395,2.7404,2.7423,3082.32
1578253200,2.7423,2.7423,2.7423,2.7423,0
1578253260,2.74,2.74,2.74,2.74,6.77
1578253320,2.7412,2.7401,2.7402,2.7412,267.94
1578253380,2.7412,2.7412,2.7412,2.7412,0
1578253440,2.7411,2.741,2.7411,2.741,380.78
1578253500,2.7446,2.7426,2.7427,2.7438,799.41
1578253560,2.7441,2.7433,2.7434,2.744,2917.37
1578253620,2.7443,2.7424,2.7441,2.744,440.91
1578253680,2.7448,2.7429,2.7441,2.7433,1087.18
1578253740,2.7429,2.7398,2.7429,2.7398,733.57
1578253800,2.7418,2.7389,2.7402,2.7409,1660.54
1578253860,2.7431,2.7415,2.7415,2.7428,1750.74
1578253920,2.7443,2.7434,2.7443,2.7434,704.4
1578253980,2.7419,2.7415,2.7415,2.7419,732.74
1578254040,2.7419,2.7419,2.7419,2.7419,4.01
1578254100,2.7487,2.7419,2.7419,2.7474,3837.46
1578254160,2.7481,2.747,2.7475,2.747,1130.3
1578254220,2.747,2.7456,2.747,2.7469,1669.8
1578254280,2.7464,2.7463,2.7464,2.7463,27.11
1578254340,2.7463,2.7463,2.7463,2.7463,0
1578254400,2.748,2.7425,2.7476,2.7436,5922.32
1578254460,2.7438,2.7435,2.7438,2.7435,532.7
1578254520,2.7438,2.7435,2.7436,2.7438,318.71
1578254580,2.7435,2.7417,2.7435,2.7429,8716.04
1578254640,2.7432,2.7417,2.7429,2.7426,2985.79
1578254700,2.7436,2.7435,2.7435,2.7436,307.24
1578254760,2.7428,2.7427,2.7428,2.7427,661.01
1578254820,2.7421,2.7419,2.7421,2.7419,129.65
1578254880,2.744,2.7435,2.7435,2.7438,509.16
1578254940,2.7448,2.7444,2.7444,2.7448,1000
1578255000,2.7448,2.7448,2.7448,2.7448,0
1578255060,2.7456,2.7456,2.7456,2.7456,305.75
1578255120,2.7451,2.7448,2.7448,2.7451,169.26
1578255180,2.7457,2.7457,2.7457,2.7457,4.79
1578255240,2.7462,2.7462,2.7462,2.7462,6.47
1578255300,2.7444,2.744,2.7441,2.7441,937.17
1578255360,2.7444,2.7427,2.743,2.7438,3619.75
1578255420,2.7428,2.7392,2.7428,2.7392,6242.05
1578255480,2.7393,2.7353,2.7392,2.7386,10046.62
1578255540,2.7385,2.7381,2.7385,2.7381,28.37
1578255600,2.7417,2.7395,2.7395,2.7417,730.37
1578255660,2.7417,2.7417,2.7417,2.7417,0
1578255720,2.7407,2.7396,2.7403,2.7396,79.82
1578255780,2.7433,2.741,2.7413,2.7411,2509.67
1578255840,2.743,2.7403,2.7408,2.743,2830.28
1578255900,2.7417,2.7403,2.7408,2.7405,1247.09
1578255960,2.7411,2.7399,2.7409,2.7399,1516.36
1578256020,2.7444,2.7409,2.741,2.7444,2023.38
1578256080,2.7446,2.7422,2.7442,2.7422,1914.29
1578256140,2.742,2.7418,2.7419,2.7418,329.58
1578256200,2.74,2.7387,2.7394,2.7387,2435.38
1578256260,2.7394,2.7391,2.7391,2.7394,732.55
1578256320,2.7408,2.7397,2.74,2.7397,132.18
1578256380,2.7439,2.7414,2.7414,2.7426,1547.7
1578256440,2.7436,2.7435,2.7435,2.7436,59.05
1578256500,2.743,2.7429,2.743,2.7429,38.81
1578256560,2.7445,2.7436,2.7438,2.7436,336.52
1578256620,2.7407,2.7407,2.7407,2.7407,41.51
1578256680,2.741,2.7402,2.741,2.7403,51.48
1578256740,2.7397,2.7393,2.7396,2.7393,466.06
1578256800,2.7396,2.7395,2.7396,2.7395,155.91
1578256860,2.7395,2.7395,2.7395,2.7395,0
1578256920,2.7403,2.7395,2.74,2.7395,526.11
1578256980,2.7419,2.7383,2.7394,2.7419,2225.14
1578257040,2.7418,2.7401,2.7418,2.7406,1400.32
1578257100,2.7404,2.7391,2.7394,2.7404,676.02
1578257160,2.7412,2.7393,2.7398,2.7412,1462.71
1578257220,2.7417,2.7412,2.7417,2.7417,435.3
1578257280,2.7429,2.7429,2.7429,2.7429,239.74
1578257340,2.7453,2.7429,2.7429,2.7441,2852.58
1578257400,2.7448,2.7447,2.7447,2.7448,352.91
1578257460,2.7448,2.7448,2.7448,2.7448,0
1578257520,2.7493,2.7449,2.7449,2.7478,16779.34
1578257580,2.7478,2.7456,2.7477,2.7456,2397.36
1578257640,2.7463,2.7462,2.7462,2.7463,19.33
1578257700,2.7463,2.7463,2.7463,2.7463,0
1578257760,2.746,2.7419,2.746,2.7427,4959.74
1578257820,2.744,2.7433,2.7433,2.744,700
1578257880,2.7435,2.7423,2.7435,2.7435,1040.92
1578257940,2.7435,2.7435,2.7435,2.7435,0
1578258000,2.7431,2.7387,2.7431,2.7388,5137.13
1578258060,2.7396,2.7366,2.7386,2.7372,2723.61
1578258120,2.7387,2.7319,2.7375,2.7319,7912.9
1578258180,2.732,2.7223,2.732,2.7254,73822.85
1578258240,2.7267,2.7225,2.7266,2.7229,4027.08
1578258300,2.7284,2.724,2.7255,2.7284,4696.22
1578258360,2.7318,2.728,2.728,2.7301,13187.95
1578258420,2.7308,2.7288,2.7306,2.7306,3599.33
1578258480,2.7301,2.73,2.7301,2.73,129.41
1578258540,2.7312,2.7278,2.7278,2.7312,907.4
1578258600,2.7308,2.7261,2.7308,2.7263,7388.16
1578258660,2.7264,2.7245,2.7264,2.7245,820.83
1578258720,2.7263,2.725,2.725,2.7255,1855.51
1578258780,2.7246,2.7223,2.7246,2.7228,500.66
1578258840,2.7235,2.7203,2.7221,2.7232,3428.25
1578258900,2.7226,2.722,2.7226,2.722,471.01
1578258960,2.7244,2.723,2.723,2.7241,976.75
1578259020,2.7246,2.7244,2.7244,2.7244,446.92
1578259080,2.7241,2.7215,2.7241,2.7215,1943.65
1578259140,2.7215,2.7215,2.7215,2.7215,0
1578259200,2.7223,2.7217,2.7217,2.7223,414.5
1578259260,2.7215,2.719,2.7215,2.7197,6586.81
1578259320,2.7215,2.7205,2.7206,2.7205,255.29
1578259380,2.7206,2.7179,2.7206,2.7189,6373.85
1578259440,2.7232,2.7194,2.7195,2.7223,4162.22
1578259500,2.7222,2.7221,2.7222,2.7222,105.35
1578259560,2.7223,2.721,2.7223,2.722,177.27
1578259620,2.7221,2.7211,2.722,2.7211,129.42
1578259680,2.7204,2.7176,2.7201,2.7176,478.89
1578259740,2.7188,2.7185,2.7185,2.7188,1078.08
1578259800,2.7178,2.7159,2.7176,2.7169,1509
1578259860,2.718,2.7075,2.7175,2.7104,24459.3
1578259920,2.7104,2.6933,2.7102,2.6967,43970.13
1578259980,2.6961,2.6848,2.694,2.6946,51128.24
1578260040,2.6999,2.6914,2.694,2.6988,8563.28
1578260100,2.6981,2.693,2.6975,2.6941,4689.54
1578260160,2.7005,2.6955,2.6955,2.7001,2295.71
1578260220,2.7034,2.6995,2.6996,2.7029,3764.89
1578260280,2.7038,2.6985,2.7017,2.6985,4719.66
1578260340,2.6991,2.6964,2.6991,2.6964,249.29
1578260400,2.6974,2.6926,2.6974,2.6939,732.41
1578260460,2.6941,2.6931,2.6941,2.6931,359.33
1578260520,2.6939,2.6882,2.6939,2.6898,15622.7
1578260580,2.692,2.6844,2.6895,2.6881,21940.86
1578260640,2.6917,2.6893,2.6893,2.6902,5037.07
1578260700,2.6943,2.6907,2.6907,2.694,1913.62
1578260760,2.6961,2.6924,2.6939,2.6951,3246.5
1578260820,2.6964,2.6953,2.6953,2.6964,1246.56
1578260880,2.6986,2.6968,2.6969,2.6968,1329.34
1578260940,2.7006,2.6968,2.6968,2.6995,5347.39
1578261000,2.7016,2.6998,2.7002,2.7004,2895.31
1578261060,2.7006,2.6983,2.6994,2.6994,1776.33
1578261120,2.699,2.6989,2.699,2.6989,342.67
1578261180,2.698,2.6923,2.698,2.6951,6130.78
1578261240,2.6931,2.6916,2.6931,2.6916,294.58
1578261300,2.6977,2.6925,2.6925,2.6961,7434.26
1578261360,2.6999,2.6937,2.6962,2.6948,4306.51
1578261420,2.6971,2.6956,2.6958,2.6971,1413.69
1578261480,2.6961,2.6902,2.6947,2.6911,2856.88
1578261540,2.6911,2.6872,2.6911,2.6872,822
1578261600,2.6882,2.6844,2.6882,2.6878,10067.18
1578261660,2.6922,2.6878,2.6878,2.6917,5301.39
1578261720,2.6914,2.69,2.6914,2.69,514.37
1578261780,2.6919,2.6893,2.6908,2.691,1547.2
1578261840,2.6908,2.6885,2.6892,2.6895,3652.02
1578261900,2.691,2.6891,2.6904,2.691,3008.86
1578261960,2.691,2.691,2.691,2.691,51.05
1578262020,2.6916,2.6907,2.6916,2.6907,104
1578262080,2.6911,2.6909,2.6909,2.6911,171.39
1578262140,2.694,2.6915,2.6915,2.694,1373.4
1578262200,2.6944,2.6931,2.6931,2.6944,208.86
1578262260,2.6934,2.6933,2.6934,2.6933,776.93
1578262320,2.6933,2.6933,2.6933,2.6933,0
1578262380,2.6947,2.6934,2.6936,2.6938,4076.84
1578262440,2.695,2.6938,2.6949,2.6942,2679.1
1578262500,2.6942,2.6917,2.6942,2.6917,729.03
1578262560,2.6921,2.6893,2.6912,2.6893,1666.89
1578262620,2.6887,2.6877,2.6885,2.6879,2276.43
1578262680,2.6876,2.6875,2.6876,2.6875,920.49
1578262740,2.6869,2.6777,2.6855,2.6801,20633.11
1578262800,2.682,2.6746,2.6794,2.6765,11889.78
1578262860,2.675,2.6633,2.6749,2.67,32287.95
1578262920,2.6731,2.6691,2.6691,2.6722,4340.66
1578262980,2.678,2.6693,2.6728,2.6758,9932.39
1578263040,2.6786,2.675,2.6752,2.6767,3020.72
1578263100,2.6777,2.6753,2.6777,2.6759,1484.42
1578263160,2.6776,2.6732,2.677,2.6732,1920.59
1578263220,2.6752,2.675,2.675,2.6752,273.15
1578263280,2.6751,2.6696,2.6745,2.6696,2491.61
1578263340,2.671,2.6672,2.6704,2.6684,5054.52
1578263400,2.673,2.6687,2.6696,2.673,499.21
1578263460,2.6744,2.6729,2.6734,2.6744,3039.67
1578263520,2.6738,2.6728,2.6736,2.6728,1941.82
1578263580,2.6745,2.6727,2.6735,2.6745,83.73
1578263640,2.6745,2.6739,2.6739,2.6745,1851.97
1578263700,2.6745,2.6745,2.6745,2.6745,5317.79
1578263760,2.6741,2.6733,2.674,2.6733,1449.97
1578263820,2.6743,2.6726,2.673,2.6741,1147.68
1578263880,2.6745,2.6733,2.6734,2.6745,177.52
1578263940,2.6745,2.6729,2.6745,2.6745,1532.38
1578264000,2.6785,2.6745,2.6745,2.6785,6814.39
1578264060,2.6821,2.6785,2.6788,2.6821,12690.12
1578264120,2.6827,2.6817,2.6817,2.6826,6445.43
1578264180,2.6833,2.6821,2.6826,2.6832,1547.99
1578264240,2.6832,2.6805,2.683,2.6816,811.08
1578264300,2.6787,2.6758,2.6787,2.6772,2101.44
1578264360,2.6808,2.6777,2.6801,2.6796,698.11
1578264420,2.6814,2.68,2.68,2.6814,873.87
1578264480,2.6819,2.6813,2.6813,2.6819,219.44
1578264540,2.6833,2.6826,2.6826,2.6833,364.71
1578264600,2.6839,2.6835,2.6835,2.6839,55.2
1578264660,2.685,2.684,2.6844,2.684,1352.56
1578264720,2.6853,2.6842,2.6842,2.6853,304.48
1578264780,2.6848,2.684,2.6846,2.6843,2814.77
1578264840,2.6858,2.6838,2.6842,2.6858,582.58
1578264900,2.6861,2.685,2.6853,2.685,796.65
1578264960,2.6858,2.6834,2.6834,2.6858,3483.04
1578265020,2.6842,2.6832,2.6842,2.6837,428.11
1578265080,2.6837,2.6837,2.6837,2.6837,0
1578265140,2.688,2.6843,2.6844,2.688,3171.65
1578265200,2.6881,2.6843,2.6879,2.6843,1610.28
1578265260,2.6851,2.6833,2.685,2.6849,1263.74
1578265320,2.6847,2.6824,2.6826,2.6846,1226.03
1578265380,2.6854,2.6846,2.6846,2.6853,832.66
1578265440,2.6853,2.6853,2.6853,2.6853,0
1578265500,2.6842,2.6825,2.6832,2.6836,955.33
1578265560,2.6837,2.6815,2.6837,2.6815,735.96
1578265620,2.6812,2.6806,2.6812,2.6807,592.31
1578265680,2.6811,2.68,2.6811,2.68,723.19
1578265740,2.68,2.679,2.6799,2.68,1214.5
1578265800,2.68,2.6762,2.68,2.6775,3690.54
1578265860,2.6777,2.675,2.6777,2.6767,3638.29
1578265920,2.6759,2.673,2.6759,2.6755,19481.07
1578265980,2.6761,2.6707,2.6761,2.6716,8889.49
1578266040,2.676,2.672,2.672,2.676,1080.41
1578266100,2.6758,2.67,2.6758,2.6707,4335.22
1578266160,2.675,2.6718,2.6722,2.6732,1974.02
1578266220,2.6748,2.6743,2.6748,2.6743,279.72
1578266280,2.6814,2.6743,2.6748,2.6814,9254.09
1578266340,2.6826,2.6798,2.6813,2.6826,1650.5
1578266400,2.6815,2.68,2.6811,2.68,1564.32
1578266460,2.6817,2.6806,2.6808,2.6806,929.36
1578266520,2.6863,2.6819,2.6819,2.6856,4263.58
1578266580,2.6859,2.6826,2.6856,2.6829,1978.33
1578266640,2.6832,2.6817,2.6832,2.6821,6634.73
1578266700,2.6853,2.6818,2.6825,2.6833,6504.77
1578266760,2.6838,2.6822,2.6833,2.6822,1079.92
1578266820,2.6818,2.6796,2.6818,2.68,2489.18
1578266880,2.68,2.68,2.68,2.68,0
1578266940,2.6792,2.679,2.679,2.6792,91.69
1578267000,2.6838,2.6788,2.6789,2.6832,3907.35
1578267060,2.6862,2.6826,2.6831,2.6842,2662.63
1578267120,2.6857,2.6827,2.6836,2.6832,1182.12
1578267180,2.6849,2.6839,2.6839,2.6843,888.75
1578267240,2.686,2.6842,2.6843,2.6847,4883.15
1578267300,2.6867,2.6841,2.686,2.6847,6033.14
1578267360,2.6847,2.6839,2.6846,2.6839,933.6
1578267420,2.6852,2.6839,2.6842,2.6845,566.98
1578267480,2.6841,2.6804,2.6837,2.6804,1308.47
1578267540,2.6822,2.68,2.6807,2.6808,229.17
1578267600,2.683,2.6802,2.6803,2.683,1416.78
1578267660,2.6836,2.6823,2.6825,2.683,1002.87
1578267720,2.685,2.6831,2.6846,2.6848,1716.72
1578267780,2.6838,2.6799,2.6838,2.6802,4760.24
1578267840,2.6818,2.6797,2.6807,2.6817,826.38
1578267900,2.6827,2.6818,2.682,2.6818,792.87
1578267960,2.6836,2.6804,2.6804,2.6835,977.8
1578268020,2.6849,2.6814,2.6842,2.6814,1962.37
1578268080,2.6818,2.6805,2.6817,2.6805,1240.54
1578268140,2.6808,2.6803,2.6805,2.6803,673.91
1578268200,2.6822,2.6797,2.6797,2.6822,1328.41
1578268260,2.6828,2.6814,2.6817,2.6828,1272.53
1578268320,2.6844,2.6829,2.683,2.6844,3323.03
1578268380,2.6844,2.6825,2.6836,2.6834,1246.98
1578268440,2.6841,2.6816,2.6829,2.683,2222.3
1578268500,2.6846,2.6824,2.683,2.6836,2799.02
1578268560,2.6854,2.6834,2.6834,2.6851,937.2
1578268620,2.6895,2.6846,2.6846,2.6886,5621.35
1578268680,2.6882,2.6853,2.688,2.6855,4124.89
1578268740,2.6865,2.6851,2.6855,2.6865,976.31
1578268800,2.6853,2.683,2.6845,2.6838,3602.1
1578268860,2.684,2.6809,2.6838,2.6816,17682.64
1578268920,2.6807,2.6789,2.6807,2.6789,684.17
1578268980,2.6808,2.6793,2.6798,2.6801,3224.04
1578269040,2.6822,2.6786,2.6786,2.6821,2955.39
1578269100,2.6829,2.6808,2.6821,2.6814,1711.31
1578269160,2.6825,2.68,2.6811,2.68,1393.47
1578269220,2.6806,2.6801,2.6801,2.6805,855.82
1578269280,2.6819,2.6806,2.6807,2.6811,1046.25
1578269340,2.6819,2.6815,2.6815,2.6819,309.85
1578269400,2.6809,2.6808,2.6809,2.6809,251.82
1578269460,2.6859,2.6825,2.6825,2.6849,2287.34
1578269520,2.6882,2.6845,2.6852,2.687,4423.31
1578269580,2.687,2.6837,2.687,2.685,2938.19
1578269640,2.6866,2.6839,2.6854,2.6866,1903.63
1578269700,2.6869,2.6859,2.6863,2.6865,2479.52
1578269760,2.6874,2.6818,2.6872,2.6833,5570.32
1578269820,2.6852,2.6818,2.6834,2.6832,5397.03
1578269880,2.6826,2.6816,2.6825,2.6826,478.62
1578269940,2.684,2.6821,2.6836,2.6821,2050.9
1578270000,2.6823,2.6812,2.6823,2.6812,1406.92
1578270060,2.6815,2.6801,2.6809,2.6812,1387.31
1578270120,2.682,2.6805,2.6812,2.6805,339.04
1578270180,2.6888,2.682,2.682,2.6888,20786.77
1578270240,2.6887,2.6837,2.6887,2.6844,958.49
1578270300,2.6862,2.6825,2.6862,2.6836,304.18
1578270360,2.6838,2.6826,2.6834,2.6835,1706.03
1578270420,2.6845,2.6834,2.6835,2.6845,1541.06
1578270480,2.6857,2.6857,2.6857,2.6857,12.09
1578270540,2.6862,2.6851,2.6862,2.6851,315.47
1578270600,2.6839,2.6831,2.6839,2.6832,1303.41
1578270660,2.6833,2.6824,2.6833,2.6824,1471.98
1578270720,2.6824,2.6824,2.6824,2.6824,0
1578270780,2.6813,2.6811,2.6812,2.6812,345.68
1578270840,2.6866,2.6829,2.6831,2.6855,1909.74
1578270900,2.6852,2.6835,2.6851,2.6851,1014.38
1578270960,2.686,2.6846,2.6851,2.6859,2814.36
1578271020,2.6871,2.6859,2.6861,2.6871,1098.6
1578271080,2.6891,2.6866,2.6887,2.6866,2482.9
1578271140,2.6885,2.6873,2.6873,2.6885,1414.38
1578271200,2.6893,2.6873,2.6893,2.6884,3056.3
1578271260,2.6863,2.6852,2.6861,2.6862,682.94
1578271320,2.687,2.6868,2.687,2.6868,200
1578271380,2.6895,2.6864,2.6878,2.6895,4421.19
1578271440,2.691,2.6895,2.6898,2.6904,2568.56
1578271500,2.6916,2.6901,2.6909,2.6907,1812.98
1578271560,2.6913,2.6901,2.6901,2.6905,1817.57
1578271620,2.6925,2.6912,2.6912,2.6925,1171.2
1578271680,2.693,2.6902,2.6925,2.6909,2449.29
1578271740,2.6912,2.6881,2.6912,2.6889,1884.24
1578271800,2.6909,2.6897,2.6897,2.6909,635.92
1578271860,2.6919,2.6919,2.6919,2.6919,98.44
1578271920,2.6932,2.6923,2.6923,2.6932,152.73
1578271980,2.6957,2.6927,2.6933,2.6955,2866.43
1578272040,2.6951,2.6912,2.6951,2.6912,2962.34
1578272100,2.6932,2.6922,2.6922,2.6932,1481.87
1578272160,2.6946,2.6919,2.6924,2.6943,2137.15
1578272220,2.695,2.6937,2.6937,2.6943,793.74
1578272280,2.6931,2.6918,2.6931,2.6918,757.95
1578272340,2.6936,2.6927,2.6935,2.6927,1248.45
1578272400,2.6939,2.6925,2.6939,2.6933,510.54
1578272460,2.6926,2.6926,2.6926,2.6926,27.81
1578272520,2.6977,2.6937,2.6937,2.6969,3145.9
1578272580,2.7026,2.6966,2.6966,2.7008,5498.33
1578272640,2.7004,2.6946,2.7004,2.6947,4742.59
1578272700,2.6951,2.6943,2.6946,2.6946,562.36
1578272760,2.6977,2.6945,2.6945,2.6952,1851.87
1578272820,2.6953,2.6908,2.6953,2.6926,1057.7
1578272880,2.6926,2.69,2.6925,2.6906,1403.79
1578272940,2.6907,2.6903,2.6903,2.6906,433.03
1578273000,2.691,2.6892,2.691,2.6893,3591.52
1578273060,2.6921,2.6899,2.6899,2.6921,1100.64
1578273120,2.6961,2.6921,2.6921,2.6941,3504.53
1578273180,2.6944,2.6927,2.6944,2.6927,1022.38
1578273240,2.6942,2.6932,2.6934,2.6942,671.73
1578273300,2.6938,2.6938,2.6938,2.6938,16.19
1578273360,2.6924,2.6906,2.6924,2.691,918.05
1578273420,2.6931,2.6909,2.6914,2.6931,3469.02
1578273480,2.6913,2.6913,2.6913,2.6913,52.31
1578273540,2.694,2.6936,2.6936,2.694,1016.23
1578273600,2.694,2.694,2.694,2.694,0
1578273660,2.6957,2.6934,2.6934,2.6955,3977.78
1578273720,2.6955,2.6955,2.6955,2.6955,0
1578273780,2.6968,2.6967,2.6967,2.6968,557.09
1578273840,2.7001,2.697,2.697,2.6984,5741.06
1578273900,2.7005,2.6987,2.7003,2.6987,1487.21
1578273960,2.6988,2.6936,2.6988,2.6937,17009.81
1578274020,2.6948,2.692,2.6941,2.6926,7417.29
1578274080,2.6944,2.6927,2.6927,2.6935,2397.42
1578274140,2.6963,2.6929,2.6929,2.6954,3135.5
1578274200,2.695,2.6925,2.695,2.6925,605.19
1578274260,2.6946,2.6932,2.6932,2.6946,272.41
1578274320,2.696,2.6943,2.6943,2.695,1259.59
1578274380,2.6963,2.6963,2.6963,2.6963,18.89
1578274440,2.7016,2.6975,2.6975,2.7015,9469.55
1578274500,2.702,2.6999,2.702,2.6999,2295.49
1578274560,2.7003,2.6998,2.6998,2.7003,154.08
1578274620,2.7013,2.6988,2.7012,2.6988,1448.96
1578274680,2.7007,2.6989,2.6989,2.7001,822.47
1578274740,2.7013,2.6994,2.7013,2.6997,2207.85
1578274800,2.701,2.7004,2.7004,2.701,12.11
1578274860,2.7066,2.7008,2.7008,2.7029,14243.64
1578274920,2.7027,2.7014,2.7026,2.7027,1845.74
1578274980,2.7043,2.7025,2.7025,2.703,4653.62
1578275040,2.7091,2.7042,2.7042,2.7076,7450.25
1578275100,2.7082,2.7061,2.7082,2.7076,850.24
1578275160,2.7093,2.7053,2.7082,2.7053,1774.72
1578275220,2.7088,2.7059,2.7059,2.7071,542.58
1578275280,2.7087,2.7075,2.708,2.7075,626.55
1578275340,2.7126,2.7078,2.7078,2.7118,3952.85
1578275400,2.7146,2.7118,2.7118,2.7142,3307.8
1578275460,2.7175,2.7145,2.7147,2.7165,1454.99
1578275520,2.7185,2.7146,2.7166,2.7157,6573.03
1578275580,2.7162,2.7129,2.7161,2.7136,7425.11
1578275640,2.7138,2.7092,2.7138,2.7093,6878.92
1578275700,2.714,2.7089,2.7094,2.7137,11016.21
1578275760,2.7159,2.7137,2.7137,2.715,1326.48
1578275820,2.716,2.7133,2.7144,2.716,2445.17
1578275880,2.7241,2.7151,2.7151,2.7235,11557.17
1578275940,2.73,2.7239,2.7242,2.7241,43704.09
1578276000,2.7328,2.7235,2.7235,2.7316,15984.32
1578276060,2.7326,2.726,2.7326,2.7271,18783.46
1578276120,2.7312,2.7265,2.7266,2.7277,9470.82
1578276180,2.7363,2.7309,2.7309,2.7329,17037.06
1578276240,2.7488,2.7317,2.733,2.7487,24927.68
1578276300,2.7544,2.7402,2.748,2.7406,47036.5
1578276360,2.7439,2.7383,2.7423,2.7393,19073.58
1578276420,2.7466,2.7395,2.7395,2.745,7189.26
1578276480,2.757,2.743,2.7455,2.757,13693.27
1578276540,2.7609,2.7476,2.757,2.7536,54137.45
1578276600,2.7582,2.7501,2.7547,2.755,50217.92
1578276660,2.7533,2.7451,2.7529,2.7459,14201.18
1578276720,2.7509,2.7436,2.7452,2.7498,29858.26
1578276780,2.7499,2.7432,2.7495,2.7441,12093.55
1578276840,2.7456,2.7418,2.7442,2.743,2579.67
1578276900,2.7485,2.743,2.744,2.7435,10112.06
1578276960,2.7465,2.7432,2.7445,2.7447,10791.09
1578277020,2.7529,2.7446,2.7446,2.7508,21788.37
1578277080,2.7514,2.747,2.7478,2.748,3051.08
1578277140,2.7505,2.7475,2.7505,2.749,4878.25
1578277200,2.7517,2.7471,2.7475,2.7515,2198.29
1578277260,2.7515,2.7461,2.7515,2.7461,4848.94
1578277320,2.7467,2.7432,2.7457,2.7445,10361.12
1578277380,2.7464,2.7448,2.7448,2.7452,3233.21
1578277440,2.7487,2.7453,2.7453,2.7474,12645.81
1578277500,2.7486,2.7479,2.7483,2.7485,1057.29
1578277560,2.7475,2.7443,2.7475,2.7443,4070.58
1578277620,2.7449,2.744,2.7443,2.7449,1792.9
1578277680,2.7475,2.7443,2.7443,2.7471,3284.43
1578277740,2.7469,2.7461,2.7467,2.7469,516.36
1578277800,2.7485,2.7459,2.7481,2.7461,5213.15
1578277860,2.7468,2.7438,2.7459,2.7462,6510.19
1578277920,2.7469,2.7449,2.7462,2.7455,2013.15
1578277980,2.7452,2.7432,2.7443,2.7437,1436.17
1578278040,2.744,2.7381,2.7437,2.7382,12487.38
1578278100,2.7412,2.7368,2.7382,2.7392,12793.35
1578278160,2.7399,2.7368,2.7398,2.7376,8166.72
1578278220,2.7382,2.7339,2.7382,2.7348,10262.94
1578278280,2.7396,2.7349,2.7361,2.7393,23605.93
1578278340,2.7406,2.7388,2.7393,2.7398,2850.2
1578278400,2.7414,2.738,2.7408,2.7383,4513.98
1578278460,2.7414,2.739,2.739,2.7408,1925.45
1578278520,2.7419,2.7398,2.74,2.7419,3917.9
1578278580,2.742,2.7395,2.742,2.7398,3279.67
1578278640,2.7407,2.7399,2.7401,2.7399,1962.78
1578278700,2.7477,2.7404,2.7408,2.7477,7286.59
1578278760,2.748,2.7452,2.7476,2.7472,8712.59
1578278820,2.747,2.7443,2.7465,2.7451,7286.23
1578278880,2.7457,2.7451,2.7451,2.7452,1638.56
1578278940,2.746,2.7425,2.7454,2.7432,6760.98
1578279000,2.7433,2.7428,2.7431,2.7433,118.08
1578279060,2.744,2.7433,2.7433,2.7438,814.35
1578279120,2.7443,2.7437,2.7443,2.7438,456.71
1578279180,2.7441,2.7427,2.7432,2.7438,1856.94
1578279240,2.7497,2.7442,2.7442,2.7478,4539.24
1578279300,2.7565,2.748,2.7482,2.7537,22019.26
1578279360,2.7574,2.7517,2.7525,2.753,25668.01
1578279420,2.7536,2.7496,2.7525,2.7509,14608.41
1578279480,2.7506,2.7474,2.7506,2.748,4206.29
1578279540,2.7521,2.749,2.7498,2.7521,6073.51
1578279600,2.7589,2.7522,2.7537,2.756,29885.31
1578279660,2.7626,2.7563,2.7568,2.7626,18845.91
1578279720,2.7627,2.7487,2.7627,2.7494,29185.81
1578279780,2.7521,2.7428,2.7494,2.7477,20297.12
1578279840,2.7524,2.7462,2.7462,2.7506,23043.51
1578279900,2.7513,2.7469,2.75,2.7469,5951.96
1578279960,2.7495,2.7428,2.7469,2.7434,17984.07
1578280020,2.7474,2.7419,2.7424,2.7453,5867.19
1578280080,2.7495,2.7437,2.7449,2.7495,10791.94
1578280140,2.7489,2.7438,2.7489,2.7455,4978.62
1578280200,2.7456,2.7394,2.7456,2.7417,22332.43
1578280260,2.7464,2.7401,2.741,2.7454,19788.77
1578280320,2.7498,2.7424,2.7454,2.7498,7556.84
1578280380,2.7503,2.7457,2.7503,2.7462,4249.41
1578280440,2.7558,2.7479,2.7479,2.7519,21437.03
1578280500,2.7517,2.7489,2.7502,2.749,5560.51
1578280560,2.7528,2.7471,2.7494,2.749,6856.91
1578280620,2.7533,2.7506,2.7508,2.7533,3637.14
1578280680,2.752,2.7488,2.7516,2.7515,3349.08
1578280740,2.7532,2.7508,2.7517,2.7519,4231.73
1578280800,2.7518,2.7488,2.7517,2.7498,3492.74
1578280860,2.7509,2.7461,2.7509,2.7473,3557.95
1578280920,2.7476,2.745,2.7474,2.7457,1592.78
1578280980,2.7475,2.7462,2.7467,2.7472,609.23
1578281040,2.7464,2.7436,2.7464,2.7441,1467.84
1578281100,2.7453,2.744,2.7446,2.744,1157.61
1578281160,2.7438,2.7433,2.7434,2.7438,867.25
1578281220,2.7451,2.7433,2.7434,2.745,2252.42
1578281280,2.7444,2.7429,2.7444,2.7429,1670.01
1578281340,2.7434,2.7424,2.7425,2.7434,3439.04
1578281400,2.7491,2.7435,2.7435,2.7473,45019.21
1578281460,2.7512,2.7478,2.7478,2.7512,5264.69
1578281520,2.7541,2.7504,2.7516,2.7517,6019.23
1578281580,2.7545,2.7513,2.752,2.7542,1586.19
1578281640,2.7544,2.7516,2.7542,2.7521,6883.2
1578281700,2.7533,2.752,2.752,2.7523,749.81
1578281760,2.7526,2.7511,2.7523,2.7512,1691.33
1578281820,2.752,2.7501,2.7512,2.752,1746.69
1578281880,2.7509,2.7488,2.7509,2.7504,2223.23
1578281940,2.7509,2.7495,2.75,2.7508,2207.11
1578282000,2.7509,2.7489,2.7502,2.7489,846.24
1578282060,2.7502,2.7483,2.7483,2.7492,684.24
1578282120,2.7494,2.7484,2.7489,2.7494,917.3
1578282180,2.7514,2.7494,2.7494,2.7514,10065.59
1578282240,2.7532,2.7517,2.7518,2.7531,5862.27
1578282300,2.7538,2.7527,2.7533,2.7538,1737.14
1578282360,2.7547,2.7529,2.7532,2.7529,1337
1578282420,2.7558,2.7534,2.7534,2.7554,5346.48
1578282480,2.7559,2.7557,2.7559,2.7559,674.7
1578282540,2.7576,2.7564,2.7564,2.7574,576.93
1578282600,2.7622,2.7578,2.7582,2.7622,5794.37
1578282660,2.7691,2.7613,2.7622,2.7662,29206.05
1578282720,2.7669,2.7646,2.7663,2.7658,4924.68
1578282780,2.7674,2.7636,2.7654,2.7661,5677.76
1578282840,2.767,2.7637,2.7659,2.7638,3570.22
1578282900,2.7647,2.7599,2.7647,2.7616,9189.69
1578282960,2.7647,2.762,2.762,2.7628,2872.64
1578283020,2.7652,2.7616,2.7636,2.7632,4212.56
1578283080,2.7654,2.7632,2.7632,2.765,4827.11
1578283140,2.7673,2.7645,2.7649,2.7654,8624.43
1578283200,2.7707,2.7653,2.7653,2.768,11746.25
1578283260,2.7686,2.7663,2.7674,2.7666,1368.95
1578283320,2.7654,2.7614,2.7654,2.762,8547.92
1578283380,2.7649,2.7625,2.7625,2.7636,3285.47
1578283440,2.7661,2.7634,2.7634,2.7661,2748.94
1578283500,2.7698,2.7653,2.7662,2.7653,3691.01
1578283560,2.7695,2.7649,2.7649,2.7667,4375.15
1578283620,2.7684,2.7646,2.7661,2.7656,3705.05
1578283680,2.7655,2.7617,2.7655,2.7622,3451.61
1578283740,2.7661,2.7618,2.7618,2.7661,2294.96
1578283800,2.7664,2.7628,2.7663,2.7628,4263.47
1578283860,2.7637,2.7619,2.7631,2.7631,2835.37
1578283920,2.7627,2.7612,2.7619,2.7615,1855.36
1578283980,2.7624,2.7617,2.7622,2.7617,607.83
1578284040,2.7624,2.7607,2.7615,2.7607,1250.86
1578284100,2.7621,2.7607,2.7617,2.7609,1045.49
1578284160,2.7609,2.7592,2.7607,2.7594,3945.37
1578284220,2.76,2.7574,2.76,2.7574,2804.69
1578284280,2.7603,2.7574,2.7574,2.7603,10237.83
1578284340,2.764,2.7603,2.7603,2.7631,8742.81
1578284400,2.7632,2.7615,2.7632,2.762,2840.9
1578284460,2.7651,2.7625,2.7625,2.7649,3007.93
1578284520,2.765,2.7632,2.7649,2.7643,1470.53
1578284580,2.7681,2.7638,2.7638,2.7666,6846.18
1578284640,2.7674,2.7668,2.7668,2.7668,1149.68
1578284700,2.7673,2.7632,2.7673,2.7637,2288.82
1578284760,2.7663,2.7631,2.7653,2.7649,4481.58
1578284820,2.7655,2.7635,2.7636,2.7655,1398.63
1578284880,2.7655,2.7612,2.7655,2.7612,1898.39
1578284940,2.7617,2.7589,2.7606,2.7601,10514.16
1578285000,2.7601,2.7591,2.7591,2.7601,433.52
1578285060,2.7602,2.7595,2.7601,2.7595,1592.94
1578285120,2.7627,2.7606,2.7606,2.7607,3632.83
1578285180,2.7642,2.7601,2.7601,2.7634,5110.36
1578285240,2.7643,2.7627,2.7635,2.7631,2610.06
1578285300,2.7637,2.7624,2.7624,2.7637,2751.83
1578285360,2.7646,2.7635,2.7638,2.7646,1201.01
1578285420,2.7651,2.7612,2.7651,2.7616,895.39
1578285480,2.7642,2.7623,2.7623,2.764,2018.87
1578285540,2.764,2.763,2.7638,2.7634,1167.36
1578285600,2.7651,2.7639,2.7639,2.7646,834.1
1578285660,2.7676,2.7646,2.7646,2.7661,4134.13
1578285720,2.7676,2.7661,2.7661,2.7667,741.54
1578285780,2.7678,2.7661,2.7662,2.7677,2758.01
1578285840,2.7679,2.767,2.7676,2.7679,1639.53
1578285900,2.7748,2.7687,2.7687,2.7744,30352.77
1578285960,2.7755,2.772,2.7745,2.7746,9417.27
1578286020,2.7762,2.7742,2.7742,2.7752,4248.77
1578286080,2.7853,2.7751,2.7752,2.7841,113735.83
1578286140,2.79,2.7843,2.7843,2.7892,16382.93
1578286200,2.7892,2.7818,2.7892,2.782,19179.83
1578286260,2.7863,2.7809,2.7813,2.7842,8393.2
1578286320,2.7883,2.7832,2.784,2.7855,9953.48
1578286380,2.7869,2.7856,2.7856,2.7857,2259.94
1578286440,2.7856,2.7826,2.7856,2.7827,1176.44
1578286500,2.7823,2.7788,2.7823,2.7789,2711.13
1578286560,2.7798,2.7775,2.7796,2.7775,8558.9
1578286620,2.7774,2.7765,2.7773,2.7769,1751.2
1578286680,2.7791,2.7758,2.7769,2.7785,4250.52
1578286740,2.7795,2.7778,2.7782,2.7794,4427.18
1578286800,2.7823,2.7793,2.7795,2.7807,6479.22
1578286860,2.782,2.7804,2.7811,2.7809,2243.15
1578286920,2.7813,2.7789,2.7809,2.7806,4579.82
1578286980,2.783,2.7801,2.7805,2.783,2540.3
1578287040,2.7847,2.7827,2.783,2.7844,3535.22
1578287100,2.7887,2.7841,2.7844,2.7872,7324.07
1578287160,2.7888,2.786,2.7879,2.7863,3393.91
1578287220,2.7869,2.7838,2.7863,2.7852,3906.41
1578287280,2.7871,2.784,2.7852,2.7858,2448.08
1578287340,2.785,2.7808,2.785,2.7808,4390.84
1578287400,2.7808,2.775,2.7808,2.7755,27462.92
1578287460,2.7753,2.7711,2.7751,2.7711,1376.88
1578287520,2.7721,2.7702,2.7718,2.7705,9752.77
1578287580,2.7714,2.7695,2.7697,2.7704,7197.08
1578287640,2.7759,2.7705,2.7708,2.7729,23357.2
1578287700,2.7738,2.773,2.773,2.7735,2851.64
1578287760,2.7737,2.7709,2.7735,2.7725,8053.94
1578287820,2.7722,2.7695,2.7716,2.7706,3550.11
1578287880,2.7708,2.7692,2.7708,2.7696,936.9
1578287940,2.7688,2.7648,2.7688,2.7654,12306.03
1578288000,2.7691,2.7652,2.7652,2.7691,3756.33
1578288060,2.7705,2.7684,2.7685,2.7704,1552.65
1578288120,2.7706,2.7671,2.7706,2.7671,2347.84
1578288180,2.767,2.7655,2.7669,2.7668,2894.79
1578288240,2.7701,2.7653,2.766,2.7666,19876.58
1578288300,2.7689,2.7663,2.7666,2.768,7581.42
1578288360,2.7679,2.7658,2.7679,2.7664,962.6
1578288420,2.7688,2.7663,2.7663,2.7684,14103.22
1578288480,2.7707,2.767,2.7688,2.767,3785.63
1578288540,2.7705,2.7674,2.7674,2.7697,5906.43
1578288600,2.7703,2.768,2.7692,2.768,3081.99
1578288660,2.7685,2.7652,2.7684,2.7667,1117.54
1578288720,2.7674,2.7644,2.7672,2.7651,31263.55
1578288780,2.7649,2.7639,2.7639,2.7649,1067.4
1578288840,2.7641,2.76,2.7637,2.7618,2540.42
1578288900,2.7652,2.7607,2.7608,2.7652,9891.83
1578288960,2.7663,2.764,2.7663,2.764,1062.01
1578289020,2.7656,2.7644,2.7647,2.7656,980.8
1578289080,2.7646,2.7635,2.7636,2.7646,314.95
1578289140,2.7644,2.7636,2.7644,2.7637,1519.89
1578289200,2.7638,2.7629,2.7638,2.7629,242.46
1578289260,2.7674,2.7631,2.7632,2.7663,4354.13
1578289320,2.7671,2.7652,2.7671,2.7666,8442.94
1578289380,2.7677,2.7644,2.7672,2.7644,3476.42
1578289440,2.7658,2.765,2.765,2.765,618.62
1578289500,2.7668,2.7652,2.7652,2.7661,1468.95
1578289560,2.7666,2.7648,2.7666,2.7649,1203.19
1578289620,2.7668,2.7649,2.7657,2.7651,2739.04
1578289680,2.7662,2.7652,2.766,2.7658,869.29
1578289740,2.7659,2.7629,2.7659,2.7629,1749
1578289800,2.764,2.7623,2.7634,2.7636,2382.38
1578289860,2.7646,2.7628,2.763,2.7642,2911.12
1578289920,2.7647,2.7625,2.764,2.7642,3846.18
1578289980,2.7687,2.765,2.765,2.7682,10616.34
1578290040,2.7702,2.7681,2.7682,2.7694,7802.01
1578290100,2.7701,2.7683,2.7695,2.7698,9939.11
1578290160,2.7704,2.7683,2.7698,2.7686,4124.62
1578290220,2.7691,2.7673,2.769,2.7675,2837.72
1578290280,2.769,2.7672,2.7675,2.7684,1518.78
1578290340,2.7686,2.7673,2.7686,2.7684,5211.98
1578290400,2.7698,2.7686,2.7686,2.7694,1562.71
1578290460,2.7694,2.7685,2.7694,2.7685,292.11
1578290520,2.7683,2.7676,2.7683,2.7679,740.59
1578290580,2.768,2.7671,2.7676,2.768,957.92
1578290640,2.7681,2.7663,2.7681,2.7668,1346.59
1578290700,2.7673,2.7663,2.7671,2.7673,1213.06
1578290760,2.7681,2.7667,2.7672,2.7681,3111.3
1578290820,2.7697,2.7675,2.7683,2.7689,3549.68
1578290880,2.7695,2.7688,2.7688,2.7691,698.06
1578290940,2.7689,2.7668,2.7689,2.7681,236.91
1578291000,2.7678,2.7664,2.7678,2.7664,126.55
1578291060,2.7677,2.7662,2.7662,2.7677,766.75
1578291120,2.7672,2.7662,2.7672,2.7672,598.78
1578291180,2.77,2.7674,2.7674,2.7694,6054.06
1578291240,2.77,2.7677,2.7695,2.7681,2869.56
1578291300,2.7672,2.7654,2.7672,2.7669,1167.89
1578291360,2.7669,2.7617,2.7669,2.7626,10141.59
1578291420,2.7637,2.7608,2.7624,2.7622,2966.62
1578291480,2.7634,2.7622,2.7628,2.7627,4460.21
1578291540,2.7639,2.763,2.7633,2.763,2932.6
1578291600,2.7643,2.762,2.7643,2.7635,1873.28
1578291660,2.7637,2.7619,2.7634,2.7624,995.36
1578291720,2.7636,2.7624,2.7624,2.7636,2334.64
1578291780,2.7635,2.7608,2.7627,2.7635,1396.87
1578291840,2.7651,2.7636,2.7639,2.7646,1692.45
1578291900,2.765,2.7626,2.765,2.7626,812.78
1578291960,2.7624,2.7616,2.7623,2.7616,672.5
1578292020,2.7618,2.7611,2.7611,2.7618,230.54
1578292080,2.7627,2.7624,2.7624,2.7627,406.22
1578292140,2.7628,2.7628,2.7628,2.7628,35.81
1578292200,2.7628,2.7628,2.7628,2.7628,0
1578292260,2.7646,2.7625,2.7628,2.7644,2925.17
1578292320,2.7664,2.7644,2.7648,2.7662,7018.85
1578292380,2.7671,2.7665,2.7665,2.7671,1609.77
1578292440,2.767,2.7665,2.7665,2.767,130.66
1578292500,2.767,2.7665,2.7669,2.767,2966.25
1578292560,2.767,2.7654,2.7669,2.767,1167.5
1578292620,2.7669,2.7652,2.7669,2.7652,1310.81
1578292680,2.7665,2.7648,2.7653,2.7655,1213.68
1578292740,2.7659,2.763,2.7656,2.7646,5112.22
1578292800,2.7638,2.7635,2.7638,2.7635,450
1578292860,2.7691,2.7647,2.7647,2.7679,14516.95
1578292920,2.7675,2.766,2.7675,2.766,2218.66
1578292980,2.7679,2.7663,2.7671,2.7679,1516.8
1578293040,2.768,2.7667,2.768,2.7667,462
1578293100,2.7667,2.7653,2.7667,2.7653,550.56
1578293160,2.7663,2.7632,2.7661,2.7647,3569.37
1578293220,2.7638,2.7606,2.7638,2.7612,1845.85
1578293280,2.7617,2.76,2.7608,2.76,5795.47
1578293340,2.7638,2.76,2.76,2.7638,3412.47
1578293400,2.7641,2.7638,2.7638,2.764,943.19
1578293460,2.764,2.7608,2.764,2.7615,2469.56
1578293520,2.7617,2.7614,2.7617,2.7615,186.67
1578293580,2.7627,2.7616,2.7617,2.7626,3143.81
1578293640,2.7628,2.761,2.7628,2.7621,296.89
1578293700,2.763,2.7616,2.7625,2.7626,758.03
1578293760,2.7623,2.7623,2.7623,2.7623,530.09
1578293820,2.7624,2.7622,2.7624,2.7622,348.25
1578293880,2.762,2.7619,2.762,2.7619,177.55
1578293940,2.7623,2.7611,2.7611,2.7623,141.18
1578294000,2.7639,2.7621,2.7628,2.7639,5201.68
1578294060,2.7642,2.7632,2.7634,2.7637,1038.24
1578294120,2.7629,2.7621,2.7628,2.7629,109.51
1578294180,2.7638,2.7627,2.7638,2.7627,56.49
1578294240,2.7629,2.762,2.762,2.762,269.56
1578294300,2.763,2.761,2.762,2.7613,1522.13
1578294360,2.7622,2.7615,2.7615,2.7622,760.38
1578294420,2.7612,2.7598,2.7612,2.7601,3852.74
1578294480,2.7617,2.7598,2.7601,2.7603,6350.9
1578294540,2.7614,2.7599,2.7601,2.7614,2334.37
1578294600,2.7617,2.7604,2.7616,2.7604,1436.09
1578294660,2.7604,2.7604,2.7604,2.7604,0
1578294720,2.7607,2.7594,2.7599,2.7594,646.54
1578294780,2.7601,2.7593,2.7596,2.7593,62.74
1578294840,2.759,2.7555,2.7584,2.7558,12275.6
1578294900,2.7582,2.7557,2.7568,2.758,1723.46
1578294960,2.7599,2.7584,2.759,2.7593,2531.99
1578295020,2.7598,2.7594,2.7594,2.7596,99.8
1578295080,2.7596,2.7571,2.7596,2.7571,585.69
1578295140,2.7587,2.757,2.7577,2.7587,1278.47
1578295200,2.7623,2.7586,2.7588,2.7623,6857.53
1578295260,2.763,2.7617,2.7618,2.7628,1325.57
1578295320,2.7625,2.7606,2.7625,2.7608,1551.79
1578295380,2.7608,2.7608,2.7608,2.7608,0
1578295440,2.7616,2.7581,2.7614,2.7593,3501.31
1578295500,2.7589,2.7575,2.7581,2.7575,4238.28
1578295560,2.7575,2.7556,2.7575,2.7564,644.92
1578295620,2.7564,2.7562,2.7562,2.7562,179
1578295680,2.7564,2.7558,2.756,2.7564,4160.56
1578295740,2.7587,2.7553,2.7559,2.7561,5305.88
1578295800,2.7564,2.7536,2.7559,2.754,10513.79
1578295860,2.7553,2.7534,2.7534,2.7551,1795.75
1578295920,2.7561,2.7555,2.7557,2.7561,520.26
1578295980,2.7558,2.7552,2.7555,2.7553,683.17
1578296040,2.7551,2.7523,2.754,2.7536,3552.45
1578296100,2.7535,2.7493,2.7535,2.7498,8191.83
1578296160,2.7503,2.7487,2.7488,2.749,2704.16
1578296220,2.7502,2.7471,2.7488,2.7474,2995.41
1578296280,2.7473,2.745,2.7473,2.745,4443.64
1578296340,2.7459,2.744,2.7455,2.7454,6410.42
1578296400,2.7474,2.7445,2.7445,2.747,12099.82
1578296460,2.7496,2.7473,2.7479,2.7494,3584.76
1578296520,2.7499,2.7492,2.7495,2.7494,5576.05
1578296580,2.7492,2.7484,2.7492,2.7486,615.41
1578296640,2.7499,2.7474,2.7499,2.7474,897.91
1578296700,2.7483,2.7475,2.7476,2.7481,337.79
1578296760,2.7479,2.747,2.7475,2.7476,1060.33
1578296820,2.7485,2.7469,2.7472,2.747,416.35
1578296880,2.748,2.7463,2.7466,2.748,4621.75
1578296940,2.7492,2.7465,2.7479,2.7491,5139.45
1578297000,2.7492,2.7486,2.7491,2.7487,2135.31
1578297060,2.7504,2.7495,2.7498,2.7502,301.21
1578297120,2.7511,2.7504,2.7504,2.7511,126.63
1578297180,2.7511,2.75,2.7511,2.7504,1217.57
1578297240,2.7501,2.7478,2.7501,2.7486,4365.55
1578297300,2.7509,2.75,2.7509,2.75,1616.04
1578297360,2.7531,2.7505,2.7505,2.7531,499.8
1578297420,2.7521,2.749,2.7521,2.7494,940.64
1578297480,2.7506,2.75,2.75,2.7503,915.57
1578297540,2.7502,2.7502,2.7502,2.7502,150
1578297600,2.7505,2.7488,2.7502,2.7504,1337.22
1578297660,2.7544,2.7504,2.7504,2.7526,5490.75
1578297720,2.7571,2.7534,2.7534,2.7557,7357.5
1578297780,2.7576,2.7559,2.756,2.7569,2151.83
1578297840,2.7582,2.7565,2.7565,2.7568,2033.29
1578297900,2.7576,2.7564,2.7576,2.7564,587.11
1578297960,2.757,2.7565,2.7569,2.7566,523.19
1578298020,2.7573,2.7569,2.7569,2.7573,493.6
1578298080,2.7587,2.7571,2.7572,2.7587,5133.19
1578298140,2.7605,2.7588,2.7589,2.7601,7789.28
1578298200,2.7623,2.76,2.76,2.7616,6322.09
1578298260,2.7631,2.7614,2.7614,2.7627,4020.31
1578298320,2.7637,2.7607,2.7628,2.7607,10713.29
1578298380,2.7629,2.7601,2.7601,2.7623,1159.9
1578298440,2.7639,2.7631,2.7633,2.7632,2479.83
1578298500,2.7658,2.7637,2.764,2.7657,2087.41
1578298560,2.766,2.7655,2.7658,2.7658,1422.81
1578298620,2.7662,2.7645,2.7658,2.7648,1673.69
1578298680,2.7671,2.7648,2.7648,2.7671,2173.4
1578298740,2.7682,2.768,2.7681,2.7682,164.33
1578298800,2.7683,2.7676,2.7683,2.7682,1016.49
1578298860,2.7684,2.7655,2.7684,2.7658,3217.8
1578298920,2.7666,2.7663,2.7666,2.7664,89.25
1578298980,2.7657,2.7646,2.7653,2.7654,36.64
1578299040,2.7657,2.7657,2.7657,2.7657,4
1578299100,2.7645,2.7637,2.7645,2.7638,215.39
1578299160,2.7638,2.7629,2.7637,2.7629,142.27
1578299220,2.7635,2.7631,2.7631,2.7635,3033.58
1578299280,2.7635,2.7612,2.7635,2.7612,4246.67
1578299340,2.7617,2.7602,2.7609,2.7614,4916.03
1578299400,2.7619,2.7614,2.7614,2.7618,1239.11
1578299460,2.7618,2.7618,2.7618,2.7618,0
1578299520,2.7626,2.76,2.7607,2.7626,1643.55
1578299580,2.7652,2.764,2.764,2.7649,1231.35
1578299640,2.7666,2.7653,2.7655,2.7661,2321.21
1578299700,2.7678,2.7663,2.7666,2.7678,2055.14
1578299760,2.7689,2.7683,2.7684,2.7689,1976.65
1578299820,2.7694,2.7677,2.7692,2.7677,3269.79
1578299880,2.7678,2.7666,2.7675,2.7669,1045.95
1578299940,2.7675,2.7669,2.7669,2.7675,245.87
1578300000,2.768,2.7675,2.768,2.7675,98.86
1578300060,2.7696,2.7684,2.7684,2.7696,3618.37
1578300120,2.769,2.7683,2.7684,2.769,6494.22
1578300180,2.7701,2.7691,2.7699,2.7693,3334.34
1578300240,2.7701,2.7668,2.7701,2.7679,4632.29
1578300300,2.7677,2.7659,2.7672,2.7659,2574.96
1578300360,2.7669,2.7653,2.7653,2.7665,2386.29
1578300420,2.7666,2.7666,2.7666,2.7666,9.33
1578300480,2.7661,2.7657,2.7659,2.7661,1128.58
1578300540,2.7662,2.7647,2.7655,2.7649,7075.84
1578300600,2.7668,2.7643,2.7657,2.766,3229.39
1578300660,2.7668,2.7658,2.7662,2.7661,1515.77
1578300720,2.7691,2.7662,2.7662,2.7691,2798.27
1578300780,2.7731,2.77,2.77,2.7731,6276.84
1578300840,2.773,2.771,2.773,2.771,1377.56
1578300900,2.7798,2.7724,2.7724,2.7786,22880.57
1578300960,2.7787,2.7751,2.7773,2.778,3694.01
1578301020,2.782,2.7763,2.7773,2.7783,11206.27
1578301080,2.7785,2.7759,2.7785,2.7763,7192.55
1578301140,2.7778,2.7756,2.7774,2.7765,3890.02
1578301200,2.7779,2.7758,2.777,2.7758,4187.12
1578301260,2.7758,2.773,2.7758,2.773,3679.61
1578301320,2.7728,2.7688,2.7728,2.7718,10114.77
1578301380,2.7712,2.7694,2.7712,2.7697,1400.01
1578301440,2.7724,2.7694,2.7694,2.7724,895.97
1578301500,2.7707,2.7672,2.7707,2.7674,1759.72
1578301560,2.7675,2.7673,2.7674,2.7673,651.19
1578301620,2.7671,2.7631,2.7663,2.7662,7227.64
1578301680,2.7669,2.7638,2.7668,2.7638,36.35
1578301740,2.7658,2.7633,2.7639,2.7649,3405.07
1578301800,2.7683,2.7671,2.7675,2.7681,2715.18
1578301860,2.77,2.7676,2.7683,2.77,826.88
1578301920,2.7695,2.7667,2.7695,2.7667,948.62
1578301980,2.7729,2.7678,2.7683,2.7725,11697.32
1578302040,2.7734,2.7701,2.7724,2.7701,724.04
1578302100,2.7709,2.7691,2.7705,2.7694,2822.49
1578302160,2.7693,2.7691,2.7693,2.7693,754.09
1578302220,2.7694,2.7676,2.7694,2.7677,783.85
1578302280,2.7667,2.7645,2.7667,2.7648,3276.26
1578302340,2.7663,2.7645,2.7653,2.7655,2877.7
1578302400,2.7676,2.7659,2.7659,2.7674,837.92
1578302460,2.7675,2.767,2.7675,2.7671,136.81
1578302520,2.7674,2.764,2.767,2.7642,19129.25
1578302580,2.7649,2.7638,2.7639,2.7638,958.37
1578302640,2.766,2.7637,2.7639,2.7656,7466.33
1578302700,2.7674,2.7656,2.7656,2.7674,693.86
1578302760,2.7681,2.7657,2.7668,2.7681,1355.02
1578302820,2.7696,2.7682,2.7682,2.7696,1000.69
1578302880,2.7754,2.7686,2.77,2.7746,4149.03
1578302940,2.7752,2.7727,2.7746,2.7752,8195.62
1578303000,2.7768,2.7744,2.7754,2.7744,4721.83
1578303060,2.7764,2.7745,2.7755,2.7752,2511.44
1578303120,2.7752,2.7719,2.7752,2.7722,3197.06
1578303180,2.7723,2.7694,2.7723,2.7698,3320.75
1578303240,2.7706,2.7693,2.7698,2.7698,3382.92
1578303300,2.7709,2.7688,2.7693,2.7688,6654.2
1578303360,2.7746,2.7688,2.769,2.7729,9019.47
1578303420,2.7744,2.7721,2.774,2.7728,611.77
1578303480,2.7747,2.7732,2.774,2.7739,1837.74
1578303540,2.7778,2.7742,2.7748,2.7764,5754.99
1578303600,2.7787,2.7766,2.7775,2.7787,679.57
1578303660,2.7799,2.7771,2.7772,2.7787,526.02
1578303720,2.7822,2.7798,2.7798,2.7822,3267.39
1578303780,2.7882,2.7816,2.7816,2.7876,10696.8
1578303840,2.7975,2.7864,2.7876,2.7947,31821.51
1578303900,2.7963,2.79,2.7949,2.7912,12262.81
1578303960,2.7913,2.7863,2.7911,2.7901,13078.55
1578304020,2.7917,2.7886,2.7886,2.7913,1619.24
1578304080,2.7916,2.7888,2.7908,2.7895,598.28
1578304140,2.7944,2.7902,2.7902,2.7943,4003.28
1578304200,2.7939,2.7885,2.7939,2.7899,7288.87
1578304260,2.79,2.784,2.79,2.7849,12440.26
1578304320,2.7892,2.7848,2.7849,2.7887,2310.23
1578304380,2.7933,2.7888,2.7889,2.7906,8267.6
1578304440,2.797,2.7915,2.7916,2.7915,25108.43
1578304500,2.7952,2.7915,2.7918,2.7915,6028.1
1578304560,2.7955,2.7916,2.7916,2.7942,3000.45
1578304620,2.7941,2.7907,2.7941,2.7916,2030.22
1578304680,2.7944,2.7911,2.7935,2.7924,5165.94
1578304740,2.8022,2.7923,2.7923,2.801,18980.83
1578304800,2.8073,2.7992,2.8009,2.8011,28111.08
1578304860,2.8081,2.8011,2.8011,2.8045,17215.58
1578304920,2.8034,2.7975,2.8034,2.7995,10485.66
1578304980,2.7995,2.7933,2.7995,2.7937,10354.53
1578305040,2.7962,2.7924,2.7936,2.7924,1861.94
1578305100,2.7943,2.7912,2.7923,2.7942,5939.97
1578305160,2.7943,2.7928,2.7942,2.7933,2735.31
1578305220,2.7951,2.7924,2.7937,2.7941,6764.64
1578305280,2.7943,2.7928,2.7941,2.7932,3412.77
1578305340,2.7932,2.791,2.7921,2.7918,10730.64
1578305400,2.792,2.7879,2.792,2.7893,16669.64
1578305460,2.7904,2.7885,2.7897,2.7885,6126.72
1578305520,2.7899,2.7896,2.7896,2.7899,164.28
1578305580,2.7948,2.7907,2.7907,2.7938,14603.81
1578305640,2.7951,2.7914,2.7931,2.7948,4371.43
1578305700,2.7939,2.7894,2.7939,2.7909,20777.37
1578305760,2.7946,2.794,2.794,2.7946,840.96
1578305820,2.7961,2.7935,2.7944,2.7952,2257.83
1578305880,2.7975,2.795,2.7956,2.7975,2577.94
1578305940,2.7973,2.7931,2.7971,2.7941,4445.2
1578306000,2.7954,2.7927,2.7944,2.7937,4732.28
1578306060,2.7938,2.7916,2.7938,2.7928,1357.48
1578306120,2.7923,2.79,2.7921,2.7913,4693.65
1578306180,2.7979,2.791,2.792,2.7953,38649.35
1578306240,2.7963,2.795,2.7957,2.795,2943.61
1578306300,2.7965,2.7931,2.795,2.7931,3889.32
1578306360,2.7936,2.791,2.793,2.7921,6439.47
1578306420,2.7942,2.7915,2.792,2.7936,4266.45
1578306480,2.7945,2.7937,2.7937,2.7945,605.3
1578306540,2.7949,2.7941,2.7947,2.7947,760.42
1578306600,2.7935,2.7917,2.7935,2.7925,5240.81
1578306660,2.7933,2.7916,2.7925,2.7933,2061.49
1578306720,2.7948,2.7929,2.7932,2.7948,2960.3
1578306780,2.7957,2.7948,2.7948,2.7949,3577.07
1578306840,2.7984,2.7949,2.7949,2.7984,9304.8
1578306900,2.7988,2.7967,2.7988,2.7985,4878.5
1578306960,2.8,2.7978,2.7989,2.7991,4661.74
1578307020,2.7996,2.7976,2.7992,2.7984,2961.7
1578307080,2.8016,2.7987,2.7987,2.8008,30314.83
1578307140,2.8052,2.8003,2.8011,2.8038,5859.75
1578307200,2.8053,2.7995,2.8052,2.8044,10345.6
1578307260,2.8044,2.8,2.8044,2.8,2177.66
1578307320,2.8006,2.7974,2.7999,2.8006,3761.59
1578307380,2.8024,2.8009,2.801,2.8024,2353.95
1578307440,2.8024,2.8007,2.8024,2.8007,1662.88
1578307500,2.8061,2.8007,2.8016,2.806,6076.92
1578307560,2.8083,2.8048,2.8063,2.8055,8283.12
1578307620,2.8095,2.805,2.8062,2.8089,2700.47
1578307680,2.8129,2.8068,2.8096,2.8098,17779.52
1578307740,2.8127,2.8082,2.8089,2.8116,6524.53
1578307800,2.8116,2.8037,2.8116,2.8037,36365.99
1578307860,2.8068,2.8029,2.8038,2.8067,6483.47
1578307920,2.8078,2.8039,2.807,2.8078,5402.57
1578307980,2.8119,2.8066,2.8084,2.8107,11617.44
1578308040,2.8129,2.8099,2.8108,2.8109,9905.19
1578308100,2.8098,2.8046,2.8093,2.8083,12454.79
1578308160,2.8077,2.805,2.8077,2.8056,3906.17
1578308220,2.8072,2.8028,2.805,2.8072,5437.9
1578308280,2.8079,2.8026,2.8075,2.8026,4691.81
1578308340,2.8033,2.8,2.8029,2.8008,6301.18
1578308400,2.8021,2.799,2.8014,2.7995,4124.51
1578308460,2.8022,2.7997,2.8007,2.8021,4919.81
1578308520,2.8026,2.8002,2.8021,2.8015,2658.99
1578308580,2.8049,2.8011,2.8016,2.8049,10265.88
1578308640,2.8058,2.8024,2.8049,2.8031,6228.83
1578308700,2.8076,2.8025,2.8025,2.8066,6098.91
1578308760,2.811,2.8065,2.8084,2.8065,9236.68
1578308820,2.81,2.8047,2.8064,2.8088,3142.52
1578308880,2.8089,2.8072,2.8088,2.8079,708.57
1578308940,2.8064,2.8039,2.8064,2.8043,3242.29
1578309000,2.8092,2.8051,2.8058,2.8089,13559.57
1578309060,2.8091,2.8049,2.8091,2.8062,5555.01
1578309120,2.8075,2.8052,2.8056,2.8075,2259.59
1578309180,2.8091,2.8067,2.8082,2.8079,4528.1
1578309240,2.8102,2.8077,2.8077,2.8093,2650.35
1578309300,2.8136,2.8092,2.8097,2.8115,8818.6
1578309360,2.8139,2.81,2.811,2.8133,6207.67
1578309420,2.8135,2.8087,2.8133,2.8087,1470.3
1578309480,2.8093,2.8044,2.8093,2.805,6483
1578309540,2.806,2.8033,2.805,2.8033,2807.82
1578309600,2.8031,2.7986,2.8025,2.799,11001.29
1578309660,2.8006,2.7982,2.7984,2.8006,3415.07
1578309720,2.8019,2.7971,2.8019,2.7975,2860.9
1578309780,2.7993,2.7958,2.7972,2.799,6129.46
1578309840,2.8004,2.7983,2.7984,2.8002,1875.27
1578309900,2.8006,2.7972,2.8005,2.7977,6222.54
1578309960,2.7976,2.7933,2.7967,2.7958,14544.05
1578310020,2.7984,2.7948,2.7948,2.797,3119.89
1578310080,2.796,2.7937,2.796,2.7942,3258.1
1578310140,2.7954,2.7875,2.7948,2.7896,14053.44
1578310200,2.7902,2.7858,2.7878,2.7896,6104.67
1578310260,2.7887,2.7842,2.7887,2.7869,9751.39
1578310320,2.789,2.7836,2.7874,2.789,10677.81
1578310380,2.7893,2.786,2.7888,2.7866,5169.12
1578310440,2.7868,2.7846,2.7862,2.7868,1606.5
1578310500,2.7882,2.7799,2.7866,2.781,69727.45
1578310560,2.7876,2.781,2.7811,2.7839,13391.65
1578310620,2.7844,2.7818,2.7842,2.7818,3914.24
1578310680,2.7815,2.7759,2.7815,2.7772,11529.45
1578310740,2.7794,2.775,2.7764,2.7784,6962.18
1578310800,2.7823,2.7779,2.7783,2.7799,13565.68
1578310860,2.781,2.7798,2.7799,2.7808,2371.37
1578310920,2.7799,2.775,2.7799,2.775,8261.91
1578310980,2.7769,2.7731,2.7757,2.7766,14150.55
1578311040,2.7764,2.7743,2.7753,2.7747,3528.22
1578311100,2.7811,2.7738,2.7747,2.7805,14612.53
1578311160,2.7851,2.7803,2.7803,2.7826,5660.67
1578311220,2.7846,2.7781,2.7845,2.7815,6292.88
1578311280,2.7846,2.7803,2.7803,2.7826,4511.05
1578311340,2.7838,2.7796,2.7829,2.7824,11761.49
1578311400,2.7836,2.7817,2.7821,2.7817,3214.57
1578311460,2.7817,2.7799,2.7807,2.7816,4586.27
1578311520,2.784,2.782,2.7828,2.782,2342.81
1578311580,2.7812,2.7767,2.7812,2.778,2753.55
1578311640,2.7823,2.778,2.778,2.782,3959.88
1578311700,2.787,2.7829,2.7846,2.7832,5623.95
1578311760,2.785,2.7825,2.7834,2.7841,2637.83
1578311820,2.7899,2.7844,2.7844,2.7899,6008.89
1578311880,2.7887,2.786,2.7887,2.786,2607.76
1578311940,2.7864,2.7851,2.7852,2.7862,761.42
1578312000,2.7867,2.7859,2.7859,2.7859,5165.56
1578312060,2.7898,2.786,2.786,2.7895,21485.69
1578312120,2.7898,2.787,2.7898,2.7885,1022.38
1578312180,2.7884,2.7846,2.7883,2.7846,19179.39
1578312240,2.785,2.7804,2.7845,2.7825,2115.54
1578312300,2.7831,2.7831,2.7831,2.7831,10.74
1578312360,2.7859,2.7836,2.7836,2.7859,1494.95
1578312420,2.7888,2.786,2.786,2.7869,4621.07
1578312480,2.787,2.7852,2.7867,2.7856,1404.5
1578312540,2.7891,2.7851,2.7856,2.7877,4764.63
1578312600,2.7866,2.7842,2.7866,2.7842,2508.96
1578312660,2.7879,2.7846,2.7846,2.7879,2680.28
1578312720,2.7894,2.7881,2.7881,2.7894,2920.45
1578312780,2.7898,2.7876,2.7887,2.7894,4451.76
1578312840,2.79,2.7885,2.7896,2.79,2231.62
1578312900,2.7904,2.7892,2.7892,2.7904,1775.63
1578312960,2.79,2.7882,2.79,2.7882,517.13
1578313020,2.7885,2.7863,2.7882,2.7871,1145.53
1578313080,2.7893,2.7869,2.7871,2.787,2260.79
1578313140,2.7888,2.7876,2.7876,2.7885,3457.96
1578313200,2.7884,2.7874,2.7884,2.7877,89.02
1578313260,2.788,2.7809,2.788,2.7839,6366.04
1578313320,2.784,2.7833,2.7839,2.7833,1579.33
1578313380,2.7829,2.7815,2.7826,2.7815,2369.71
1578313440,2.785,2.7813,2.7815,2.7847,5229.82
1578313500,2.7848,2.7812,2.784,2.7848,2767.05
1578313560,2.7849,2.781,2.7848,2.781,1118.75
1578313620,2.7813,2.7802,2.7805,2.7813,605.75
1578313680,2.7833,2.7812,2.7818,2.7831,2572.3
1578313740,2.7858,2.7824,2.7825,2.7849,5534.1
1578313800,2.7877,2.7855,2.7855,2.7877,2305.54
1578313860,2.7895,2.788,2.788,2.7893,1955.45
1578313920,2.7895,2.7867,2.7893,2.7867,1920.4
1578313980,2.7887,2.7875,2.7878,2.788,1721.57
1578314040,2.7888,2.788,2.788,2.7885,2021.6
1578314100,2.7889,2.7882,2.7885,2.7889,1483.6
1578314160,2.7896,2.7885,2.7895,2.7892,1982.38
1578314220,2.7933,2.7884,2.7892,2.7933,7829.51
1578314280,2.7931,2.7901,2.7924,2.792,3757.39
1578314340,2.796,2.7933,2.7933,2.796,4426.1
1578314400,2.7979,2.7954,2.7961,2.7977,3514.05
1578314460,2.7995,2.7972,2.7979,2.7972,2895.25
1578314520,2.8006,2.7976,2.7976,2.8006,2733.59
1578314580,2.8011,2.7992,2.8006,2.7995,3978.17
1578314640,2.7992,2.7969,2.7992,2.7973,7837.28
1578314700,2.7993,2.7966,2.7966,2.7993,16268.4
1578314760,2.8,2.7979,2.7979,2.8,1084.02
1578314820,2.8041,2.8,2.8,2.804,11390.83
1578314880,2.8048,2.8009,2.8039,2.8036,7900.98
1578314940,2.8038,2.8017,2.8037,2.803,2010.19
1578315000,2.8034,2.8004,2.8026,2.8031,10304.6
1578315060,2.8053,2.8034,2.8041,2.8048,3141.58
1578315120,2.8083,2.8046,2.8046,2.8062,9537.9
1578315180,2.8061,2.8006,2.806,2.8026,8575.8
1578315240,2.8023,2.7993,2.8023,2.8003,6090.09
1578315300,2.8038,2.8004,2.8014,2.8038,2597.01
1578315360,2.8038,2.7996,2.8038,2.7996,1953.1
1578315420,2.7996,2.7974,2.7989,2.7974,1406.87
1578315480,2.8003,2.7969,2.7974,2.7995,6760.81
1578315540,2.8037,2.7996,2.8004,2.8028,2556.89
1578315600,2.8027,2.8013,2.8024,2.8025,2446.43
1578315660,2.8055,2.8024,2.8027,2.8036,2350.2
1578315720,2.8089,2.8046,2.8046,2.8083,6733.37
1578315780,2.8085,2.803,2.8071,2.803,11917.41
1578315840,2.8046,2.8025,2.803,2.8025,2504.16
1578315900,2.8071,2.8031,2.8036,2.8071,2326.31
1578315960,2.8079,2.8046,2.8063,2.8069,3689.21
1578316020,2.8077,2.8052,2.807,2.8065,5803.37
1578316080,2.8065,2.8006,2.8056,2.8013,3840.08
1578316140,2.8015,2.794,2.8015,2.7946,7710.08
1578316200,2.8003,2.7954,2.7954,2.799,9209.15
1578316260,2.7989,2.7978,2.7989,2.7985,488.11
1578316320,2.798,2.7964,2.798,2.7966,526.3
1578316380,2.796,2.7946,2.796,2.7946,1781.25
1578316440,2.7974,2.7945,2.7945,2.7964,6813.65
1578316500,2.7965,2.7962,2.7965,2.7962,543.97
1578316560,2.796,2.7951,2.796,2.7953,408.42
1578316620,2.796,2.794,2.7955,2.794,2148.52
1578316680,2.7941,2.793,2.7938,2.793,516.47
1578316740,2.7956,2.7935,2.7935,2.7943,3536.29
1578316800,2.7935,2.7917,2.7933,2.7923,3448.22
1578316860,2.7937,2.7911,2.792,2.7931,5694.29
1578316920,2.7987,2.7939,2.7939,2.7987,6378.93
1578316980,2.7987,2.7968,2.7987,2.7968,3271.26
1578317040,2.7994,2.7969,2.7969,2.7975,4272.65
1578317100,2.7979,2.7968,2.7979,2.7974,1441.07
1578317160,2.7994,2.7972,2.7973,2.7987,1244.26
1578317220,2.7996,2.7966,2.7991,2.797,3065.47
1578317280,2.8006,2.7965,2.7975,2.8005,6209.28
1578317340,2.8029,2.8,2.8004,2.8024,4289.96
1578317400,2.803,2.8008,2.803,2.8016,2463.44
1578317460,2.8008,2.799,2.799,2.8004,2086.28
1578317520,2.8016,2.8013,2.8013,2.8016,728.66
1578317580,2.803,2.8002,2.8013,2.803,2671.19
1578317640,2.8017,2.7993,2.8017,2.7996,4419.23
1578317700,2.8013,2.8004,2.8006,2.8013,459.67
1578317760,2.8031,2.8004,2.8014,2.8014,3836.63
1578317820,2.8019,2.8002,2.8004,2.8007,590.31
1578317880,2.8034,2.8024,2.8031,2.803,2433.59
1578317940,2.8042,2.8031,2.8031,2.804,3195.66
1578318000,2.8067,2.8047,2.8047,2.8067,2034.56
1578318060,2.8092,2.8056,2.8073,2.8056,5803.41
1578318120,2.8072,2.8052,2.8056,2.8065,3084.36
1578318180,2.8099,2.8066,2.8066,2.8088,4776.41
1578318240,2.8094,2.8051,2.8094,2.8053,2022.26
1578318300,2.8049,2.8033,2.8049,2.804,1334.86
1578318360,2.8075,2.8047,2.8047,2.8071,3309.26
1578318420,2.8074,2.8035,2.8071,2.8036,3318.73
1578318480,2.8048,2.8031,2.8037,2.8039,1683.9
1578318540,2.8037,2.8022,2.803,2.8037,916.52
1578318600,2.8035,2.8029,2.8035,2.8031,699.43
1578318660,2.8057,2.801,2.8031,2.8057,9955.04
1578318720,2.8097,2.8051,2.8059,2.8091,13816.19
1578318780,2.8201,2.8081,2.8091,2.8091,115683.98
1578318840,2.8093,2.7823,2.8093,2.7844,98415.08
1578318900,2.7898,2.7599,2.7827,2.7701,102427.66
1578318960,2.7766,2.7606,2.7705,2.7622,47664.77
1578319020,2.7614,2.7293,2.7614,2.7532,229690.55
1578319080,2.7586,2.747,2.7542,2.7576,56754.55
1578319140,2.7608,2.7544,2.7576,2.7589,32360.6
1578319200,2.7593,2.7474,2.7589,2.7501,28297.8
1578319260,2.7537,2.7484,2.7498,2.7498,12435.53
1578319320,2.7561,2.7499,2.7499,2.7509,15165.7
1578319380,2.7556,2.7505,2.7515,2.7556,6604.45
1578319440,2.7598,2.7544,2.755,2.7589,8994.63
1578319500,2.765,2.7583,2.7587,2.7634,5724.01
1578319560,2.7663,2.7604,2.7641,2.7604,13564.15
1578319620,2.7606,2.7577,2.7606,2.7584,6251.02
1578319680,2.7624,2.7582,2.7582,2.7599,4842.48
1578319740,2.7627,2.761,2.7617,2.7616,3328.88
1578319800,2.7655,2.7609,2.7614,2.7643,22830.06
1578319860,2.7701,2.7643,2.7643,2.7692,14297.11
1578319920,2.7723,2.7694,2.7694,2.7711,7602.26
1578319980,2.7744,2.7697,2.7729,2.7697,12540.79
1578320040,2.773,2.7682,2.7706,2.7713,4251.85
1578320100,2.7726,2.7685,2.7719,2.7685,1052.76
1578320160,2.7698,2.7662,2.7698,2.7664,4420.18
1578320220,2.7709,2.7652,2.7669,2.7676,9542.57
1578320280,2.7687,2.7679,2.7686,2.7679,218
1578320340,2.769,2.7675,2.7686,2.7683,2551.92
1578320400,2.7716,2.7678,2.7682,2.7716,3095.37
1578320460,2.7739,2.7711,2.7713,2.7734,4084.49
1578320520,2.7745,2.773,2.7736,2.7739,1350.76
1578320580,2.7745,2.7699,2.7743,2.7709,2780.36
1578320640,2.7739,2.771,2.771,2.7721,3078.21
1578320700,2.7725,2.7703,2.7715,2.7703,2974.95
1578320760,2.7703,2.766,2.7703,2.7699,3155.77
1578320820,2.7719,2.7705,2.7705,2.7708,2302.53
1578320880,2.7726,2.7703,2.7707,2.7726,1089.67
1578320940,2.7734,2.7699,2.7726,2.7705,2434.54
1578321000,2.7695,2.7656,2.7695,2.7656,4864.66
1578321060,2.7675,2.766,2.7661,2.7675,1817.81
1578321120,2.768,2.7643,2.7674,2.768,1124.18
1578321180,2.7691,2.7651,2.7669,2.7691,2411.55
1578321240,2.7696,2.7668,2.7688,2.7684,2375.02
1578321300,2.7764,2.7691,2.7691,2.775,18850.19
1578321360,2.7812,2.7752,2.7755,2.7782,8552.61
1578321420,2.7861,2.7782,2.7785,2.7825,11039.24
1578321480,2.7925,2.7825,2.7832,2.7886,20136.03
1578321540,2.79,2.7834,2.788,2.79,17654.67
1578321600,2.7939,2.7897,2.7897,2.7897,12079.78
1578321660,2.79,2.7869,2.789,2.79,4824.72
1578321720,2.7899,2.7878,2.7899,2.7883,2175.01
1578321780,2.7916,2.7876,2.7884,2.7913,12704.28
1578321840,2.7951,2.7913,2.7913,2.7931,6120.25
1578321900,2.7928,2.7898,2.7923,2.7898,1559.52
1578321960,2.7896,2.7875,2.7896,2.7881,11261.58
1578322020,2.7894,2.788,2.788,2.7894,3073.26
1578322080,2.7915,2.788,2.7907,2.7887,5753.85
1578322140,2.7887,2.784,2.7887,2.784,10657.17
1578322200,2.789,2.7845,2.7845,2.7888,2206.24
1578322260,2.79,2.7863,2.7888,2.7863,2380.59
1578322320,2.7872,2.7854,2.7872,2.7854,2855.47
1578322380,2.7882,2.784,2.7853,2.7881,1349.14
1578322440,2.7891,2.7864,2.7891,2.7864,1796
1578322500,2.7919,2.7878,2.7884,2.7918,5769.4
1578322560,2.7932,2.7889,2.792,2.7892,13205.91
1578322620,2.7911,2.787,2.7895,2.7872,5028.71
1578322680,2.7911,2.7875,2.7875,2.7898,3866.01
1578322740,2.791,2.7871,2.791,2.7875,4492.98
1578322800,2.7926,2.7875,2.7875,2.7895,7243.1
1578322860,2.791,2.7888,2.7895,2.7903,2053.05
1578322920,2.7939,2.7901,2.7901,2.7923,8915.19
1578322980,2.7938,2.7922,2.7922,2.7934,1832.06
1578323040,2.792,2.7878,2.792,2.7901,8176.06
1578323100,2.7898,2.7871,2.7892,2.7889,2504.78
1578323160,2.7879,2.7859,2.7876,2.7859,2182.16
1578323220,2.7859,2.78,2.7859,2.7842,8938.85
1578323280,2.7837,2.7745,2.7836,2.7799,11891.46
1578323340,2.7811,2.7791,2.7799,2.7793,2085.87
1578323400,2.7805,2.7799,2.7799,2.7803,2042.51
1578323460,2.7811,2.7795,2.7804,2.7799,2018.12
1578323520,2.7824,2.7799,2.7799,2.7814,1679.01
1578323580,2.7832,2.7813,2.7822,2.7822,2391.78
1578323640,2.7838,2.782,2.783,2.7832,7426.99
1578323700,2.7849,2.7821,2.7828,2.784,5147.95
1578323760,2.7861,2.784,2.7854,2.7861,1713.03
1578323820,2.7862,2.7847,2.7862,2.7852,3894.44
1578323880,2.7858,2.7845,2.7845,2.7858,901
1578323940,2.7851,2.7835,2.7851,2.784,1146.25
1578324000,2.7863,2.7827,2.7845,2.7855,6411.27
1578324060,2.7851,2.7845,2.7851,2.7845,457.46
1578324120,2.784,2.7795,2.784,2.7804,6418.69
1578324180,2.7827,2.7809,2.7827,2.7815,2663.46
1578324240,2.7835,2.7822,2.7825,2.783,1889.81
1578324300,2.7831,2.7815,2.7829,2.7815,812.56
1578324360,2.7817,2.7815,2.7815,2.7816,2581.66
1578324420,2.7812,2.7733,2.7812,2.7733,9822.62
1578324480,2.7759,2.7709,2.7728,2.7736,10702.59
1578324540,2.7741,2.7731,2.7739,2.7732,1035.93
1578324600,2.7764,2.7729,2.773,2.7756,3351.52
1578324660,2.7781,2.7751,2.7758,2.7781,4018.53
1578324720,2.7785,2.7776,2.7777,2.7781,2484.16
1578324780,2.7783,2.7764,2.7781,2.7764,750.5
1578324840,2.7764,2.7732,2.7764,2.7733,747.38
1578324900,2.7729,2.7726,2.7729,2.7726,90.74
1578324960,2.775,2.7721,2.7728,2.7749,1227.16
1578325020,2.776,2.7749,2.7751,2.7759,1480.91
1578325080,2.778,2.7756,2.7756,2.7774,3262.82
1578325140,2.7784,2.7771,2.7771,2.7778,2320.88
1578325200,2.7775,2.776,2.7761,2.7772,1506.87
1578325260,2.7779,2.7752,2.7757,2.7775,18390.16
1578325320,2.7776,2.775,2.7775,2.7757,2431.95
1578325380,2.7762,2.7747,2.7762,2.7747,44.91
1578325440,2.7747,2.7705,2.7743,2.7709,3804.78
1578325500,2.7729,2.7694,2.7705,2.7721,5565.59
1578325560,2.7733,2.7714,2.7719,2.7728,5606.02
1578325620,2.7763,2.7726,2.773,2.7762,6623.47
1578325680,2.776,2.7721,2.776,2.7724,2216.55
1578325740,2.7739,2.7719,2.7723,2.7739,1660.25
1578325800,2.7733,2.7704,2.7728,2.7704,1269.72
1578325860,2.7704,2.77,2.7702,2.7704,2086.67
1578325920,2.7688,2.7603,2.7685,2.7643,14618.35
1578325980,2.7659,2.7635,2.7636,2.7652,1992.9
1578326040,2.773,2.7659,2.7659,2.7712,11441.45
1578326100,2.7716,2.7698,2.7708,2.7698,2591.11
1578326160,2.7714,2.7693,2.7698,2.77,1708.17
1578326220,2.7716,2.7693,2.7712,2.7693,957.68
1578326280,2.7689,2.7657,2.7686,2.7659,799.55
1578326340,2.7668,2.7643,2.7668,2.7653,2184.71
