1564416000,89.39,89.2,89.39,89.2,132.16069
1564416060,89.21,87.8,89.21,87.91,2971.10985
1564416120,89.02,87.6,87.92,88.74,2356.55856
1564416180,88.89,88.18,88.76,88.85,1271.70382
1564416240,89.6,88.65,88.86,89.55,1974.53757
1564416300,92,89.57,89.59,91,5254.92698
1564416360,91.09,90.2,91,90.7,2111.26183
1564416420,90.91,90.34,90.71,90.57,1270.49482
1564416480,91.26,90.48,90.56,90.78,1730.56553
1564416540,91.08,90.71,90.73,90.95,454.26968
1564416600,91.1,90.83,90.95,90.83,1833.71955
1564416660,90.86,90.52,90.75,90.66,387.20509
1564416720,90.78,90.4,90.57,90.67,894.84031
1564416780,90.7,90.55,90.67,90.57,268.30069
1564416840,90.76,90.59,90.59,90.75,450.3805
1564416900,90.88,90.74,90.75,90.74,41.85748
1564416960,91.04,90.76,90.79,90.91,613.80385
1564417020,90.96,90.8,90.81,90.96,152.37124
1564417080,91,90.78,90.88,90.99,1421.19876
1564417140,90.98,90.63,90.98,90.69,1067.70832
1564417200,90.86,90.68,90.68,90.76,214.1488
1564417260,90.84,90.75,90.76,90.79,508.22896
1564417320,90.76,90.43,90.76,90.58,762.49215
1564417380,90.69,90.5,90.59,90.64,1051.16855
1564417440,90.72,90.52,90.64,90.63,337.83055
1564417500,90.82,90.52,90.63,90.79,236.85464
1564417560,90.8,90.65,90.71,90.72,153.13709
1564417620,90.79,90.65,90.73,90.66,238.10672
1564417680,90.9,90.65,90.65,90.85,235.378
1564417740,90.97,90.75,90.87,90.75,202.80714
1564417800,90.91,90.67,90.74,90.9,105.22155
1564417860,90.97,90.74,90.91,90.74,989.2934
1564417920,90.85,90.73,90.74,90.85,78.49033
1564417980,91.03,90.82,90.88,90.83,60.63146
1564418040,90.85,90.78,90.84,90.84,12.57022
1564418100,90.84,90.64,90.84,90.64,782.90964
1564418160,90.73,90.62,90.71,90.73,39.26659
1564418220,90.78,90.63,90.72,90.73,859.01601
1564418280,90.73,90.62,90.73,90.65,786.47842
1564418340,90.66,90.57,90.63,90.62,199.32456
1564418400,90.67,90.45,90.66,90.46,938.93698
1564418460,90.6,90.4,90.45,90.53,136.73472
1564418520,90.61,90.55,90.59,90.6,254.34652
1564418580,90.61,90.5,90.59,90.51,673.2308
1564418640,90.63,90.54,90.57,90.63,396.73643
1564418700,90.72,90.5,90.65,90.53,579.33013
1564418760,90.72,90.54,90.54,90.59,1057.35974
1564418820,90.68,90.59,90.6,90.64,18.63401
1564418880,90.95,90.63,90.66,90.8,277.65446
1564418940,90.9,90.59,90.78,90.59,778.21035
1564419000,90.92,90.66,90.66,90.71,65.68676
1564419060,90.73,90.57,90.7,90.67,132.51673
1564419120,90.73,90.6,90.67,90.72,40.54833
1564419180,90.71,90.6,90.71,90.65,25.85709
1564419240,90.68,90.58,90.67,90.62,20.1774
1564419300,90.68,90.6,90.62,90.6,51.06937
1564419360,90.7,90.59,90.6,90.59,37.17329
1564419420,90.62,90.13,90.59,90.47,557.54992
1564419480,90.7,90.34,90.5,90.6,520.46337
1564419540,90.63,90.28,90.61,90.4,353.47703
1564419600,90.5,90.29,90.31,90.42,54.07431
1564419660,90.45,90.35,90.37,90.42,24.99015
1564419720,90.36,90.2,90.36,90.27,181.62174
1564419780,90.4,90.12,90.23,90.4,249.98056
1564419840,90.46,90.37,90.41,90.4,145.23215
1564419900,90.42,90.35,90.37,90.35,153.61875
1564419960,90.48,90.27,90.27,90.48,12.30313
1564420020,90.43,90.41,90.41,90.43,7.0656
1564420080,90.42,90.28,90.42,90.29,10.97161
1564420140,90.45,90.21,90.29,90.45,78.62195
1564420200,90.52,90.45,90.45,90.49,164.79081
1564420260,90.55,90.45,90.48,90.54,81.97308
1564420320,90.67,90.55,90.55,90.67,83.78582
1564420380,90.8,90.67,90.69,90.67,36.17924
1564420440,90.69,90.64,90.64,90.67,28.3112
1564420500,90.69,90.64,90.65,90.68,81.61206
1564420560,90.71,90.58,90.68,90.67,19.76592
1564420620,90.64,90.55,90.6,90.55,231.84868
1564420680,90.5,90.46,90.48,90.5,38.43742
1564420740,90.58,90.52,90.52,90.58,6.35906
1564420800,90.64,90.4,90.52,90.63,109.85157
1564420860,90.66,90.52,90.63,90.61,87.27026
1564420920,90.66,90.54,90.61,90.6,93.62029
1564420980,90.6,90.57,90.58,90.57,87.66762
1564421040,90.62,90.56,90.61,90.56,5.50832
1564421100,90.57,90.5,90.57,90.53,50.27085
1564421160,90.59,90.54,90.55,90.57,5.52988
1564421220,90.61,90.56,90.57,90.59,39.81954
1564421280,90.59,90.53,90.59,90.53,5.40075
1564421340,90.55,90.53,90.53,90.55,6.441
1564421400,90.72,90.54,90.54,90.69,170.52748
1564421460,90.78,90.59,90.7,90.59,157.23714
1564421520,90.67,90.56,90.6,90.59,18.37429
1564421580,90.64,90.59,90.61,90.64,148.89534
1564421640,90.67,90.6,90.64,90.6,343.16025
1564421700,90.62,90.5,90.61,90.5,98.69285
1564421760,90.6,90.49,90.51,90.6,111.58466
1564421820,90.6,90.6,90.6,90.6,14.97197
1564421880,90.6,90.5,90.59,90.5,19.19136
1564421940,90.6,90.51,90.51,90.6,57.55649
1564422000,90.74,90.6,90.61,90.68,75.29189
1564422060,90.77,90.67,90.67,90.7,92.71953
1564422120,90.67,90.63,90.67,90.64,15.40012
1564422180,90.66,90.63,90.65,90.66,16.79291
1564422240,90.66,90.61,90.66,90.62,45.81246
1564422300,90.67,90.58,90.63,90.66,127.85
1564422360,90.67,90.32,90.66,90.37,556.46554
1564422420,90.6,90.29,90.41,90.49,163.97241
1564422480,90.46,89.79,90.46,89.79,695.1639
1564422540,91.05,89.51,89.79,90.68,1809.48239
1564422600,90.73,90.22,90.62,90.52,1161.90799
1564422660,90.73,90.29,90.49,90.29,997.34815
1564422720,90.65,90.26,90.3,90.49,557.89589
1564422780,90.66,90.34,90.55,90.48,413.38969
1564422840,90.61,90.36,90.48,90.51,226.6943
1564422900,90.56,90.26,90.55,90.39,171.23204
1564422960,90.44,90.25,90.43,90.39,298.77715
1564423020,90.5,90.37,90.37,90.39,142.89551
1564423080,90.43,90.27,90.38,90.36,108.30967
1564423140,90.36,90.26,90.36,90.31,1.53526
1564423200,90.41,90.31,90.36,90.33,13.88854
1564423260,90.32,90.1,90.31,90.16,254.30529
1564423320,90.28,90.06,90.17,90.13,362.6106
1564423380,90.19,90.06,90.15,90.19,416.11423
1564423440,90.38,90.12,90.17,90.32,26.7143
1564423500,90.36,90.12,90.36,90.28,85.58386
1564423560,90.27,90.06,90.27,90.16,106.44301
1564423620,90.57,90.1,90.17,90.55,341.16357
1564423680,90.59,90.33,90.55,90.45,295.34445
1564423740,90.54,90.37,90.41,90.44,139.39974
1564423800,90.47,90.36,90.45,90.36,18.92308
1564423860,90.4,90.27,90.36,90.4,77.80102
1564423920,90.4,90.31,90.33,90.36,72.41465
1564423980,90.49,90.29,90.41,90.31,61.01304
1564424040,90.36,90.3,90.32,90.36,66.10494
1564424100,90.48,90.31,90.36,90.4,123.11809
1564424160,90.44,90.31,90.43,90.38,42.892
1564424220,90.39,90.33,90.37,90.39,6.2594
1564424280,90.39,90.3,90.39,90.3,7.30354
1564424340,90.45,90.31,90.33,90.37,32.98227
1564424400,90.45,90.38,90.39,90.39,74.62872
1564424460,90.45,90.36,90.39,90.36,35.3808
1564424520,90.48,90.36,90.36,90.47,58.61348
1564424580,90.49,90.41,90.47,90.42,46.15363
1564424640,90.45,90.4,90.44,90.4,24.52498
1564424700,90.46,90.4,90.4,90.45,17.46158
1564424760,90.49,90.38,90.45,90.44,243.72499
1564424820,90.51,90.36,90.44,90.51,100.32371
1564424880,90.58,90.47,90.51,90.47,87.50658
1564424940,90.48,90.38,90.48,90.38,25.47882
1564425000,90.58,90.4,90.4,90.49,55.81261
1564425060,90.53,90.44,90.52,90.47,25.54398
1564425120,90.48,90.41,90.42,90.41,11.36726
1564425180,90.6,90.37,90.37,90.59,66.20871
1564425240,90.64,90.58,90.58,90.62,108.75954
1564425300,90.65,90.51,90.62,90.51,123.46719
1564425360,90.54,90.43,90.52,90.51,56.42248
1564425420,90.63,90.5,90.51,90.61,6.89522
1564425480,90.63,90.54,90.62,90.6,156.71181
1564425540,90.65,90.58,90.59,90.6,260.68364
1564425600,90.7,90.63,90.63,90.66,385.48903
1564425660,90.8,90.66,90.67,90.8,116.87223
1564425720,90.82,90.76,90.78,90.78,7.6106
1564425780,90.82,90.71,90.78,90.73,53.41009
1564425840,90.79,90.68,90.73,90.77,23.46737
1564425900,90.84,90.78,90.78,90.8,41.35921
1564425960,90.81,90.77,90.81,90.78,6.03411
1564426020,90.83,90.77,90.77,90.79,103.34834
1564426080,90.83,90.7,90.76,90.78,423.77653
1564426140,90.85,90.77,90.82,90.85,43.31453
1564426200,90.84,90.73,90.84,90.76,35.90939
1564426260,90.84,90.72,90.79,90.72,21.12254
1564426320,90.82,90.7,90.72,90.76,143.67749
1564426380,90.8,90.74,90.8,90.74,3.20549
1564426440,90.73,90.62,90.73,90.65,45.30992
1564426500,90.73,90.56,90.68,90.67,129.67871
1564426560,90.66,90.46,90.66,90.47,130.10304
1564426620,90.61,90.46,90.46,90.56,196.76469
1564426680,90.6,90.54,90.6,90.54,4.9335
1564426740,90.54,90.51,90.54,90.51,3.66148
1564426800,90.59,90.54,90.55,90.58,4.51008
1564426860,90.76,90.56,90.56,90.64,40.65027
1564426920,90.69,90.64,90.66,90.68,18.14533
1564426980,90.71,90.67,90.7,90.67,12.1389
1564427040,90.69,90.64,90.66,90.64,6.62172
1564427100,90.69,90.6,90.63,90.69,163.05213
1564427160,90.84,90.68,90.68,90.84,134.87577
1564427220,90.84,90.66,90.79,90.68,18.64136
1564427280,90.68,90.54,90.68,90.56,15.717
1564427340,90.65,90.49,90.56,90.49,18.97278
1564427400,90.49,90.25,90.48,90.36,434.89556
1564427460,90.47,90.32,90.34,90.47,25.27561
1564427520,90.51,90.4,90.44,90.48,21.21847
1564427580,90.48,90.3,90.48,90.41,524.34946
1564427640,90.51,90.41,90.41,90.5,32.14633
1564427700,90.57,90.42,90.5,90.43,141.58925
1564427760,90.49,90.4,90.43,90.45,30.99031
1564427820,90.47,90.44,90.46,90.47,268.98336
1564427880,90.44,90.37,90.44,90.41,21.66675
1564427940,90.42,90.38,90.41,90.39,35.34167
1564428000,90.43,90.38,90.42,90.43,31.94984
1564428060,90.46,90.22,90.4,90.25,192.75243
1564428120,90.4,90.11,90.2,90.4,113.03689
1564428180,90.52,90.29,90.43,90.33,45.83335
1564428240,90.4,90.29,90.38,90.29,21.69569
1564428300,90.35,90.29,90.3,90.34,5.10725
1564428360,90.34,90.26,90.34,90.26,11.94748
1564428420,90.35,90.25,90.25,90.35,11.80006
1564428480,90.38,90.3,90.32,90.38,24.93095
1564428540,90.37,90.32,90.33,90.32,17.60616
1564428600,90.43,90.33,90.33,90.43,35.65357
1564428660,90.48,90.38,90.43,90.44,11.98311
1564428720,90.42,90.38,90.4,90.38,19.13777
1564428780,90.43,90.38,90.38,90.39,11.23231
1564428840,90.38,90.35,90.36,90.36,1.33772
1564428900,90.49,90.38,90.38,90.46,32.54882
1564428960,90.54,90.48,90.48,90.54,12.10177
1564429020,90.52,90.49,90.5,90.49,5.66086
1564429080,90.54,90.4,90.47,90.41,329.03881
1564429140,90.46,90.44,90.44,90.46,20.80987
1564429200,90.47,90.44,90.45,90.44,1.84975
1564429260,90.47,90.41,90.47,90.45,3.65893
1564429320,90.42,90.32,90.42,90.35,2.47312
1564429380,90.36,90.33,90.34,90.35,61.17216
1564429440,90.36,90.35,90.35,90.36,0.22252
1564429500,90.45,90.3,90.32,90.42,87.36777
1564429560,90.42,90.35,90.42,90.35,2.7503
1564429620,90.35,90.21,90.35,90.23,297.99483
1564429680,90.35,90.22,90.25,90.32,295.1591
1564429740,90.42,90.32,90.32,90.37,49.7744
1564429800,90.44,90.36,90.41,90.37,3.78209
1564429860,90.45,90.38,90.38,90.39,2.42267
1564429920,90.37,90.17,90.37,90.29,432.19327
1564429980,90.31,90.2,90.31,90.26,38.52653
1564430040,90.26,90.2,90.2,90.2,130.39271
1564430100,90.24,90.18,90.24,90.24,4.45043
1564430160,90.37,90.24,90.24,90.37,289.59264
1564430220,90.37,90.3,90.36,90.36,132.26714
1564430280,90.33,90.31,90.31,90.33,0.64547
1564430340,90.31,90.18,90.31,90.19,38.96665
1564430400,90.21,90,90.17,90.2,482.16017
1564430460,90.44,90.28,90.28,90.44,94.37416
1564430520,90.4,90.36,90.4,90.4,1.25802
1564430580,90.4,90.37,90.4,90.37,1.311
1564430640,90.4,90.37,90.37,90.4,18.44464
1564430700,90.43,90.39,90.42,90.42,94.15325
1564430760,90.48,90.38,90.43,90.48,67.70894
1564430820,90.5,90.38,90.46,90.4,362.3091
1564430880,90.5,90.4,90.43,90.5,102.76335
1564430940,90.59,90.51,90.52,90.55,62.87928
1564431000,90.59,90.5,90.57,90.57,53.52555
1564431060,90.6,90.53,90.6,90.54,95.92196
1564431120,90.55,90.52,90.55,90.52,41.14079
1564431180,90.53,90.51,90.53,90.51,1.84301
1564431240,90.53,90.45,90.51,90.48,8.62474
1564431300,90.51,90.43,90.48,90.44,3.93831
1564431360,90.49,90.38,90.44,90.48,7.88546
1564431420,90.55,90.48,90.52,90.49,36.49509
1564431480,90.52,90.47,90.52,90.47,308.65373
1564431540,90.48,90.46,90.48,90.46,15.803
1564431600,90.53,90.44,90.44,90.53,49.72309
1564431660,90.6,90.5,90.53,90.6,67.59376
1564431720,90.58,90.51,90.57,90.57,13.21309
1564431780,90.55,90.51,90.53,90.55,1.1448
1564431840,90.57,90.52,90.52,90.57,0.96346
1564431900,90.62,90.57,90.57,90.61,178.52684
1564431960,90.63,90.46,90.63,90.5,18.8782
1564432020,90.53,90.48,90.48,90.49,49.96198
1564432080,90.62,90.49,90.49,90.53,136.14178
1564432140,90.61,90.52,90.52,90.6,16.54637
1564432200,90.6,90.51,90.59,90.52,13.96859
1564432260,90.58,90.47,90.47,90.55,9.94844
1564432320,90.59,90.55,90.55,90.58,38.94375
1564432380,90.76,90.57,90.57,90.75,67.35174
1564432440,90.84,90.71,90.76,90.81,58.22972
1564432500,90.85,90.67,90.81,90.8,564.96975
1564432560,90.94,90.8,90.8,90.94,338.42917
1564432620,90.9,90.85,90.9,90.85,59.40985
1564432680,90.87,90.82,90.86,90.87,137.57937
1564432740,90.9,90.81,90.87,90.85,23.49207
1564432800,90.87,90.81,90.87,90.83,26.33607
1564432860,90.87,90.79,90.84,90.86,7.18389
1564432920,90.86,90.76,90.8,90.76,37.26381
1564432980,90.83,90.76,90.76,90.83,17.27938
1564433040,90.84,90.82,90.83,90.82,9.02729
1564433100,90.87,90.82,90.84,90.86,20.25276
1564433160,90.85,90.73,90.84,90.76,57.86585
1564433220,90.74,90.66,90.74,90.7,52.23214
1564433280,90.73,90.67,90.71,90.71,16.16999
1564433340,90.76,90.69,90.7,90.71,3.98556
1564433400,90.77,90.69,90.71,90.75,10.27383
1564433460,90.85,90.76,90.78,90.76,3.70181
1564433520,90.87,90.76,90.77,90.87,84.96069
1564433580,91,90.87,90.87,90.91,183.76468
1564433640,91,90.88,90.91,90.99,243.96339
1564433700,91.08,90.94,90.99,91.03,201.87925
1564433760,91.05,90.97,91.03,90.97,19.62738
1564433820,90.97,90.92,90.97,90.92,3.79205
1564433880,90.99,90.94,90.96,90.94,42.91804
1564433940,90.98,90.95,90.96,90.97,110.50959
1564434000,91.07,90.97,90.97,91.07,50.03848
1564434060,91.07,91.03,91.06,91.07,11.38177
1564434120,91.07,91.01,91.07,91.04,129.96262
1564434180,91.1,91.05,91.06,91.1,88.55799
1564434240,91.14,91.06,91.06,91.11,113.70191
1564434300,91.2,91.13,91.13,91.2,79.33679
1564434360,91.3,91.14,91.21,91.29,693.53044
1564434420,91.3,91.25,91.3,91.28,56.24776
1564434480,91.31,91.22,91.28,91.25,123.04196
1564434540,91.33,91.25,91.25,91.32,23.74319
1564434600,91.33,91.22,91.32,91.22,37.93024
1564434660,91.32,91.2,91.23,91.28,409.11336
1564434720,91.33,91.27,91.3,91.31,52.39673
1564434780,91.34,91.3,91.3,91.34,11.30856
1564434840,91.45,91.35,91.35,91.43,191.12574
1564434900,91.54,91.41,91.43,91.53,73.93955
1564434960,91.62,91.52,91.52,91.55,239.57146
1564435020,91.64,91.57,91.57,91.6,32.6005
1564435080,91.61,91.49,91.58,91.52,108.44492
1564435140,91.59,91.49,91.52,91.59,156.02105
1564435200,91.57,91.42,91.52,91.45,297.30561
1564435260,91.44,91.33,91.43,91.41,190.07218
1564435320,91.47,91.39,91.41,91.45,257.10684
1564435380,91.44,91.43,91.44,91.43,6.90621
1564435440,91.45,91.44,91.44,91.45,83.65996
1564435500,91.45,91.4,91.43,91.43,35.24455
1564435560,91.46,91.38,91.41,91.45,26.04462
1564435620,91.41,91.28,91.41,91.29,359.98377
1564435680,91.34,91.27,91.28,91.32,139.1728
1564435740,91.35,91.3,91.3,91.31,42.77078
1564435800,91.33,91.27,91.3,91.32,22.77791
1564435860,91.34,91.27,91.32,91.28,424.24151
1564435920,91.28,91.2,91.27,91.21,437.08127
1564435980,91.24,91.11,91.23,91.11,112.55887
1564436040,91.1,90.9,91.08,90.91,77.46946
1564436100,90.92,90.72,90.92,90.73,323.026
1564436160,90.83,90.77,90.77,90.82,25.86135
1564436220,90.82,90.77,90.82,90.82,19.77749
1564436280,90.85,90.8,90.8,90.85,15.0981
1564436340,90.88,90.86,90.86,90.88,17.30108
1564436400,90.88,90.85,90.87,90.88,4.20498
1564436460,90.9,90.87,90.88,90.89,38.83254
1564436520,90.93,90.9,90.9,90.93,55.53994
1564436580,90.98,90.91,90.94,90.95,182.94028
1564436640,91.01,90.93,90.97,90.98,456.90755
1564436700,90.97,90.94,90.95,90.95,58.3613
1564436760,90.96,90.91,90.96,90.95,21.61705
1564436820,90.92,90.84,90.92,90.84,100.62583
1564436880,90.91,90.89,90.9,90.89,12.57816
1564436940,90.9,90.88,90.89,90.88,52.53736
1564437000,90.89,90.82,90.88,90.85,12.63318
1564437060,90.89,90.81,90.85,90.86,92.04485
1564437120,90.85,90.8,90.84,90.81,77.97231
1564437180,90.81,90.56,90.81,90.75,561.59043
1564437240,90.81,90.75,90.75,90.81,169.68749
1564437300,90.84,90.81,90.81,90.82,60.80794
1564437360,90.84,90.77,90.82,90.84,41.92442
1564437420,90.86,90.77,90.82,90.86,16.50485
1564437480,90.82,90.82,90.82,90.82,0.14471
1564437540,90.82,90.79,90.82,90.79,0.29564
1564437600,90.79,90.76,90.78,90.79,12.53079
1564437660,90.8,90.72,90.79,90.75,12.36119
1564437720,90.75,90.56,90.75,90.63,135.86419
1564437780,90.63,90.54,90.6,90.59,116.62036
1564437840,90.79,90.6,90.61,90.75,86.97878
1564437900,90.83,90.73,90.73,90.83,73.84779
1564437960,90.88,90.83,90.85,90.84,82.2696
1564438020,90.87,90.79,90.87,90.79,3.4736
1564438080,90.79,90.7,90.75,90.79,33.79936
1564438140,90.8,90.69,90.76,90.77,170.97095
1564438200,90.78,90.68,90.74,90.78,1.54179
1564438260,90.89,90.76,90.8,90.88,55.31365
1564438320,91.2,90.88,90.88,91.02,413.77291
1564438380,91.01,90.92,91,90.96,45.4553
1564438440,90.99,90.94,90.94,90.99,35.67005
1564438500,91.03,90.98,90.98,91.02,94.76068
1564438560,91.05,90.98,91.01,91.01,48.17255
1564438620,91.04,90.96,91,91.04,16.06044
1564438680,91.1,90.97,91.01,91.1,171.86804
1564438740,91.09,91,91.09,91,44.6562
1564438800,91.11,90.96,90.99,91.1,37.19396
1564438860,91.11,91.05,91.11,91.1,30.48307
1564438920,91.11,91.1,91.1,91.11,1.57408
1564438980,91.08,91.04,91.08,91.07,0.82951
1564439040,91.11,91.06,91.07,91.09,14.94909
1564439100,91.11,91.07,91.08,91.07,17.10821
1564439160,91.07,91,91.07,91.02,53.12218
1564439220,91,90.95,90.98,90.96,42.75526
1564439280,91.05,90.97,90.97,91.05,31.17158
1564439340,91.05,91.02,91.05,91.02,1.08904
1564439400,91.05,90.97,91,90.97,19.17164
1564439460,91.03,90.97,90.97,91.03,5.8121
1564439520,91.04,90.99,91.03,91.04,40.03638
1564439580,91.1,91.04,91.04,91.08,275.12607
1564439640,91.11,91.05,91.08,91.05,41.49639
1564439700,91.09,91.06,91.06,91.06,1.70996
1564439760,91.15,91.11,91.11,91.15,5.52278
1564439820,91.15,91.11,91.11,91.14,36.46834
1564439880,91.17,91.13,91.17,91.16,38.4405
1564439940,91.17,91.1,91.15,91.17,35.21072
1564440000,91.18,91.16,91.17,91.18,3.07586
1564440060,91.27,91.16,91.18,91.27,184.48119
1564440120,91.39,91.21,91.24,91.3,452.16596
1564440180,91.3,91.22,91.29,91.22,8.80147
1564440240,91.25,91.21,91.22,91.21,37.71013
1564440300,91.25,91.23,91.23,91.24,35.87458
1564440360,91.24,91.17,91.23,91.24,48.77953
1564440420,91.27,91.2,91.22,91.22,17.41143
1564440480,91.29,91.22,91.23,91.29,8.19577
1564440540,91.33,91.24,91.29,91.29,246.74825
1564440600,91.34,91.28,91.29,91.3,52.62988
1564440660,91.36,91.21,91.32,91.31,377.85974
1564440720,91.35,91.26,91.29,91.26,63.05858
1564440780,91.53,91.27,91.27,91.51,435.0691
1564440840,91.54,91.41,91.53,91.49,294.35348
1564440900,91.49,91.25,91.49,91.32,251.89277
1564440960,91.35,91.22,91.28,91.31,334.30822
1564441020,91.32,91.22,91.31,91.29,32.4914
1564441080,91.34,91.25,91.29,91.34,7.35414
1564441140,91.29,91.2,91.29,91.24,130.70131
1564441200,91.35,91.17,91.23,91.3,95.43263
1564441260,91.33,91.26,91.3,91.31,110.71152
1564441320,91.29,91.26,91.29,91.27,18.9259
1564441380,91.31,91.26,91.29,91.31,79.64509
1564441440,91.33,91.19,91.32,91.28,182.87045
1564441500,91.28,91.16,91.24,91.16,56.56523
1564441560,91.22,91.14,91.19,91.15,69.31495
1564441620,91.16,91.04,91.14,91.05,246.71439
1564441680,91.08,91.04,91.05,91.06,26.80377
1564441740,91.19,91.1,91.1,91.15,24.46069
1564441800,91.14,91.08,91.13,91.08,2.66698
1564441860,91.15,91.05,91.1,91.06,66.04352
1564441920,91.12,91.06,91.06,91.12,11.80105
1564441980,91.12,91.1,91.12,91.1,42.95154
1564442040,91.14,91.1,91.1,91.13,25.01827
1564442100,91.14,91.11,91.14,91.12,31.77052
1564442160,91.23,91.11,91.11,91.18,180.53291
1564442220,91.15,91.07,91.15,91.11,82.92582
1564442280,91.12,91.06,91.08,91.06,111.68044
1564442340,91.1,91.05,91.06,91.05,73.68688
1564442400,91.05,91.02,91.03,91.05,9.61651
1564442460,91.06,90.94,91.03,90.97,100.73557
1564442520,90.99,90.9,90.93,90.97,104.37455
1564442580,90.96,90.91,90.96,90.94,93.16574
1564442640,90.92,90.92,90.92,90.92,0.21987
1564442700,90.95,90.92,90.93,90.94,128.40716
1564442760,90.99,90.94,90.94,90.99,44.55586
1564442820,90.99,90.92,90.98,90.93,30.16445
1564442880,90.94,90.93,90.94,90.93,26.54188
1564442940,90.93,90.81,90.92,90.87,77.72148
1564443000,90.9,90.84,90.85,90.86,55.58721
1564443060,90.9,90.77,90.86,90.77,257.73319
1564443120,90.78,90.7,90.78,90.72,216.88162
1564443180,90.71,90.56,90.71,90.58,142.33965
1564443240,90.6,90.55,90.59,90.6,5.63972
1564443300,90.65,90.56,90.59,90.64,233.05623
1564443360,90.72,90.64,90.64,90.68,277.72508
1564443420,90.89,90.64,90.69,90.84,435.54172
1564443480,90.83,90.78,90.83,90.82,92.62951
1564443540,90.8,90.65,90.8,90.7,234.75353
1564443600,90.75,90.68,90.7,90.68,109.2079
1564443660,90.72,90.67,90.68,90.69,104.80448
1564443720,90.72,90.61,90.66,90.62,284.23798
1564443780,90.68,90.55,90.6,90.58,248.90055
1564443840,90.57,90.36,90.57,90.43,586.78849
1564443900,90.49,90.33,90.41,90.47,339.18957
1564443960,90.46,90.31,90.46,90.36,65.59095
1564444020,90.39,90.29,90.34,90.37,328.34384
1564444080,90.37,90,90.37,90.25,683.27159
1564444140,90.36,89.86,90.25,90.35,712.14598
1564444200,90.88,90.23,90.36,90.49,718.90865
1564444260,90.54,90.39,90.52,90.43,329.54472
1564444320,90.63,90.4,90.41,90.54,199.50958
1564444380,90.53,90.4,90.53,90.45,64.12158
1564444440,90.61,90.38,90.44,90.58,52.92812
1564444500,90.65,90.48,90.58,90.48,72.01081
1564444560,90.52,90.4,90.48,90.5,48.91288
1564444620,90.46,90.37,90.46,90.39,55.57645
1564444680,90.46,90.32,90.4,90.42,225.21731
1564444740,90.49,90.26,90.42,90.33,111.97549
1564444800,90.47,90.31,90.33,90.43,129.77319
1564444860,90.73,90.44,90.44,90.63,450.44767
1564444920,90.65,90.57,90.59,90.65,16.91662
1564444980,90.63,90.56,90.63,90.61,33.26908
1564445040,90.94,90.62,90.62,90.93,156.81668
1564445100,90.99,90.72,90.93,90.72,286.69894
1564445160,90.96,90.73,90.78,90.96,117.67621
1564445220,90.94,90.85,90.93,90.87,25.23687
1564445280,90.93,90.9,90.9,90.93,22.1941
1564445340,90.95,90.89,90.89,90.93,78.19156
1564445400,90.98,90.9,90.93,90.9,69.2194
1564445460,90.99,90.9,90.93,90.92,31.62001
1564445520,90.88,90.78,90.88,90.79,139.75789
1564445580,90.83,90.81,90.81,90.82,5.03816
1564445640,90.92,90.82,90.82,90.89,92.66343
1564445700,90.89,90.82,90.89,90.86,10.54205
1564445760,90.86,90.78,90.86,90.8,20.2275
1564445820,90.81,90.73,90.78,90.73,70.25462
1564445880,90.82,90.73,90.73,90.74,95.9505
1564445940,90.81,90.77,90.77,90.8,7.20066
1564446000,90.84,90.79,90.81,90.81,1.66189
1564446060,90.86,90.74,90.85,90.74,41.21168
1564446120,90.75,90.68,90.74,90.71,159.8603
1564446180,90.74,90.72,90.72,90.74,7.33804
1564446240,90.82,90.74,90.74,90.8,13.91486
1564446300,90.81,90.77,90.77,90.77,2.35746
1564446360,90.8,90.73,90.75,90.73,26.3251
1564446420,90.71,90.62,90.71,90.64,58.70515
1564446480,90.73,90.63,90.63,90.73,26.31908
1564446540,90.73,90.61,90.73,90.61,8.88093
1564446600,90.6,90.55,90.59,90.55,71.99503
1564446660,90.59,90.43,90.56,90.53,69.62988
1564446720,90.52,90.41,90.48,90.41,57.64232
1564446780,90.48,90.45,90.46,90.45,3.02131
1564446840,90.48,90.42,90.45,90.45,32.19312
1564446900,90.47,90.43,90.46,90.47,75.22398
1564446960,90.65,90.45,90.51,90.56,99.84672
1564447020,90.53,90.44,90.53,90.46,33.49731
1564447080,90.51,90.38,90.47,90.43,124.12902
1564447140,90.42,90.42,90.42,90.42,23.81532
1564447200,90.47,90.41,90.41,90.45,4.87483
1564447260,90.49,90.41,90.43,90.48,182.74933
1564447320,90.51,90.43,90.48,90.48,1.47713
1564447380,90.53,90.42,90.44,90.51,193.85114
1564447440,90.58,90.48,90.51,90.58,59.80921
1564447500,90.66,90.52,90.6,90.53,41.06587
1564447560,90.52,90.47,90.49,90.49,6.28437
1564447620,90.53,90.44,90.5,90.53,21.98035
1564447680,90.53,90.47,90.51,90.5,13.8334
1564447740,90.58,90.44,90.49,90.58,18.10668
1564447800,90.6,90.5,90.56,90.51,37.08438
1564447860,90.54,90.51,90.51,90.54,66.65808
1564447920,90.52,90.46,90.52,90.51,59.28555
1564447980,90.5,90.39,90.49,90.42,81.19272
1564448040,90.4,90.37,90.4,90.37,1.11721
1564448100,90.43,90.36,90.36,90.42,73.24798
1564448160,90.48,90.39,90.4,90.48,6.28083
1564448220,90.49,90.46,90.46,90.48,16.814
1564448280,90.49,90.45,90.49,90.45,0.65193
1564448340,90.45,90.45,90.45,90.45,0
1564448400,90.51,90.38,90.45,90.41,51.93116
1564448460,90.47,90.36,90.43,90.41,99.11782
1564448520,90.46,90.37,90.41,90.38,177.43057
1564448580,90.43,90.38,90.38,90.43,4.01711
1564448640,90.42,90.42,90.42,90.42,3
1564448700,90.45,90.35,90.43,90.35,89.53
1564448760,90.34,90.22,90.34,90.22,206.78092
1564448820,90.27,90.22,90.24,90.25,5.88791
1564448880,90.27,90.22,90.25,90.23,37.53574
1564448940,90.29,90.24,90.24,90.26,22.23519
1564449000,90.26,90.23,90.26,90.23,13.16192
1564449060,90.25,90.21,90.25,90.22,1.30805
1564449120,90.21,90.09,90.2,90.14,110.04226
1564449180,90.14,90.1,90.12,90.1,90.9042
1564449240,90.13,90.02,90.11,90.06,81.62889
1564449300,90.04,89.96,90.03,89.98,728.80667
1564449360,90.18,89.99,89.99,90.18,25.1273
1564449420,90.28,90.18,90.18,90.24,93.70767
1564449480,90.23,90.22,90.22,90.23,2.85818
1564449540,90.23,90.12,90.21,90.12,81.73184
1564449600,90.17,90.1,90.13,90.1,28.32503
1564449660,90.13,90.06,90.11,90.09,57.80447
1564449720,90.17,90.09,90.09,90.16,8.0186
1564449780,90.15,90.1,90.15,90.14,70.54682
1564449840,90.13,89.97,90.13,89.99,129.03958
1564449900,89.96,89.76,89.96,89.8,310.86065
1564449960,89.87,89.8,89.8,89.84,157.87221
1564450020,89.85,89.65,89.85,89.74,276.57775
1564450080,89.73,89.72,89.72,89.72,8.5821
1564450140,89.72,89.67,89.72,89.69,32.39667
1564450200,89.73,89.6,89.69,89.71,253.48384
1564450260,89.82,89.71,89.71,89.78,175.71263
1564450320,89.8,89.69,89.79,89.69,14.5481
1564450380,89.71,89.64,89.71,89.64,57.5125
1564450440,89.72,89.65,89.65,89.72,9.21963
1564450500,89.8,89.72,89.72,89.76,146.16738
1564450560,89.77,89.7,89.77,89.7,34.43481
1564450620,89.91,89.69,89.7,89.87,70.45702
1564450680,89.93,89.87,89.88,89.88,4.36288
1564450740,89.92,89.89,89.91,89.91,23.11044
1564450800,89.93,89.86,89.93,89.92,7.12995
1564450860,89.89,89.85,89.89,89.89,22.03444
1564450920,89.92,89.87,89.91,89.87,0.85915
1564450980,89.97,89.91,89.91,89.96,26.51693
1564451040,90,89.96,89.96,90,54.00596
1564451100,90.01,89.89,90.01,89.92,3.29208
1564451160,89.89,89.81,89.89,89.83,9.5373
1564451220,89.93,89.83,89.83,89.93,82.61431
1564451280,89.97,89.95,89.95,89.97,5.10863
1564451340,89.99,89.89,89.97,89.95,14.34814
1564451400,89.96,89.93,89.96,89.93,12.26479
1564451460,89.93,89.8,89.93,89.83,85.11192
1564451520,89.89,89.83,89.84,89.87,159.88376
1564451580,89.9,89.87,89.87,89.89,3.55647
1564451640,89.86,89.77,89.86,89.79,3.30745
1564451700,89.79,89.62,89.79,89.65,221.27705
1564451760,89.75,89.56,89.68,89.74,355.54619
1564451820,89.75,89.59,89.73,89.59,54.71863
1564451880,89.71,89.6,89.6,89.71,37.18897
1564451940,89.86,89.67,89.67,89.74,124.44161
1564452000,89.75,89.4,89.74,89.58,709.47466
1564452060,89.62,89.43,89.59,89.49,145.36291
1564452120,89.5,89.27,89.48,89.28,465.62744
1564452180,89.37,89.14,89.28,89.33,449.3845
1564452240,89.45,89.22,89.35,89.45,130.39658
1564452300,89.49,89.36,89.42,89.49,134.26208
1564452360,89.51,89.39,89.5,89.43,215.38637
1564452420,89.61,89.44,89.44,89.57,129.39058
1564452480,89.67,89.57,89.57,89.67,58.34364
1564452540,89.64,89.54,89.63,89.54,45.00798
1564452600,89.56,89.51,89.54,89.54,1.07831
1564452660,89.53,89.51,89.53,89.52,10.70406
1564452720,89.51,89.41,89.51,89.43,116.12366
1564452780,89.59,89.43,89.43,89.54,217.54202
1564452840,89.61,89.53,89.61,89.58,1.99724
1564452900,89.69,89.55,89.55,89.66,230.11392
1564452960,89.75,89.62,89.66,89.66,92.531
1564453020,89.75,89.66,89.69,89.69,34.1851
1564453080,89.69,89.53,89.69,89.53,101.15406
1564453140,89.6,89.55,89.55,89.6,12.50748
1564453200,89.73,89.64,89.65,89.68,30.59769
1564453260,89.79,89.55,89.68,89.58,58.52662
1564453320,89.62,89.58,89.58,89.59,1.8008
1564453380,89.6,89.47,89.58,89.47,60.16159
1564453440,89.59,89.46,89.5,89.51,70.31562
1564453500,89.53,89.51,89.51,89.52,18.68688
1564453560,89.55,89.49,89.53,89.49,61.94936
1564453620,89.5,89.46,89.49,89.5,2.92338
1564453680,89.53,89.41,89.51,89.41,104.98892
1564453740,89.42,89.29,89.39,89.31,61.68648
1564453800,89.37,89.23,89.27,89.37,49.64066
1564453860,89.42,89.36,89.4,89.36,44.09161
1564453920,89.42,89.36,89.42,89.36,0.63144
1564453980,89.42,89.32,89.41,89.34,5.91842
1564454040,89.39,89.31,89.34,89.31,32.30882
1564454100,89.4,89.31,89.31,89.4,3.28236
1564454160,89.56,89.36,89.36,89.56,55.63924
1564454220,89.54,89.48,89.53,89.54,32.29507
1564454280,89.52,89.47,89.52,89.47,10.32453
1564454340,89.51,89.46,89.49,89.51,56.74292
1564454400,89.51,89.45,89.5,89.45,204.82041
1564454460,89.49,89.4,89.49,89.4,7.64712
1564454520,89.37,89.25,89.37,89.3,180.43117
1564454580,89.43,89.29,89.32,89.36,112.25462
1564454640,89.35,89.23,89.35,89.33,145.00881
1564454700,89.5,89.29,89.29,89.44,28.65187
1564454760,89.48,89.26,89.44,89.29,226.87921
1564454820,89.28,89.12,89.28,89.21,339.72124
1564454880,89.3,89.19,89.19,89.21,32.01602
1564454940,89.24,89.13,89.24,89.16,82.75199
1564455000,89.31,89.07,89.17,89.25,371.78099
1564455060,89.46,89.09,89.29,89.33,836.90542
1564455120,89.34,89.21,89.34,89.24,9.33074
1564455180,89.24,88.83,89.24,89.07,423.46494
1564455240,89.07,88.5,89.07,88.73,1892.0941
1564455300,88.98,88.64,88.74,88.98,179.36519
1564455360,89.2,88.86,88.98,89.13,231.04358
1564455420,89.41,89.09,89.14,89.22,165.25422
1564455480,89.29,89.14,89.22,89.29,479.31433
1564455540,89.2,88.8,89.19,88.96,499.52181
1564455600,89.07,88.91,88.98,88.93,60.76595
1564455660,89.02,88.89,88.9,88.97,98.92321
1564455720,89.17,89,89,89.11,155.04565
1564455780,89.02,88.81,89.02,88.9,197.55665
1564455840,88.92,88.68,88.9,88.91,172.4296
1564455900,88.91,88.83,88.86,88.91,10.64799
1564455960,88.91,88.71,88.91,88.77,15.8075
1564456020,88.81,88.63,88.75,88.81,219.9819
1564456080,88.78,88.65,88.77,88.68,75.04549
1564456140,88.93,88.65,88.68,88.83,171.50945
1564456200,89.18,88.85,88.85,88.98,529.19771
1564456260,89.05,88.93,88.97,89,30.95426
1564456320,89.17,89.04,89.04,89.14,58.93265
1564456380,89.19,89.11,89.16,89.11,70.42323
1564456440,89.27,89.16,89.19,89.25,43.97438
1564456500,89.28,89.18,89.28,89.21,14.1628
1564456560,89.26,89.14,89.21,89.14,33.76974
1564456620,89.2,89.07,89.2,89.07,94.355
1564456680,89.12,89.02,89.06,89.12,209.33485
1564456740,89.22,89.13,89.13,89.22,1.414
1564456800,89.33,89.22,89.22,89.33,65.55022
1564456860,89.39,89.23,89.34,89.23,182.02254
1564456920,89.25,89.1,89.25,89.13,13.2357
1564456980,89.22,89.09,89.13,89.2,5.57172
1564457040,89.21,89.03,89.21,89.07,109.08813
1564457100,89.1,89.03,89.1,89.05,33.87539
1564457160,89.17,89.07,89.09,89.09,26.63184
1564457220,89.31,89.14,89.14,89.31,180.37362
1564457280,89.33,89.2,89.27,89.33,49.59115
1564457340,89.44,89.2,89.35,89.23,139.53451
1564457400,89.25,89.15,89.23,89.15,38.02378
1564457460,89.17,89.1,89.15,89.12,93.99345
1564457520,89.26,89.14,89.14,89.23,14.77981
1564457580,89.28,89.22,89.23,89.25,2.58103
1564457640,89.28,89.23,89.25,89.27,18.05637
1564457700,89.27,89.19,89.27,89.23,10.1456
1564457760,89.23,89.19,89.23,89.2,24.83684
1564457820,89.24,89.12,89.2,89.24,20.82955
1564457880,89.28,89.2,89.22,89.23,28.20826
1564457940,89.23,89.09,89.23,89.12,39.23316
1564458000,89.13,89.06,89.12,89.08,34.59725
1564458060,89.1,89.03,89.06,89.08,86.20889
1564458120,89.17,89.14,89.14,89.17,1.11983
1564458180,89.17,89.14,89.17,89.15,35.2483
1564458240,89.17,89.16,89.16,89.17,0.86855
1564458300,89.22,89.14,89.22,89.17,6.2855
1564458360,89.17,89.14,89.17,89.14,2.66392
1564458420,89.16,89.09,89.14,89.11,10.73426
1564458480,89.14,89.03,89.14,89.06,56.7847
1564458540,89.14,89.06,89.06,89.14,26.96569
1564458600,89.15,89.15,89.15,89.15,0.22424
1564458660,89.12,89.05,89.12,89.05,3.35825
1564458720,89.1,89.09,89.09,89.1,0.68744
1564458780,89.13,89.1,89.11,89.1,118.573
1564458840,89.16,89.12,89.12,89.16,80.71219
1564458900,89.15,89.1,89.13,89.15,2.25853
1564458960,89.11,89.1,89.11,89.1,3.07706
1564459020,89.11,89.11,89.11,89.11,21.95051
1564459080,89.15,89.11,89.11,89.13,71.18569
1564459140,89.16,89.12,89.15,89.14,19.87364
1564459200,89.16,89.1,89.13,89.12,194.20848
1564459260,89.11,88.81,89.11,88.86,587.93311
1564459320,88.92,88.87,88.91,88.9,2.9306
1564459380,89.11,88.92,88.93,89.1,148.41053
1564459440,89.14,89.1,89.1,89.1,9.21436
1564459500,89.12,89.04,89.1,89.11,34.26249
1564459560,89.12,89.06,89.12,89.06,8.38644
1564459620,89.08,89.01,89.08,89.04,3.97361
1564459680,89.1,89.06,89.06,89.1,144.27582
1564459740,89.07,88.98,89.07,88.98,4.87592
1564459800,89.08,88.97,88.97,89.08,53.50227
1564459860,89.21,89.06,89.08,89.2,255.21006
1564459920,89.33,89.17,89.2,89.31,626.70625
1564459980,89.55,89.22,89.29,89.55,622.66852
1564460040,89.69,89.49,89.55,89.69,456.43412
1564460100,89.88,89.68,89.7,89.88,552.5183
1564460160,89.93,89.82,89.82,89.83,233.38228
1564460220,89.83,89.54,89.83,89.55,285.37529
1564460280,89.56,89.47,89.56,89.54,77.25652
1564460340,89.78,89.49,89.55,89.69,223.53366
1564460400,89.72,89.66,89.67,89.72,31.68947
1564460460,89.79,89.69,89.73,89.74,123.91743
1564460520,89.82,89.73,89.74,89.73,66.51295
1564460580,89.76,89.64,89.76,89.64,1.64426
1564460640,89.65,89.56,89.64,89.61,316.97521
1564460700,89.57,89.48,89.57,89.51,102.08658
1564460760,89.5,89.45,89.5,89.46,6.82454
1564460820,89.46,89.4,89.46,89.42,33.07636
1564460880,89.44,89.4,89.44,89.4,7.33991
1564460940,89.51,89.41,89.42,89.44,138.54843
1564461000,89.51,89.42,89.46,89.45,2.44661
1564461060,89.52,89.48,89.51,89.48,1.25856
1564461120,89.49,89.42,89.49,89.42,12.49809
1564461180,89.47,89.45,89.46,89.45,13.4233
1564461240,89.45,89.44,89.45,89.44,0.22352
1564461300,89.46,89.42,89.46,89.42,0.37025
1564461360,89.46,89.41,89.45,89.41,2.46722
1564461420,89.46,89.42,89.42,89.46,0.80425
1564461480,89.46,89.42,89.46,89.44,4.58302
1564461540,89.48,89.46,89.46,89.48,10.75387
1564461600,89.53,89.47,89.49,89.53,60.04319
1564461660,89.53,89.45,89.53,89.45,1.07504
1564461720,89.48,89.45,89.48,89.48,1.09475
1564461780,89.5,89.48,89.5,89.48,7.25661
1564461840,89.47,89.4,89.47,89.4,45.47109
1564461900,89.41,89.34,89.38,89.41,320.32791
1564461960,89.42,89.3,89.36,89.42,167.67401
1564462020,89.4,89.33,89.39,89.4,2.52514
1564462080,89.42,89.38,89.42,89.38,1.88736
1564462140,89.39,89.35,89.38,89.39,0.46089
1564462200,89.41,89.35,89.4,89.41,8.12236
1564462260,89.43,89.42,89.42,89.42,14.48709
1564462320,89.49,89.43,89.45,89.46,163.10896
1564462380,89.48,89.46,89.46,89.48,58.46079
1564462440,89.49,89.41,89.49,89.43,124.05002
1564462500,89.46,89.42,89.44,89.45,59.30547
1564462560,89.42,89.34,89.42,89.34,13.92565
1564462620,89.36,89.31,89.36,89.31,1.29674
1564462680,89.31,89.31,89.31,89.31,9.25864
1564462740,89.33,89.2,89.29,89.21,120.73001
1564462800,89.23,89.16,89.23,89.2,46.24565
1564462860,89.37,89.15,89.21,89.34,74.94376
1564462920,89.36,89.27,89.36,89.27,2.05689
1564462980,89.24,89.22,89.24,89.23,62.49985
1564463040,89.29,89.23,89.23,89.29,6.90163
1564463100,89.29,89.24,89.29,89.24,1.13682
1564463160,89.32,89.23,89.25,89.25,33.98409
1564463220,89.29,89.26,89.26,89.26,29.96093
1564463280,89.34,89.29,89.29,89.31,12.46808
1564463340,89.31,89.23,89.31,89.24,48.263
1564463400,89.24,89.17,89.22,89.22,50.11129
1564463460,89.18,89.12,89.18,89.12,21.01552
1564463520,89.21,89.14,89.17,89.18,11.61981
1564463580,89.18,89.18,89.18,89.18,0
1564463640,89.18,89.16,89.18,89.16,122.60948
1564463700,89.18,89.14,89.17,89.16,146.55718
1564463760,89.22,89.16,89.16,89.16,11.31967
1564463820,89.22,89.15,89.19,89.17,11.51838
1564463880,89.16,89.12,89.16,89.14,11.83619
1564463940,89.16,89.1,89.14,89.16,94.22081
1564464000,89.15,89.08,89.15,89.14,47.60822
1564464060,89.15,89.01,89.15,89.01,146.93677
1564464120,89.11,89.05,89.05,89.09,55.28969
1564464180,89.09,89.04,89.09,89.09,101.65961
1564464240,89.17,89.07,89.08,89.16,139.87253
1564464300,89.16,89.1,89.16,89.16,64.25451
1564464360,89.2,89.12,89.15,89.14,166.65417
1564464420,89.11,89,89.11,89.06,119.80347
1564464480,89.12,89.08,89.08,89.11,5.33039
1564464540,89.13,89.04,89.07,89.04,38.53574
1564464600,89.23,89.04,89.04,89.23,78.3378
1564464660,89.56,89.23,89.23,89.42,306.87296
1564464720,89.43,89.27,89.43,89.37,46.22255
1564464780,89.46,89.44,89.46,89.45,9.07656
1564464840,89.44,89.29,89.44,89.32,5.22492
1564464900,89.31,89.27,89.31,89.29,23.71701
1564464960,89.3,89.19,89.29,89.19,19.38443
1564465020,89.21,89.15,89.21,89.15,0.96276
1564465080,89.23,89.21,89.21,89.23,0.67314
1564465140,89.29,89.2,89.29,89.2,20.39053
1564465200,89.19,89.13,89.17,89.16,123.46919
1564465260,89.24,89.13,89.16,89.19,31.01346
1564465320,89.18,89.1,89.17,89.14,41.0058
1564465380,89.24,89.12,89.15,89.24,64.85421
1564465440,89.28,89.22,89.22,89.24,24.5868
1564465500,89.23,89.16,89.22,89.16,68.69327
1564465560,89.18,89.14,89.18,89.14,3.62014
1564465620,89.15,89.1,89.15,89.1,8.06541
1564465680,89.19,89.1,89.12,89.13,96.08324
1564465740,89.38,89.06,89.08,89.28,1323.80096
1564465800,89.35,89.27,89.29,89.33,28.65348
1564465860,89.34,89.22,89.33,89.22,86.28146
1564465920,89.22,89.14,89.22,89.15,22.55796
1564465980,89.27,89.18,89.18,89.25,8.40305
1564466040,89.31,89.27,89.28,89.28,24.41043
1564466100,89.39,89.31,89.31,89.36,19.19031
1564466160,89.46,89.35,89.36,89.45,21.77281
1564466220,89.41,89.26,89.41,89.31,43.04042
1564466280,89.34,89.3,89.3,89.34,5.71333
1564466340,89.3,89.3,89.3,89.3,0.22383
1564466400,89.58,89.29,89.29,89.47,150.84312
1564466460,89.56,89.42,89.51,89.48,425.49674
1564466520,89.67,89.49,89.49,89.6,247.54683
1564466580,89.62,89.48,89.62,89.54,99.96232
1564466640,89.58,89.51,89.51,89.57,58.73681
1564466700,89.69,89.51,89.57,89.61,561.17343
1564466760,89.63,89.57,89.57,89.63,42.46685
1564466820,89.62,89.55,89.62,89.56,12.8114
1564466880,89.9,89.56,89.56,89.89,343.26962
1564466940,89.91,89.7,89.91,89.77,152.87285
1564467000,89.84,89.69,89.82,89.69,9.6388
1564467060,89.7,89.51,89.67,89.64,185.68562
1564467120,89.7,89.57,89.62,89.64,42.01056
1564467180,89.62,89.48,89.61,89.55,73.22342
1564467240,89.64,89.59,89.64,89.59,3.44599
1564467300,89.62,89.55,89.59,89.62,72.85206
1564467360,89.63,89.58,89.62,89.6,19.75809
1564467420,89.64,89.59,89.6,89.64,14.8134
1564467480,89.64,89.64,89.64,89.64,0
1564467540,89.66,89.63,89.63,89.65,2.8686
1564467600,89.64,89.56,89.64,89.58,1.16083
1564467660,89.74,89.6,89.6,89.68,176.53902
1564467720,89.69,89.61,89.68,89.62,14.18945
1564467780,89.6,89.53,89.59,89.54,28.64428
1564467840,89.56,89.51,89.52,89.54,143.31619
1564467900,89.55,89.53,89.55,89.53,0.75403
1564467960,89.64,89.54,89.54,89.61,16.99458
1564468020,89.7,89.63,89.63,89.7,34.44654
1564468080,89.73,89.6,89.7,89.6,8.88084
1564468140,89.68,89.6,89.6,89.64,4.07784
1564468200,89.74,89.63,89.63,89.71,15.78545
1564468260,89.87,89.71,89.71,89.75,48.1956
1564468320,89.79,89.6,89.76,89.6,205.33605
1564468380,89.76,89.56,89.65,89.71,140.79508
1564468440,89.83,89.72,89.72,89.81,1.85263
1564468500,89.79,89.71,89.79,89.72,2.08515
1564468560,89.75,89.62,89.68,89.7,189.04125
1564468620,89.73,89.67,89.68,89.73,8.02419
1564468680,89.91,89.71,89.72,89.8,164.79191
1564468740,89.82,89.73,89.8,89.81,181.55573
1564468800,89.89,89.74,89.76,89.89,18.32003
1564468860,89.86,89.78,89.86,89.78,7.42172
1564468920,89.79,89.72,89.78,89.73,4.98138
1564468980,89.75,89.63,89.72,89.63,209.55093
1564469040,89.69,89.6,89.63,89.67,178.35749
1564469100,89.79,89.61,89.68,89.79,155.47631
1564469160,89.76,89.63,89.76,89.66,124.7044
1564469220,89.72,89.59,89.67,89.68,86.8672
1564469280,89.8,89.66,89.71,89.73,80.58212
1564469340,89.79,89.75,89.76,89.75,11.78869
1564469400,89.77,89.69,89.74,89.77,2.36332
1564469460,89.78,89.72,89.78,89.76,3.94558
1564469520,89.76,89.71,89.75,89.74,16.73345
1564469580,89.79,89.75,89.75,89.79,0.242
1564469640,89.78,89.78,89.78,89.78,0.2538
1564469700,89.81,89.75,89.75,89.81,38.56024
1564469760,89.77,89.73,89.77,89.73,0.44545
1564469820,89.68,89.65,89.68,89.65,2.003
1564469880,89.65,89.64,89.65,89.64,0.24849
1564469940,89.66,89.56,89.65,89.56,53.83379
1564470000,89.66,89.55,89.56,89.59,34.92202
1564470060,89.62,89.58,89.59,89.62,45.90089
1564470120,89.66,89.5,89.63,89.53,128.1848
1564470180,89.56,89.5,89.53,89.53,48.01715
1564470240,89.53,89.53,89.53,89.53,0.00333
1564470300,89.55,89.48,89.52,89.55,32.04943
1564470360,89.55,89.5,89.55,89.5,29.34169
1564470420,89.56,89.5,89.52,89.53,111.12859
1564470480,89.55,89.51,89.51,89.55,90.68118
1564470540,89.56,89.49,89.54,89.54,179.88864
1564470600,89.62,89.51,89.54,89.62,226.58325
1564470660,89.63,89.54,89.59,89.58,72.29513
1564470720,89.65,89.58,89.62,89.64,104.35073
1564470780,89.68,89.61,89.63,89.61,127.43591
1564470840,89.78,89.62,89.64,89.66,385.19631
1564470900,89.73,89.6,89.61,89.64,108.84063
1564470960,89.7,89.57,89.64,89.62,158.12063
1564471020,89.72,89.58,89.66,89.61,52.35489
1564471080,89.6,89.55,89.6,89.6,73.41539
1564471140,89.67,89.48,89.6,89.54,247.48989
1564471200,89.67,89.56,89.57,89.67,46.14764
1564471260,89.66,89.57,89.66,89.57,21.78016
1564471320,89.6,89.58,89.6,89.6,2.78127
1564471380,89.57,89.54,89.57,89.55,8.59687
1564471440,89.59,89.57,89.57,89.59,16.30444
1564471500,89.57,89.51,89.57,89.51,112.02967
1564471560,89.57,89.49,89.52,89.52,37.45271
1564471620,89.56,89.5,89.56,89.5,1.15181
1564471680,89.53,89.52,89.53,89.52,0.99631
1564471740,89.52,89.52,89.52,89.52,0
1564471800,89.51,89.46,89.48,89.47,8.73073
1564471860,89.46,89.41,89.43,89.41,2.77053
1564471920,89.45,89.39,89.41,89.42,85.53518
1564471980,89.45,89.44,89.44,89.45,52.68695
1564472040,89.59,89.47,89.47,89.59,59.37356
1564472100,89.59,89.55,89.55,89.59,108.27138
1564472160,89.58,89.46,89.58,89.46,26.18426
1564472220,89.5,89.45,89.5,89.49,0.86383
1564472280,89.57,89.49,89.49,89.5,20.53569
1564472340,89.5,89.49,89.49,89.5,6.97329
1564472400,89.52,89.49,89.51,89.52,2.39246
1564472460,89.58,89.53,89.56,89.54,34.44249
1564472520,89.59,89.54,89.56,89.54,3.19806
1564472580,89.59,89.58,89.58,89.59,2
1564472640,89.61,89.52,89.55,89.57,48.36114
1564472700,89.58,89.48,89.58,89.48,78.87174
1564472760,89.49,89.45,89.49,89.48,75.34032
1564472820,89.54,89.48,89.48,89.53,5.94856
1564472880,89.54,89.5,89.53,89.54,32.77243
1564472940,89.52,89.49,89.52,89.52,275.86133
1564473000,89.5,89.46,89.5,89.5,4.00978
1564473060,89.5,89.3,89.47,89.36,1107.25964
1564473120,89.4,89.31,89.36,89.35,139.90601
1564473180,89.38,89.32,89.35,89.38,13.27825
1564473240,89.39,89.35,89.39,89.35,6.25603
1564473300,89.38,89.3,89.36,89.32,27.78134
1564473360,89.34,89.26,89.33,89.27,375.27586
1564473420,89.34,89.29,89.29,89.3,117.81243
1564473480,89.32,89.3,89.32,89.32,151.943
1564473540,89.44,89.36,89.36,89.44,86.63598
1564473600,89.48,89.4,89.45,89.48,149.21479
1564473660,89.5,89.31,89.45,89.35,209.97239
1564473720,89.43,89.35,89.35,89.4,95.26538
1564473780,89.44,89.36,89.4,89.44,57.17241
1564473840,89.52,89.43,89.44,89.51,315.74238
1564473900,89.51,89.41,89.48,89.45,31.50882
1564473960,89.64,89.4,89.44,89.6,514.25121
1564474020,89.67,89.63,89.63,89.63,152.5791
1564474080,89.71,89.65,89.66,89.69,57.23914
1564474140,89.75,89.6,89.71,89.61,259.94268
1564474200,89.65,89.59,89.62,89.65,10.69165
1564474260,89.73,89.61,89.68,89.62,159.02441
1564474320,89.63,89.45,89.63,89.51,158.58016
1564474380,89.55,89.47,89.49,89.55,30.14946
1564474440,89.55,89.47,89.53,89.5,28.2552
1564474500,89.56,89.44,89.52,89.51,68.27104
1564474560,89.5,89.44,89.5,89.44,1.4041
1564474620,89.48,89.46,89.46,89.48,14.34354
1564474680,89.53,89.48,89.48,89.48,0.44717
1564474740,89.53,89.48,89.48,89.53,2.35379
1564474800,89.62,89.53,89.53,89.59,13.78036
1564474860,89.61,89.55,89.57,89.61,148.16493
1564474920,89.64,89.55,89.61,89.55,19.83335
1564474980,89.59,89.49,89.59,89.49,39.09492
1564475040,89.53,89.47,89.47,89.49,19.1448
1564475100,89.49,89.41,89.49,89.42,40.8911
1564475160,89.45,89.4,89.41,89.4,23.1732
1564475220,89.46,89.38,89.44,89.38,17.3634
1564475280,89.49,89.43,89.43,89.46,3.89455
1564475340,89.5,89.44,89.47,89.44,83.64585
1564475400,89.47,89.4,89.43,89.42,19.84805
1564475460,89.46,89.39,89.46,89.4,18.09044
1564475520,89.45,89.35,89.43,89.38,32.35496
1564475580,89.42,89.36,89.38,89.41,35.94196
1564475640,89.43,89.37,89.4,89.39,34.89914
1564475700,89.39,89.31,89.39,89.32,72.08463
1564475760,89.37,89.3,89.33,89.36,4.70853
1564475820,89.41,89.33,89.38,89.36,34.14123
1564475880,89.39,89.32,89.36,89.38,60.80744
1564475940,89.42,89.34,89.36,89.42,3.87478
1564476000,89.38,89.32,89.36,89.38,1.34527
1564476060,89.46,89.37,89.39,89.37,236.20708
1564476120,89.42,89.35,89.4,89.41,48.64364
1564476180,89.43,89.35,89.41,89.35,81.19557
1564476240,89.41,89.3,89.41,89.3,122.71353
1564476300,89.33,89.25,89.3,89.3,72.06877
1564476360,89.32,89.25,89.26,89.32,10.68212
1564476420,89.35,89.26,89.31,89.33,2.11553
1564476480,89.37,89.33,89.33,89.37,3.64486
1564476540,89.37,89.36,89.37,89.37,17.07074
1564476600,89.42,89.3,89.35,89.3,135.31115
1564476660,89.29,89.2,89.28,89.22,134.72078
1564476720,89.23,89.15,89.22,89.21,337.41042
1564476780,89.18,89.14,89.16,89.18,81.41669
1564476840,89.61,89.19,89.19,89.59,804.92098
1564476900,89.58,89.46,89.58,89.5,4.79354
1564476960,89.53,89.26,89.46,89.47,278.40497
1564477020,89.5,89.42,89.42,89.49,31.07806
1564477080,89.49,89.42,89.48,89.45,19.9802
1564477140,89.49,89.44,89.49,89.48,12.55138
1564477200,89.49,89.39,89.46,89.39,6.71578
1564477260,89.45,89.4,89.43,89.43,16.1844
1564477320,89.41,89.16,89.41,89.2,104.74521
1564477380,89.17,89.03,89.16,89.05,401.85729
1564477440,89.17,89,89.06,89.17,216.41485
1564477500,89.29,89.2,89.2,89.26,57.75893
1564477560,89.28,89.12,89.28,89.16,28.70516
1564477620,89.22,89.13,89.2,89.16,2.4268
1564477680,89.23,89.19,89.22,89.19,28.68963
1564477740,89.23,89.2,89.2,89.23,1.17457
1564477800,89.35,89.23,89.23,89.24,105.07407
1564477860,89.26,89.19,89.22,89.23,52.22951
1564477920,89.27,89.23,89.27,89.27,54.64344
1564477980,89.27,89.24,89.27,89.25,7.58396
1564478040,89.24,89.13,89.24,89.17,44.23551
1564478100,89.16,89.16,89.16,89.16,0.145
1564478160,89.25,89.18,89.18,89.25,13.01867
1564478220,89.25,89.22,89.24,89.25,0.55906
1564478280,89.24,89.24,89.24,89.24,0.67234
1564478340,89.26,89.24,89.24,89.26,3.74128
1564478400,89.33,89.27,89.28,89.33,14.19083
1564478460,89.36,89.33,89.33,89.35,8.09629
1564478520,89.41,89.34,89.36,89.36,88.33257
1564478580,89.38,89.36,89.36,89.37,1.19871
1564478640,89.36,89.36,89.36,89.36,0.44746
1564478700,89.37,89.36,89.37,89.37,42.8041
1564478760,89.37,89.29,89.37,89.29,27.9224
1564478820,89.35,89.3,89.34,89.3,1.00136
1564478880,89.29,89.25,89.29,89.25,61.43409
1564478940,89.31,89.24,89.25,89.3,37.12959
1564479000,89.33,89.3,89.3,89.3,11.98993
1564479060,89.31,89.23,89.29,89.28,193.14173
1564479120,89.32,89.24,89.28,89.32,14.58047
1564479180,89.34,89.26,89.3,89.26,55.41461
1564479240,89.26,89.18,89.26,89.18,57.68044
1564479300,89.19,89.17,89.17,89.19,5.2409
1564479360,89.23,89.14,89.19,89.23,23.11537
1564479420,89.2,89.19,89.2,89.19,0.60223
1564479480,89.22,89.2,89.2,89.22,11.45013
1564479540,89.22,89.2,89.22,89.21,36.46991
1564479600,89.21,89.15,89.21,89.19,59.31115
1564479660,89.22,89.15,89.19,89.17,19.52385
1564479720,89.21,89.16,89.18,89.21,19.09602
1564479780,89.21,89.12,89.2,89.14,96.99309
1564479840,89.19,89.14,89.14,89.18,136.65454
1564479900,89.27,89.16,89.18,89.27,102.17406
1564479960,89.29,89.19,89.27,89.27,39.30912
1564480020,89.28,89.22,89.26,89.25,37.23927
1564480080,89.3,89.26,89.29,89.3,15.20016
1564480140,89.3,89.26,89.26,89.3,22.63198
1564480200,89.28,89.24,89.26,89.27,12.75505
1564480260,89.25,89.22,89.25,89.22,1.29034
1564480320,89.32,89.24,89.25,89.31,32.59887
1564480380,89.35,89.29,89.31,89.33,31.9061
1564480440,89.35,89.18,89.35,89.22,346.53922
1564480500,89.25,89.18,89.23,89.18,34.47848
1564480560,89.39,89.2,89.21,89.32,77.40829
1564480620,89.37,89.31,89.33,89.37,2.9279
1564480680,89.3,89.17,89.3,89.21,8.11791
1564480740,89.24,89.22,89.22,89.24,13.66214
1564480800,89.28,89.21,89.25,89.25,22.42108
1564480860,89.3,89.23,89.27,89.26,15.87699
1564480920,89.33,89.25,89.27,89.27,22.62967
1564480980,89.33,89.3,89.31,89.32,6.58266
1564481040,89.35,89.3,89.3,89.35,24.94791
1564481100,89.37,89.33,89.35,89.37,22.51822
1564481160,89.46,89.34,89.35,89.44,148.33401
1564481220,89.52,89.43,89.45,89.5,149.77061
1564481280,89.53,89.38,89.51,89.38,182.18384
1564481340,89.41,89.38,89.38,89.41,21.16751
1564481400,89.48,89.39,89.42,89.46,29.36084
1564481460,89.49,89.45,89.47,89.45,6.1691
1564481520,89.47,89.38,89.47,89.38,74.71407
1564481580,89.43,89.33,89.38,89.33,95.4633
1564481640,89.48,89.33,89.36,89.43,235.20229
1564481700,89.45,89.4,89.44,89.44,17.70008
1564481760,89.46,89.4,89.4,89.43,41.42411
1564481820,89.48,89.43,89.46,89.46,3.73503
1564481880,89.51,89.51,89.51,89.51,15.56528
1564481940,89.58,89.52,89.53,89.55,51.87183
1564482000,89.73,89.55,89.55,89.67,82.58798
1564482060,89.7,89.65,89.67,89.67,58.35337
1564482120,89.64,89.58,89.64,89.6,48.36751
1564482180,89.6,89.58,89.6,89.59,17.61359
1564482240,89.57,89.57,89.57,89.57,10
1564482300,89.67,89.57,89.57,89.62,587.43708
1564482360,89.71,89.59,89.65,89.69,530.57607
1564482420,89.69,89.62,89.68,89.69,21.44227
1564482480,89.7,89.65,89.7,89.65,51.35132
1564482540,89.66,89.6,89.66,89.6,46.18843
1564482600,89.88,89.63,89.63,89.83,387.16728
1564482660,89.91,89.84,89.84,89.9,156.43835
1564482720,89.91,89.83,89.9,89.85,92.57303
1564482780,89.92,89.85,89.85,89.92,18.3776
1564482840,89.92,89.77,89.92,89.81,35.4494
1564482900,89.83,89.78,89.8,89.81,18.92247
1564482960,89.95,89.78,89.79,89.91,39.67104
1564483020,89.98,89.9,89.91,89.93,77.195
1564483080,89.92,89.78,89.92,89.79,37.98078
1564483140,89.79,89.74,89.78,89.78,143.03861
1564483200,89.81,89.74,89.74,89.8,222.7525
1564483260,89.85,89.8,89.84,89.8,33.61867
1564483320,89.79,89.65,89.77,89.7,139.08142
1564483380,89.7,89.6,89.7,89.65,37.03905
1564483440,89.69,89.61,89.69,89.61,22.469
1564483500,89.63,89.57,89.6,89.63,38.00927
1564483560,89.69,89.59,89.63,89.65,23.04163
1564483620,89.72,89.62,89.7,89.68,51.12405
1564483680,89.73,89.64,89.69,89.73,33.17947
1564483740,89.71,89.49,89.71,89.56,107.47534
1564483800,89.57,89.47,89.56,89.49,101.80092
1564483860,89.62,89.47,89.5,89.61,24.93382
1564483920,89.77,89.62,89.62,89.77,51.53685
1564483980,89.91,89.76,89.77,89.91,86.87329
1564484040,89.96,89.8,89.91,89.86,172.24862
1564484100,89.87,89.81,89.87,89.86,25.27587
1564484160,89.9,89.83,89.83,89.86,7.12927
1564484220,90,89.86,89.87,89.96,387.70631
1564484280,90.04,89.95,89.98,90,79.62023
1564484340,90.03,89.96,89.98,90.03,3.25782
1564484400,90.03,89.98,90.01,90.02,145.77013
1564484460,90.05,90,90.02,90.03,130.72166
1564484520,90.04,89.98,90.01,90.04,16.94647
1564484580,90.19,89.98,90.04,90.17,324.63495
1564484640,90.27,90.12,90.14,90.18,110.59272
1564484700,90.37,90.19,90.19,90.37,268.27947
1564484760,90.49,90.25,90.33,90.44,1525.72245
1564484820,90.6,90.39,90.39,90.6,348.99238
1564484880,90.96,90.59,90.61,90.79,1300.50026
1564484940,90.95,90.66,90.85,90.68,1134.14567
1564485000,90.82,90.43,90.7,90.51,617.73336
1564485060,90.5,90.33,90.47,90.4,297.21867
1564485120,90.62,90.41,90.43,90.5,358.14808
1564485180,90.64,90.22,90.55,90.28,346.53553
1564485240,90.34,90,90.28,90.24,361.56059
1564485300,90.32,90.08,90.25,90.14,381.00618
1564485360,90.29,90.08,90.16,90.23,246.9636
1564485420,90.21,90.02,90.21,90.06,165.0382
1564485480,90.13,89.97,90.07,90,246.68911
1564485540,90.06,89.98,90,90.05,128.56206
1564485600,90.22,89.99,90.07,90.12,139.41049
1564485660,90.33,90.15,90.16,90.23,106.77282
1564485720,90.24,90.03,90.24,90.04,62.82349
1564485780,90.24,90.06,90.06,90.17,36.27687
1564485840,90.23,90.16,90.16,90.23,35.06141
1564485900,90.24,90.13,90.24,90.16,7.0968
1564485960,90.25,90.11,90.17,90.11,15.66718
1564486020,90.22,90.11,90.13,90.19,13.27436
1564486080,90.26,90.19,90.25,90.19,142.29885
1564486140,90.43,90.21,90.21,90.39,146.75293
1564486200,90.38,90.16,90.35,90.16,220.8618
1564486260,90.27,90.15,90.23,90.22,74.46628
1564486320,90.25,90.19,90.23,90.19,29.82346
1564486380,90.24,90.18,90.21,90.18,18.01749
1564486440,90.24,90.15,90.19,90.24,39.68851
1564486500,90.42,90.24,90.24,90.38,30.99222
1564486560,90.51,90.36,90.39,90.41,59.7719
1564486620,90.5,90.32,90.44,90.33,104.99463
1564486680,90.39,90.32,90.33,90.38,29.31333
1564486740,90.66,90.39,90.41,90.44,381.40336
1564486800,90.58,90.34,90.43,90.52,176.37167
1564486860,90.72,90.48,90.5,90.72,95.60758
1564486920,90.75,90.28,90.74,90.36,386.02302
1564486980,90.43,90.3,90.36,90.33,109.61218
1564487040,90.36,90.24,90.32,90.32,70.53776
1564487100,90.32,90.23,90.32,90.26,62.43984
1564487160,90.38,90.17,90.25,90.38,72.4864
1564487220,90.38,90.31,90.38,90.35,19.79016
1564487280,90.46,90.33,90.33,90.39,25.04413
1564487340,90.48,90.34,90.45,90.38,121.82999
1564487400,90.42,90.33,90.38,90.36,225.78475
1564487460,90.46,90.29,90.34,90.42,309.97712
1564487520,90.43,90.32,90.43,90.37,48.68299
1564487580,90.35,90.3,90.34,90.3,30.69352
1564487640,90.37,90.33,90.33,90.36,6.24314
1564487700,90.49,90.32,90.36,90.44,159.60571
1564487760,90.44,90.4,90.43,90.4,14.2238
1564487820,90.42,90.29,90.42,90.35,62.11435
1564487880,90.3,90.19,90.29,90.2,17.00907
1564487940,90.23,90.1,90.21,90.14,134.9456
1564488000,90.36,90.13,90.13,90.36,164.17294
1564488060,90.39,90.27,90.32,90.31,34.35819
1564488120,90.66,90.29,90.3,90.58,900.55043
1564488180,90.71,90.46,90.57,90.62,1197.45543
1564488240,90.65,90.45,90.54,90.55,186.38401
1564488300,90.58,90.39,90.53,90.42,111.96778
1564488360,90.49,90.26,90.43,90.33,142.68381
1564488420,90.49,90.33,90.35,90.44,25.47863
1564488480,90.46,90.32,90.46,90.36,91.13586
1564488540,90.38,90.24,90.37,90.24,210.24023
1564488600,90.29,90.19,90.27,90.25,151.11615
1564488660,90.23,90.19,90.22,90.19,18.00082
1564488720,90.35,90.17,90.21,90.34,130.49443
1564488780,90.45,90.27,90.36,90.27,109.94902
1564488840,90.41,90.27,90.27,90.38,570.79707
1564488900,90.48,90.31,90.38,90.46,52.00275
1564488960,90.56,90.41,90.46,90.45,53.51013
1564489020,90.46,90.38,90.46,90.4,99.94232
1564489080,90.39,90.32,90.39,90.37,19.38303
1564489140,90.53,90.42,90.42,90.49,85.23706
1564489200,90.52,90.47,90.49,90.51,32.55772
1564489260,90.58,90.45,90.49,90.51,49.18092
1564489320,90.57,90.51,90.51,90.57,10.02888
1564489380,90.57,90.5,90.53,90.5,18.5429
1564489440,90.6,90.49,90.49,90.6,44.64192
1564489500,90.65,90.53,90.59,90.58,58.26645
1564489560,90.67,90.44,90.63,90.44,98.80383
1564489620,90.53,90.39,90.44,90.45,35.09094
1564489680,90.66,90.5,90.53,90.6,140.75758
1564489740,90.67,90.58,90.58,90.64,66.56889
1564489800,90.88,90.59,90.62,90.88,602.0016
1564489860,90.88,90.61,90.88,90.61,688.83582
1564489920,90.73,90.47,90.61,90.66,255.70034
1564489980,90.71,90.54,90.58,90.65,37.8871
1564490040,90.6,90.44,90.6,90.49,248.05467
1564490100,90.53,90.43,90.5,90.43,81.65879
1564490160,90.65,90.46,90.49,90.61,339.69321
1564490220,90.67,90.43,90.64,90.48,12.28752
1564490280,90.6,90.44,90.48,90.44,99.30271
1564490340,90.49,90.36,90.49,90.37,186.73537
1564490400,90.46,90.38,90.38,90.45,12.19813
1564490460,90.46,90.3,90.45,90.33,111.56778
1564490520,90.48,90.34,90.34,90.45,86.8615
1564490580,90.46,90.43,90.45,90.45,78.48139
1564490640,90.47,90.38,90.44,90.47,39.88192
1564490700,90.48,90.36,90.48,90.37,53.31889
1564490760,90.44,90.31,90.37,90.33,115.94889
1564490820,90.42,90.31,90.34,90.39,210.29061
1564490880,90.45,90.37,90.4,90.45,132.01999
1564490940,90.5,90.38,90.45,90.44,31.2744
1564491000,90.44,90.37,90.42,90.37,112.94036
1564491060,90.32,90.26,90.31,90.29,76.60755
1564491120,90.34,90.28,90.29,90.28,173.97496
1564491180,90.34,90.27,90.27,90.34,17.00544
1564491240,90.29,90.29,90.29,90.29,0.22136
1564491300,90.26,90.21,90.21,90.21,3.04052
1564491360,90.28,90.16,90.26,90.16,59.98538
1564491420,90.2,90.1,90.17,90.12,86.30999
1564491480,90.19,90.11,90.12,90.15,54.61951
1564491540,90.15,90.02,90.15,90.05,32.48229
1564491600,90.22,90.06,90.08,90.22,169.9421
1564491660,90.23,90.18,90.22,90.18,5.87586
1564491720,90.27,90.19,90.23,90.19,2.10481
1564491780,90.2,90.11,90.18,90.2,46.63739
1564491840,90.33,90.25,90.26,90.33,20.31454
1564491900,90.32,90.24,90.32,90.24,100.63709
1564491960,90.21,90.11,90.2,90.13,80.18775
1564492020,90.16,90.05,90.16,90.13,61.08705
1564492080,90.09,89.9,90.08,89.92,254.29798
1564492140,90.11,89.89,89.91,90.11,135.47989
1564492200,90.22,90.07,90.12,90.22,44.9909
1564492260,90.23,90.14,90.2,90.16,10.6132
1564492320,90.17,90.1,90.16,90.17,19.99962
1564492380,90.32,90.19,90.19,90.25,149.5132
1564492440,90.3,90.27,90.27,90.27,100.66429
1564492500,90.26,90.23,90.26,90.23,0.68123
1564492560,90.27,90.15,90.27,90.15,14.47376
1564492620,90.16,90,90.16,90.06,94.67878
1564492680,90.1,90.04,90.09,90.09,21.17306
1564492740,90.24,90.13,90.13,90.24,47.21278
1564492800,90.27,90.21,90.21,90.21,27.25851
1564492860,90.19,90.04,90.19,90.04,3.14821
1564492920,90.11,89.95,90.11,90.02,78.53034
1564492980,90.11,90.07,90.07,90.11,30.17382
1564493040,90.11,90.02,90.09,90.02,10.66214
1564493100,90.03,89.96,90.03,89.96,58.56343
1564493160,90.11,89.94,89.98,90.03,149.54377
1564493220,90.02,90,90.02,90,0.74168
1564493280,90.06,90.02,90.02,90.03,25.87901
1564493340,90.04,89.96,90.04,90.02,152.95561
1564493400,90.07,89.97,90.02,90.05,103.0707
1564493460,90.09,90.01,90.01,90.05,18.49476
1564493520,90.12,90.07,90.07,90.11,4.25304
1564493580,90.24,90.06,90.08,90.21,57.16234
1564493640,90.27,90.21,90.24,90.25,42.60733
1564493700,90.22,90.03,90.22,90.07,125.21385
1564493760,90.11,90.07,90.11,90.07,15.8349
1564493820,90.2,90.06,90.07,90.19,59.42144
1564493880,90.21,90.18,90.19,90.21,5.98494
1564493940,90.18,90.15,90.18,90.15,11.58885
1564494000,90.13,90.05,90.13,90.05,92.4772
1564494060,90.1,90.01,90.03,90.06,22.79766
1564494120,90.1,90.06,90.09,90.09,7.45194
1564494180,90.1,90.04,90.06,90.06,4.42205
1564494240,90.07,90,90.06,90.01,20.71407
1564494300,89.99,89.94,89.99,89.96,110.95062
1564494360,90.1,89.93,89.96,90.1,138.78196
1564494420,90.14,90.1,90.1,90.14,7.64274
1564494480,90.15,90.11,90.12,90.14,285.03229
1564494540,90.16,90.11,90.14,90.11,4.65153
1564494600,90.21,90.11,90.11,90.21,54.59843
1564494660,90.19,90.14,90.18,90.15,6.01114
1564494720,90.13,90.1,90.1,90.13,1.79721
1564494780,90.16,90.11,90.14,90.15,211.75399
1564494840,90.2,90.11,90.14,90.2,48.81283
1564494900,90.18,90.12,90.17,90.13,65.71946
1564494960,90.15,90.11,90.12,90.12,264.49582
1564495020,90.12,90.05,90.12,90.09,53.62192
1564495080,90.16,90.09,90.09,90.16,49.11522
1564495140,90.14,90.05,90.14,90.07,1.76762
1564495200,90.27,90.06,90.06,90.26,329.81424
1564495260,90.46,90.25,90.25,90.32,216.28964
1564495320,90.35,90.17,90.34,90.23,977.47853
1564495380,90.23,90.12,90.2,90.2,38.3819
1564495440,90.29,90.23,90.23,90.28,22.13291
1564495500,90.26,90.21,90.26,90.26,5.78857
1564495560,90.28,90.21,90.23,90.22,97.3489
1564495620,90.27,90.17,90.26,90.17,23.30666
1564495680,90.25,90.22,90.23,90.24,12.71344
1564495740,90.24,90.18,90.24,90.18,20.28456
1564495800,90.2,90.13,90.16,90.14,33.41704
1564495860,90.31,90.12,90.12,90.25,86.4721
1564495920,90.31,90.17,90.26,90.17,24.91544
1564495980,90.19,90.15,90.19,90.15,53.29755
1564496040,90.28,90.16,90.18,90.26,10.87138
1564496100,90.27,90.15,90.27,90.15,42.49051
1564496160,90.15,90.08,90.14,90.08,111.39145
1564496220,90.19,90.06,90.09,90.18,133.74756
1564496280,90.22,90.17,90.22,90.17,1.95935
1564496340,90.27,90.17,90.17,90.26,14.94492
1564496400,90.28,90.2,90.28,90.2,19.65941
1564496460,90.27,90.19,90.19,90.26,22.79979
1564496520,90.29,90.19,90.25,90.27,84.32394
1564496580,90.3,90.25,90.27,90.29,92.62932
1564496640,90.38,90.3,90.3,90.37,37.91061
1564496700,90.43,90.36,90.36,90.43,403.58346
1564496760,90.44,90.39,90.43,90.42,96.20865
1564496820,90.47,90.4,90.42,90.47,62.59408
1564496880,90.55,90.47,90.47,90.51,226.56736
1564496940,90.52,90.45,90.5,90.47,421.49065
1564497000,90.64,90.49,90.49,90.6,240.89946
1564497060,90.66,90.56,90.62,90.62,192.28803
1564497120,90.69,90.56,90.63,90.64,286.0835
1564497180,90.63,90.59,90.61,90.62,40.75423
1564497240,90.7,90.58,90.62,90.58,188.298
1564497300,90.62,90.56,90.6,90.59,114.50783
1564497360,90.62,90.57,90.57,90.57,49.47875
1564497420,90.59,90.41,90.59,90.43,234.26669
1564497480,90.51,90.36,90.44,90.5,132.53613
1564497540,90.51,90.49,90.5,90.5,32.42296
1564497600,90.58,90.5,90.51,90.5,33.15882
1564497660,90.52,90.48,90.5,90.52,24.86324
1564497720,90.52,90.48,90.52,90.51,61.42857
1564497780,90.53,90.46,90.51,90.46,92.90031
1564497840,90.5,90.44,90.5,90.45,16.18812
1564497900,90.45,90.4,90.45,90.43,42.02881
1564497960,90.46,90.38,90.4,90.44,64.84843
1564498020,90.46,90.42,90.43,90.42,68.81944
1564498080,90.45,90.42,90.42,90.45,206.35743
1564498140,90.46,90.36,90.45,90.36,668.8643
1564498200,90.36,90.27,90.36,90.3,194.87393
1564498260,90.31,90.2,90.31,90.22,41.0571
1564498320,90.27,90.22,90.26,90.25,11.43352
1564498380,90.33,90.25,90.25,90.25,95.15638
1564498440,90.32,90.25,90.3,90.29,24.92634
1564498500,90.31,90.27,90.31,90.27,10.5008
1564498560,90.33,90.27,90.28,90.27,65.24511
1564498620,90.29,90.24,90.29,90.24,26.76367
1564498680,90.34,90.26,90.26,90.34,73.69831
1564498740,90.34,90.31,90.33,90.33,23.18836
1564498800,90.5,90.32,90.33,90.5,173.23464
1564498860,90.67,90.47,90.51,90.54,230.89298
1564498920,90.54,90.4,90.54,90.48,213.75767
1564498980,90.49,90.46,90.48,90.49,5.88295
1564499040,90.45,90.4,90.45,90.42,42.26363
1564499100,90.46,90.42,90.44,90.46,20.99792
1564499160,90.58,90.48,90.48,90.54,66.05944
1564499220,90.65,90.49,90.54,90.64,249.08873
1564499280,90.63,90.44,90.63,90.44,100.41292
1564499340,90.51,90.46,90.5,90.48,22.86447
1564499400,90.64,90.49,90.49,90.63,72.25981
1564499460,90.7,90.66,90.66,90.67,71.29428
1564499520,90.7,90.53,90.67,90.54,84.14922
1564499580,90.65,90.53,90.53,90.65,33.19862
1564499640,91.1,90.65,90.66,91.08,761.68646
1564499700,91.2,90.85,91.08,91.12,1118.66739
1564499760,92.38,91.08,91.14,91.96,4923.06326
1564499820,92.29,91.83,91.85,92.25,2043.78637
1564499880,92.32,91.99,92.15,92.15,1314.38746
1564499940,92.71,92.07,92.12,92.32,2329.94964
1564500000,92.41,91.92,92.32,92.12,1057.10471
1564500060,92.25,91.88,92.14,91.92,430.5187
1564500120,92.05,91.84,91.95,92.05,1313.20726
1564500180,92.16,91.88,92.06,91.92,931.41076
1564500240,92.18,91.87,91.88,92,2754.89277
1564500300,92,91.81,91.97,91.89,619.13545
1564500360,92.03,91.86,91.89,91.9,255.27728
1564500420,91.92,91.81,91.87,91.82,308.72747
1564500480,92,91.78,91.82,91.88,731.92519
1564500540,91.88,91.78,91.88,91.79,337.99544
1564500600,92.06,91.77,91.77,92.04,456.83109
1564500660,92.04,91.93,92.04,91.97,617.59725
1564500720,92,91.81,91.95,91.92,172.9946
1564500780,92.04,91.89,91.94,91.9,242.01056
1564500840,91.99,91.83,91.93,91.86,394.86673
1564500900,91.94,91.85,91.86,91.86,163.63873
1564500960,91.93,91.84,91.87,91.91,217.36377
1564501020,91.96,91.82,91.86,91.88,240.96559
1564501080,91.95,91.78,91.87,91.8,224.10436
1564501140,91.92,91.8,91.87,91.85,188.24035
1564501200,91.83,91.58,91.83,91.66,1006.46124
1564501260,91.67,91.46,91.65,91.52,133.06969
1564501320,91.65,91.48,91.5,91.65,393.22172
1564501380,91.64,91.37,91.64,91.37,472.74761
1564501440,91.46,91.34,91.36,91.44,705.003
1564501500,91.45,91.38,91.43,91.4,263.19514
1564501560,91.45,91.34,91.39,91.45,229.34808
1564501620,91.43,91.22,91.43,91.26,292.82626
1564501680,91.34,91.07,91.25,91.34,576.1553
1564501740,91.4,91.28,91.34,91.29,364.37687
1564501800,91.35,91.27,91.32,91.35,272.71964
1564501860,91.55,91.32,91.32,91.44,404.24198
1564501920,91.62,91.44,91.44,91.62,317.26251
1564501980,91.71,91.61,91.61,91.69,132.77937
1564502040,91.73,91.49,91.71,91.55,327.20039
1564502100,91.62,91.5,91.54,91.62,77.41672
1564502160,91.68,91.57,91.59,91.66,165.93977
1564502220,91.76,91.6,91.66,91.76,100.52277
1564502280,91.76,91.65,91.76,91.65,114.25191
1564502340,91.75,91.65,91.66,91.71,160.958
